method,frame,round,rate_requested_pps,bitrate_requested_gbps,delay_ns,gen_threads,duration_s,point_wall_s,packets_sent,packets_accepted_by_veth,rejected_by_ingress_queue,packets_received_by_xdp,tail_call_miss,sent_pps,rx_pps,bitrate_sent_bps,bitrate_sent_gbps,bitrate_sent_l1_gbps,rx_gbps,loss_before_xdp,lost_between_veth_and_xdp,loss_before_xdp_pct,rejected_pct,reference,gen_limited,gen_burst,packets_forwarded,forwarded_pps,forwarded_gbps,packets_lost,loss_in_pipeline,loss_in_pipeline_pct,loss_total_pct,pipeline_hit,pipeline_miss,pipeline_drop,not_forwarded_by_decision,decision_pct,loss_after_xdp,loss_after_xdp_pct,unaccounted_in_pipeline,e2e_samples,e2e_sample_every,e2e_spin_correction_us,e2e_over_range,e2e_negative,e2e_no_stamp,e2e_percentile_clipped,e2e_latency_p50_us,e2e_latency_p90_us,e2e_latency_p99_us,e2e_latency_mean_us,e2e_latency_min_us,e2e_latency_max_us,e2e_latency_p50_raw_us,host_throttle_core,host_throttle_pkg,host_pkg_temp_c,host_dut_temp_c,host_dut_busy_pct,host_dut_mhz,host_smi,host_powerclamp,host_on_ac,host_off_target,host_disturbed
rxonly,64,1,220000,0.1126,13636,3,0.3003,0.441,66085,66085,0,66075,66075,220032,219998,112656437,0.1127,0.1549,0.1126,10,10,0.015,0.0,True,False,False,,,,,,,,,,,,,,,,0,4,12.909,0,0,0,False,,,,,,,,0,0,52.0,53.0,20.6,3497,0,0,True,False,False
baseline,64,1,220000,0.1126,13636,3,0.3004,0.543,66102,66102,0,66078,0,220048,219968,112664665,0.1127,0.1549,0.1126,24,24,0.036,0.0,False,False,False,66087,219998,0.1126,15,-9,-0.014,0.023,66075,0,0,0,0.0,-12,-0.018,3,16538,4,12.681,0,0,0,False,9.32,9.32,29.32,9.33,0.0,107.32,22.0,0,0,52.0,53.0,22.1,3496,0,0,True,False,False
p1_static,64,1,220000,0.1126,13636,3,0.3004,0.546,66084,66084,0,66078,0,219993,219973,112636562,0.1126,0.1549,0.1126,6,6,0.009,0.0,False,False,False,66078,219973,0.1126,6,0,0.0,0.009,66078,0,0,0,0.0,0,0.0,0,16542,4,12.908,0,0,0,False,9.09,9.09,33.09,8.95,2.09,90.09,22.0,0,0,52.0,53.0,22.5,3493,0,0,True,False,False
hardcoded,64,1,220000,0.1126,13636,3,0.3005,0.55,66128,66128,0,66123,0,220055,220038,112668177,0.1127,0.1549,0.1127,5,5,0.008,0.0,False,False,False,66135,220078,0.1127,-7,-12,-0.018,-0.011,66117,0,0,0,0.0,-18,-0.027,6,16557,4,12.859,0,0,0,False,9.14,10.14,35.14,9.51,0.0,88.14,22.0,0,0,52.0,53.0,22.9,3493,0,0,True,False,False
template,64,1,220000,0.1126,13636,3,0.3005,0.549,66109,66109,0,66111,0,220009,220015,112644661,0.1126,0.1549,0.1126,-2,-2,-0.003,0.0,False,False,False,66105,219995,0.1126,4,6,0.009,0.006,66111,0,0,0,0.0,6,0.009,0,16553,4,13.004,0,0,0,False,8.0,9.0,38.0,8.7,0.0,101.0,21.0,0,0,53.0,52.0,25.6,3495,0,0,True,False,False
modular,64,1,220000,0.1126,13636,3,0.3004,0.444,66089,66089,0,66090,0,220026,220030,112653761,0.1127,0.1549,0.1127,-1,-1,-0.002,0.0,False,False,False,66090,220030,0.1127,-1,0,0.0,-0.002,66093,0,0,0,0.0,3,0.005,-3,16539,4,13.001,0,0,0,False,9.0,10.0,30.0,9.47,0.0,97.0,22.0,0,0,54.0,52.0,33.5,3492,0,0,True,False,False
rxonly,64,1,440000,0.2253,6818,3,0.3003,0.441,132157,132157,0,132150,132152,440019,439996,225289919,0.2253,0.3098,0.2253,7,7,0.005,0.0,True,False,False,,,,,,,,,,,,,,,,0,8,5.95,0,0,0,False,,,,,,,,0,0,53.0,54.0,40.5,3501,0,0,True,False,False
baseline,64,1,440000,0.2253,6818,3,0.3003,0.446,132167,132167,0,132180,0,440058,440101,225309756,0.2253,0.3098,0.2253,-13,-13,-0.01,0.0,False,False,False,132169,440064,0.2253,-2,11,0.008,-0.002,132180,0,0,0,0.0,11,0.008,0,16538,8,6.19,0,0,0,False,6.81,8.81,21.81,6.29,0.81,88.81,13.0,0,0,53.0,54.0,44.9,3495,0,0,True,False,False
p1_static,64,1,440000,0.2253,6818,3,0.3005,0.549,132236,132236,0,132237,0,440056,440060,225309047,0.2253,0.3098,0.2253,-1,-1,-0.001,0.0,False,False,False,132231,440040,0.2253,5,6,0.005,0.004,132237,0,0,0,0.0,6,0.005,0,16557,8,6.154,0,0,0,False,7.85,9.85,20.85,7.57,1.85,101.85,14.0,0,0,53.0,54.0,37.3,3495,0,0,True,False,False
hardcoded,64,1,440000,0.2253,6818,3,0.3005,0.55,132220,132220,0,132213,0,440056,440032,225308718,0.2253,0.3098,0.2253,7,7,0.005,0.0,False,False,False,132210,440022,0.2253,10,3,0.002,0.008,132207,0,0,0,0.0,-3,-0.002,6,16553,8,6.196,0,0,0,False,7.8,8.8,17.8,6.99,0.8,85.8,14.0,0,0,53.0,54.0,37.5,3500,0,0,True,False,False
template,64,1,440000,0.2253,6818,3,0.3005,0.443,132237,132237,0,132227,0,440073,440039,225317382,0.2253,0.3098,0.2253,10,10,0.008,0.0,False,False,False,132228,440043,0.2253,9,-1,-0.001,0.007,132231,0,0,0,0.0,3,0.002,-4,16554,8,6.134,0,0,0,False,8.87,9.87,27.87,8.27,1.87,95.87,15.0,0,0,54.0,55.0,52.1,3495,0,0,True,False,False
modular,64,1,440000,0.2253,6818,3,0.3004,0.439,132221,132221,0,132183,0,440118,439992,225340743,0.2253,0.3098,0.2253,38,38,0.029,0.0,False,False,False,132201,440052,0.2253,20,-18,-0.014,0.015,132184,0,0,0,0.0,-17,-0.013,-1,16542,8,6.218,0,0,0,False,8.78,9.78,43.78,8.97,0.78,149.78,15.0,0,0,53.0,55.0,58.8,3493,0,0,True,False,False
rxonly,64,1,880000,0.4506,3409,3,0.3003,0.549,264324,264324,0,264276,264276,880098,879938,450610178,0.4506,0.6196,0.4505,48,48,0.018,0.0,True,False,False,,,,,,,,,,,,,,,,0,16,2.546,0,0,0,False,,,,,,,,0,0,53.0,54.0,42.2,3494,0,0,True,False,False
baseline,64,1,880000,0.4506,3409,3,0.3005,0.549,264428,264428,0,264418,0,880069,880035,450595351,0.4506,0.6196,0.4506,10,10,0.004,0.0,False,False,False,264405,879992,0.4506,23,13,0.005,0.009,264428,0,0,0,0.0,23,0.009,-10,16550,16,2.855,0,0,0,False,5.14,9.14,25.14,5.95,0.0,84.14,8.0,0,0,53.0,54.0,51.8,3492,0,0,True,False,False
p1_static,64,1,880000,0.4506,3409,3,0.3005,0.543,264459,264459,0,264427,0,880079,879973,450600868,0.4506,0.6196,0.4505,32,32,0.012,0.0,False,False,False,264433,879993,0.4506,26,-6,-0.002,0.01,264417,0,0,0,0.0,-16,-0.006,10,16556,16,2.86,0,0,0,False,5.14,9.14,34.14,6.43,0.14,89.14,8.0,0,0,54.0,54.0,53.4,3495,0,0,True,False,False
hardcoded,64,1,880000,0.4506,3409,3,0.3005,0.545,264561,264561,0,264479,0,880378,880105,450753749,0.4508,0.6198,0.4506,82,82,0.031,0.0,False,False,False,264552,880348,0.4507,9,-73,-0.028,0.003,264456,0,0,0,0.0,-96,-0.036,23,16556,16,2.871,0,0,0,False,6.13,10.13,31.13,7.54,1.13,89.13,9.0,0,0,54.0,54.0,51.2,3496,0,0,True,False,False
template,64,1,880000,0.4506,3409,3,0.3004,0.446,264400,264400,0,264371,0,880054,879958,450587930,0.4506,0.6196,0.4505,29,29,0.011,0.0,False,False,False,264375,879971,0.4505,25,-4,-0.002,0.009,264377,0,0,0,0.0,2,0.001,-6,16546,16,2.578,0,0,0,False,7.42,13.42,48.42,9.81,2.42,85.42,10.0,0,0,55.0,56.0,67.9,3498,0,0,True,False,False
modular,64,1,880000,0.4506,3409,3,0.3005,0.442,264467,264467,0,264458,0,880090,880060,450606091,0.4506,0.6196,0.4506,9,9,0.003,0.0,False,False,False,264459,880063,0.4506,8,-1,-0.0,0.003,264451,0,0,0,0.0,-8,-0.003,7,16552,16,2.619,0,0,0,False,9.38,33.38,73.38,13.63,2.38,125.38,12.0,0,0,55.0,56.0,72.9,3498,0,0,True,False,False
rxonly,64,1,1321000,0.6764,2271,3,0.3004,0.44,396787,396787,0,396749,396753,1320992,1320865,676348129,0.6763,0.93,0.6763,38,38,0.01,0.0,True,False,False,,,,,,,,,,,,,,,,0,32,1.675,0,0,0,False,,,,,,,,0,0,54.0,55.0,60.3,3493,0,0,True,False,False
baseline,64,1,1321000,0.6764,2271,3,0.3004,0.55,396934,396934,0,396852,0,1321176,1320903,676442377,0.6764,0.9301,0.6763,82,82,0.021,0.0,False,False,False,396891,1321033,0.6764,43,-39,-0.01,0.011,396849,0,0,0,0.0,-42,-0.011,3,12418,32,1.759,0,0,0,False,6.24,9.24,31.24,7.07,0.24,85.24,8.0,0,0,54.0,55.0,55.4,3495,0,0,True,False,False
p1_static,64,1,1321000,0.6764,2271,3,0.3005,0.547,397031,397031,0,397041,0,1321044,1321077,676374823,0.6764,0.93,0.6764,-10,-10,-0.003,0.0,False,False,False,397008,1320968,0.6763,23,33,0.008,0.006,397050,0,0,0,0.0,42,0.011,-9,12431,32,1.533,0,0,0,False,6.47,11.47,37.47,8.17,1.47,96.47,8.0,0,0,54.0,54.0,57.5,3494,0,0,True,False,False
hardcoded,64,1,1321000,0.6764,2271,3,0.3005,0.55,396960,396960,0,396960,0,1320913,1320913,676307543,0.6763,0.9299,0.6763,0,0,0.0,0.0,False,False,False,396936,1320833,0.6763,24,24,0.006,0.006,396980,0,0,0,0.0,44,0.011,-20,12428,32,1.711,0,0,0,False,7.29,14.29,40.29,9.27,1.29,71.29,9.0,0,0,55.0,54.0,58.7,3499,0,0,True,False,False
template,64,1,1321000,0.6764,2271,3,0.3004,0.544,396920,396920,0,396813,0,1321111,1320755,676409143,0.6764,0.9301,0.6762,107,107,0.027,0.0,False,False,False,396874,1320958,0.6763,46,-61,-0.015,0.012,396821,0,0,0,0.0,-53,-0.013,-8,12418,32,1.798,0,0,0,False,9.2,26.2,57.2,12.67,1.2,117.2,11.0,0,0,55.0,54.0,64.7,3494,0,0,True,False,False
modular,64,1,1321000,0.6764,2271,3,0.3003,0.438,396776,396776,0,396740,0,1321100,1320980,676403536,0.6764,0.9301,0.6763,36,36,0.009,0.0,False,False,False,396769,1321077,0.6764,7,-29,-0.007,0.002,396761,0,0,0,0.0,-8,-0.002,-21,12411,32,1.734,0,0,0,False,20.27,51.27,93.27,27.38,5.27,193.27,22.0,0,0,56.0,54.0,82.4,3493,0,0,True,False,False
rxonly,64,1,1761000,0.9016,1703,3,0.3002,0.548,528896,528896,0,528826,528831,1761661,1761428,901970837,0.902,1.2402,0.9019,70,70,0.013,0.0,True,False,False,,,,,,,,,,,,,,,,0,32,1.139,0,0,0,False,,,,,,,,0,0,55.0,56.0,54.0,3492,0,0,True,False,False
baseline,64,1,1761000,0.9016,1703,3,0.3004,0.544,529121,529121,0,529126,0,1761623,1761639,901951120,0.902,1.2402,0.902,-5,-5,-0.001,0.0,False,False,False,529131,1761656,0.902,-10,-5,-0.001,-0.002,529155,0,0,0,0.0,24,0.005,-29,16552,32,1.167,0,0,0,False,6.83,15.83,40.83,9.27,0.83,92.83,8.0,0,0,55.0,56.0,61.4,3494,0,0,True,False,False
p1_static,64,1,1761000,0.9016,1703,3,0.3006,0.545,529500,529500,0,529449,0,1761721,1761551,902001463,0.902,1.2403,0.9019,51,51,0.01,0.0,False,False,False,529476,1761641,0.902,24,-27,-0.005,0.005,529457,0,0,0,0.0,-19,-0.004,-8,16579,32,0.996,0,0,0,False,8.0,23.0,49.0,10.89,1.0,107.0,9.0,0,0,55.0,55.0,62.7,3496,0,0,True,False,False
hardcoded,64,1,1761000,0.9016,1703,3,0.3006,0.547,529440,529440,0,529529,0,1761515,1761811,901895807,0.9019,1.2401,0.902,-89,-89,-0.017,0.0,False,False,False,529455,1761565,0.9019,-15,74,0.014,-0.003,529550,0,0,0,0.0,95,0.018,-21,16577,32,1.166,0,0,0,False,7.83,23.83,46.83,11.15,0.83,90.83,9.0,0,0,55.0,55.0,63.6,3495,0,0,True,False,False
template,64,1,1761000,0.9016,1703,3,0.3005,0.443,529276,527900,1376,528012,0,1761609,1757402,901943905,0.9019,1.2402,0.8998,1264,-112,0.239,0.26,False,False,False,528036,1757482,0.8998,1240,-24,-0.005,0.234,527989,0,0,0,0.0,-47,-0.009,23,16525,32,1.212,0,0,0,False,108.79,146.79,173.79,106.1,6.79,223.79,110.0,0,0,57.0,57.0,81.4,3495,0,0,True,False,False
modular,64,1,1761000,0.9016,1703,3,0.3005,0.443,529290,434595,94695,434646,0,1761635,1446631,901957407,0.902,1.2402,0.7407,94644,-51,17.881,17.891,False,False,False,434560,1446345,0.7405,94730,86,0.016,17.898,434659,0,0,0,0.0,99,0.019,-13,13608,32,1.233,0,0,0,False,187.77,204.77,217.77,188.93,163.77,260.77,189.0,0,0,56.0,57.0,81.7,3497,0,0,True,False,False
rxonly,64,1,2201000,1.1269,1363,3,0.3003,0.545,660961,660961,0,660816,660816,2201211,2200729,1127020541,1.127,1.5497,1.1268,145,145,0.022,0.0,True,False,False,,,,,,,,,,,,,,,,0,64,0.885,0,0,0,False,,,,,,,,0,0,55.0,56.0,60.2,3496,0,0,True,False,False
baseline,64,1,2201000,1.1269,1363,3,0.3005,0.549,661461,661461,0,661473,0,2201060,2201100,1126942906,1.1269,1.5495,1.127,-12,-12,-0.002,0.0,False,False,False,661515,2201240,1.127,-54,-42,-0.006,-0.008,661451,0,0,0,0.0,-64,-0.01,22,10351,64,0.876,0,0,0,False,9.12,39.12,68.12,15.57,1.12,116.12,10.0,0,0,55.0,56.0,65.4,3495,0,0,True,False,False
p1_static,64,1,2201000,1.1269,1363,3,0.3005,0.543,661535,661512,23,661438,0,2201274,2200951,1127052523,1.1271,1.5497,1.1269,97,74,0.015,0.003,False,False,False,661536,2201277,1.1271,-1,-98,-0.015,-0.0,661448,0,0,0,0.0,-88,-0.013,-10,10364,64,0.903,0,0,0,False,11.1,37.1,79.1,17.72,1.1,161.1,12.0,0,0,55.0,56.0,68.1,3495,0,0,True,False,False
hardcoded,64,1,2201000,1.1269,1363,3,0.3005,0.441,661592,661592,0,661255,0,2201683,2200562,1127262021,1.1273,1.55,1.1267,337,337,0.051,0.0,False,False,False,661536,2201497,1.1272,56,-281,-0.042,0.008,661201,0,0,0,0.0,-335,-0.051,54,10354,64,0.911,0,0,0,False,11.09,30.09,76.09,15.66,1.09,153.09,12.0,0,0,57.0,56.0,82.1,3495,0,0,True,False,False
template,64,1,2201000,1.1269,1363,3,0.3005,0.445,661345,560054,101291,560050,0,2201179,1864035,1127003796,1.127,1.5496,0.9544,101295,4,15.317,15.316,False,False,False,560064,1864081,0.9544,101281,-14,-0.002,15.314,560095,0,0,0,0.0,31,0.005,-45,8767,64,0.889,0,0,0,False,145.11,154.11,168.11,145.42,129.11,221.11,146.0,0,0,57.0,58.0,81.5,3501,0,0,True,False,False
modular,64,1,2201000,1.1269,1363,3,0.3003,0.547,661098,424020,237078,424034,0,2201094,1411801,1126960295,1.127,1.5496,0.7228,237064,-14,35.859,35.861,False,False,False,424000,1411687,0.7228,237098,34,0.005,35.864,424038,0,0,0,0.0,38,0.006,-4,6635,64,0.89,0,0,0,False,183.11,194.11,215.11,183.53,165.11,259.11,184.0,0,0,56.0,58.0,67.9,3495,0,0,True,False,False
rxonly,64,1,2641000,1.3522,1135,3,0.3002,0.544,793679,793679,0,793235,793227,2643722,2642243,1353585713,1.3536,1.8612,1.3528,444,444,0.056,0.0,True,False,False,,,,,,,,,,,,,,,,0,64,0.693,0,0,0,False,,,,,,,,0,0,56.0,57.0,61.1,3493,0,0,True,False,False
baseline,64,1,2641000,1.3522,1135,3,0.3006,0.544,794476,794456,20,794530,0,2643144,2643324,1353290173,1.3533,1.8608,1.3534,-54,-74,-0.007,0.003,False,False,False,794414,2642938,1.3532,62,116,0.015,0.008,794499,0,0,0,0.0,85,0.011,31,12433,64,0.514,0,0,0,False,15.49,41.49,79.49,19.78,1.49,105.49,16.0,0,0,56.0,57.0,67.5,3496,0,0,True,False,False
p1_static,64,1,2641000,1.3522,1135,3,0.3006,0.544,794456,793196,1260,793123,0,2643320,2638885,1353380032,1.3534,1.8609,1.3511,1333,73,0.168,0.159,False,False,False,793118,2638868,1.3511,1338,5,0.001,0.168,793117,0,0,0,0.0,-1,-0.0,6,12418,64,0.522,0,0,0,False,45.48,74.48,106.48,47.26,3.48,161.48,46.0,0,0,56.0,57.0,68.1,3496,0,0,True,False,False
hardcoded,64,1,2641000,1.3522,1135,3,0.3005,0.446,794404,792837,1567,792728,0,2643585,2638008,1353515703,1.3535,1.8611,1.3507,1676,109,0.211,0.197,False,False,False,792752,2638087,1.3507,1652,-24,-0.003,0.208,792701,0,0,0,0.0,-51,-0.006,27,12410,64,0.72,0,0,0,False,64.28,84.28,102.28,67.08,34.28,148.28,65.0,0,0,57.0,57.0,81.2,3495,0,0,True,False,False
template,64,1,2641000,1.3522,1135,3,0.3005,0.443,794372,547529,246843,547510,0,2643588,1822057,1353517441,1.3535,1.8611,0.9329,246862,19,31.076,31.074,False,False,False,547475,1821940,0.9328,246897,35,0.004,31.081,547523,0,0,0,0.0,48,0.006,-13,8572,64,0.726,0,0,0,False,151.27,160.27,173.27,151.38,133.27,205.27,152.0,0,0,57.0,58.0,81.9,3495,0,0,True,False,False
modular,64,1,2641000,1.3522,1135,3,0.3005,0.55,794214,426986,367228,427032,0,2643124,1421152,1353279862,1.3533,1.8608,0.7276,367182,-46,46.232,46.238,False,False,False,426944,1420859,0.7275,367270,88,0.011,46.243,427047,0,0,0,0.0,103,0.013,-15,6686,64,0.724,0,0,0,False,178.28,187.28,209.28,178.3,162.28,282.28,179.0,0,0,56.0,58.0,67.2,3497,0,0,True,False,False
rxonly,64,1,3081000,1.5775,973,3,0.3003,0.544,926040,926040,0,926036,926067,3083357,3083344,1578679136,1.5787,2.1707,1.5787,4,4,0.0,0.0,True,False,False,,,,,,,,,,,,,,,,0,64,0.458,0,0,0,False,,,,,,,,0,0,56.0,56.0,65.1,3496,0,0,True,False,False
baseline,64,1,3081000,1.5775,973,3,0.3005,0.444,926442,925353,1089,925431,0,3083213,3079848,1578605334,1.5786,2.1706,1.5769,1011,-78,0.109,0.118,False,False,False,925318,3079472,1.5767,1124,113,0.012,0.121,925455,0,0,0,0.0,137,0.015,-24,14482,64,0.337,0,0,0,False,53.66,69.66,89.66,54.39,28.66,130.66,54.0,0,0,58.0,56.0,81.7,3498,0,0,True,False,False
p1_static,64,1,3081000,1.5775,973,3,0.3004,0.442,926537,850631,75906,850003,0,3084349,2829575,1579186728,1.5792,2.1714,1.4487,76534,628,8.26,8.192,False,False,False,850288,2830523,1.4492,76249,-285,-0.031,8.229,850050,0,0,0,0.0,-238,-0.026,-47,13307,64,0.311,0,0,0,False,99.69,108.69,127.69,100.09,79.69,175.69,100.0,0,0,57.0,58.0,82.0,3492,0,0,True,False,False
hardcoded,64,1,3081000,1.5775,973,3,0.3005,0.545,926665,808462,118203,808472,0,3083492,2690203,1578748020,1.5787,2.1708,1.3774,118193,-10,12.755,12.756,False,False,False,808522,2690369,1.3775,118143,-50,-0.005,12.749,808496,0,0,0,0.0,-26,-0.003,-24,12659,64,0.573,0,0,0,False,102.43,119.43,133.43,104.26,81.43,163.43,103.0,0,0,57.0,58.0,67.3,3498,0,0,True,False,False
template,64,1,3081000,1.5775,973,3,0.3005,0.549,926651,551000,375651,550895,0,3083726,1833278,1578867983,1.5789,2.1709,0.9386,375756,105,40.55,40.539,False,False,False,550912,1833335,0.9387,375739,-17,-0.002,40.548,550905,0,0,0,0.0,-7,-0.001,-10,8625,64,0.415,0,0,0,False,156.58,166.58,182.58,157.15,131.58,244.58,157.0,0,0,57.0,57.0,67.3,3497,0,0,True,False,False
modular,64,1,3081000,1.5775,973,3,0.3003,0.444,926026,429649,496377,429517,0,3083689,1430302,1578849099,1.5788,2.1709,0.7323,496509,132,53.617,53.603,False,False,False,429568,1430472,0.7324,496458,-51,-0.006,53.612,429509,0,0,0,0.0,-59,-0.006,8,6722,64,0.557,0,0,0,False,186.44,196.44,218.44,187.01,170.44,254.44,187.0,0,0,58.0,57.0,81.2,3493,0,0,True,False,False
rxonly,64,1,3522000,1.8033,851,3,0.3002,0.439,1058527,1058527,0,1058362,1058361,3525630,3525081,1805122935,1.8051,2.482,1.8048,165,165,0.016,0.0,True,False,False,,,,,,,,,,,,,,,,0,64,0.163,0,0,0,False,,,,,,,,0,0,57.0,58.0,81.5,3493,0,0,True,False,False
baseline,64,1,3522000,1.8033,851,3,0.3004,0.547,1059303,947506,111797,947352,0,3525724,3153113,1805171087,1.8052,2.4821,1.6144,111951,154,10.568,10.554,False,False,False,947392,3153246,1.6145,111911,-40,-0.004,10.565,947356,0,0,0,0.0,-36,-0.003,-4,14826,64,0.456,0,0,0,False,84.54,93.54,113.54,84.88,71.54,148.54,85.0,0,0,57.0,58.0,67.1,3495,0,0,True,False,False
p1_static,64,1,3522000,1.8033,851,3,0.3005,0.55,1059402,846734,212668,846641,0,3525380,2817374,1804994841,1.805,2.4819,1.4425,212761,93,20.083,20.074,False,False,False,846672,2817477,1.4425,212730,-31,-0.003,20.08,846669,0,0,0,0.0,-3,-0.0,-28,13257,64,0.45,0,0,0,False,97.55,115.55,131.55,100.45,79.55,159.55,98.0,0,0,57.0,58.0,67.4,3495,0,0,True,False,False
hardcoded,64,1,3522000,1.8033,851,3,0.3006,0.543,1059451,807537,251914,807608,0,3525025,2687088,1804812911,1.8048,2.4816,1.3758,251843,-71,23.771,23.778,False,False,False,807568,2686955,1.3757,251883,40,0.004,23.775,807642,0,0,0,0.0,74,0.007,-34,12645,64,0.382,0,0,0,False,102.62,118.62,130.62,102.96,79.62,154.62,103.0,0,0,57.0,58.0,67.7,3496,0,0,True,False,False
template,64,1,3522000,1.8033,851,3,0.3004,0.446,1059140,550602,508538,550532,0,3525283,1832412,1804944975,1.8049,2.4818,0.9382,508608,70,48.021,48.014,False,False,False,550528,1832399,0.9382,508612,4,0.0,48.021,550533,0,0,0,0.0,5,0.0,-1,8617,64,0.439,0,0,0,False,160.56,169.56,189.56,161.18,144.56,214.56,161.0,0,0,58.0,59.0,81.7,3494,0,0,True,False,False
modular,64,1,3522000,1.8033,851,3,0.3005,0.441,1059364,436980,622384,436972,0,3525331,1454146,1804969508,1.805,2.4818,0.7445,622392,8,58.751,58.751,False,False,False,436928,1454000,0.7444,622436,44,0.004,58.756,436980,0,0,0,0.0,52,0.005,-8,6842,64,0.428,0,0,0,False,181.57,189.57,213.57,180.98,165.57,246.57,182.0,0,0,58.0,59.0,82.5,3494,0,0,True,False,False
rxonly,64,1,3962000,2.0285,757,3,0.3003,0.546,1190234,1190234,0,1190124,1190118,3963118,3962751,2029116458,2.0291,2.79,2.0289,110,110,0.009,0.0,True,False,False,,,,,,,,,,,,,,,,0,64,0.112,0,0,0,False,,,,,,,,0,0,57.0,58.0,67.4,3496,0,0,True,False,False
baseline,64,1,3962000,2.0285,757,3,0.3005,0.546,1190837,954099,236738,954040,0,3963078,3175023,2029095986,2.0291,2.79,1.6256,236797,59,19.885,19.88,False,False,False,953984,3174836,1.6255,236853,56,0.005,19.89,954059,0,0,0,0.0,75,0.006,-19,14934,64,0.227,0,0,0,False,84.77,92.77,110.77,84.49,69.77,157.77,85.0,0,0,57.0,58.0,67.6,3495,0,0,True,False,False
p1_static,64,1,3962000,2.0285,757,3,0.3005,0.441,1191209,849239,341970,849036,0,3963746,2825166,2029438434,2.0294,2.7905,1.4465,342173,203,28.725,28.708,False,False,False,849088,2825339,1.4466,342121,-52,-0.004,28.72,848986,0,0,0,0.0,-102,-0.009,50,13296,64,0.233,0,0,0,False,104.77,112.77,126.77,104.09,83.77,161.77,105.0,0,0,59.0,60.0,82.2,3495,0,0,True,False,False
hardcoded,64,1,3962000,2.0285,757,3,0.3005,0.441,1190850,816717,374133,816772,0,3962702,2717910,2028903507,2.0289,2.7897,1.3916,374078,-55,31.413,31.417,False,False,False,816688,2717631,1.3914,374162,84,0.007,31.42,816835,0,0,0,0.0,147,0.012,-63,12791,64,0.334,0,0,0,False,101.67,118.67,133.67,103.56,82.67,165.67,102.0,0,0,59.0,60.0,82.5,3495,0,0,True,False,False
template,64,1,3962000,2.0285,757,3,0.3004,0.443,1190823,558314,632509,558279,0,3963547,1858181,2029336386,2.0293,2.7903,0.9514,632544,35,53.118,53.115,False,False,False,558272,1858158,0.9514,632551,7,0.001,53.119,558262,0,0,0,0.0,-10,-0.001,17,8739,64,0.192,0,0,0,False,155.81,164.81,177.81,155.91,131.81,210.81,156.0,0,0,58.0,59.0,81.8,3496,0,0,True,False,False
modular,64,1,3962000,2.0285,757,3,0.3005,0.55,1190779,427327,763452,427329,0,3963209,1422257,2029163245,2.0292,2.7901,0.7282,763450,-2,64.113,64.114,False,False,False,427328,1422254,0.7282,763451,1,0.0,64.114,427344,0,0,0,0.0,16,0.001,-15,6690,64,0.344,0,0,0,False,204.66,215.66,240.66,205.27,187.66,282.66,205.0,0,0,58.0,59.0,66.8,3497,0,0,True,False,False
rxonly,64,1,4402000,2.2538,681,3,0.3004,0.544,1323523,1313201,10322,1313119,1313116,4405720,4371087,2255728731,2.2557,3.1016,2.238,10404,82,0.786,0.78,True,False,False,,,,,,,,,,,,,,,,0,128,0.21,0,0,0,False,,,,,,,,0,0,58.0,58.0,68.0,3497,0,0,True,False,False
baseline,64,1,4402000,2.2538,681,3,0.3005,0.543,1323665,946697,376968,946647,0,4405324,3150560,2255526091,2.2555,3.1013,1.6131,377018,50,28.483,28.479,False,False,False,946608,3150431,1.613,377057,39,0.003,28.486,946665,0,0,0,0.0,57,0.004,-18,7407,128,0.271,0,0,0,False,83.73,92.73,113.73,84.05,69.73,149.73,84.0,0,0,58.0,58.0,67.7,3495,0,0,True,False,False
p1_static,64,1,4402000,2.2538,681,3,0.3004,0.444,1323279,836605,486674,836556,0,4405304,2784963,2255516050,2.2555,3.1013,1.4259,486723,49,36.782,36.778,False,False,False,836560,2784977,1.4259,486719,-4,-0.0,36.781,836592,0,0,0,0.0,32,0.002,-36,6546,128,0.226,0,0,0,False,98.77,106.77,121.77,98.18,84.77,160.77,99.0,0,0,59.0,59.0,81.2,3493,0,0,True,False,False
hardcoded,64,1,4402000,2.2538,681,3,0.3005,0.542,1323819,798956,524863,798804,0,4405758,2658473,2255748125,2.2557,3.1017,1.3611,525015,152,39.659,39.648,False,False,False,798928,2658885,1.3613,524891,-124,-0.009,39.65,798874,0,0,0,0.0,-54,-0.004,-70,6254,128,0.261,0,0,0,False,102.74,110.74,125.74,102.53,87.74,155.74,103.0,0,0,58.0,59.0,68.3,3497,0,0,True,False,False
template,64,1,4402000,2.2538,681,3,0.3004,0.542,1323516,553985,769531,553943,0,4405411,1843836,2255570490,2.2556,3.1014,0.944,769573,42,58.146,58.143,False,False,False,553920,1843759,0.944,769596,23,0.002,58.148,553978,0,0,0,0.0,58,0.004,-35,4335,128,0.215,0,0,0,False,165.78,174.78,191.78,165.73,131.78,226.78,166.0,0,0,58.0,59.0,68.4,3494,0,0,True,False,False
modular,64,1,4402000,2.2538,681,3,0.3004,0.543,1323625,434107,889518,434067,0,4405638,1444776,2255687070,2.2557,3.1016,0.7397,889558,40,67.206,67.203,False,False,False,434048,1444713,0.7397,889577,19,0.001,67.208,434090,0,0,0,0.0,42,0.003,-23,3398,128,0.234,0,0,0,False,212.77,222.77,236.77,212.37,193.77,281.77,213.0,0,0,58.0,59.0,68.0,3498,0,0,True,False,False
rxonly,64,1,4842000,2.4791,619,3,0.3003,0.546,1455386,1323076,132310,1322907,1322906,4846979,4405775,2481653666,2.4817,3.4123,2.2558,132479,169,9.103,9.091,True,False,False,,,,,,,,,,,,,,,,0,128,0.072,0,0,0,False,,,,,,,,0,0,58.0,58.0,67.2,3493,0,0,True,False,False
baseline,64,1,4842000,2.4791,619,3,0.3005,0.441,1456401,964671,491730,964602,0,4846663,3210037,2481491719,2.4815,3.4121,1.6435,491799,69,33.768,33.763,False,False,False,964608,3210057,1.6435,491793,-6,-0.0,33.768,964632,0,0,0,0.0,24,0.002,-30,7550,128,0.14,0,0,0,False,92.86,100.86,118.86,92.57,75.86,158.86,93.0,0,0,59.0,58.0,81.8,3496,0,0,True,False,False
p1_static,64,1,4842000,2.4791,619,3,0.3005,0.444,1456971,844214,612757,843950,0,4848606,2808553,2482486455,2.4825,3.4134,1.438,613021,264,42.075,42.057,False,False,False,844096,2809039,1.4382,612875,-146,-0.01,42.065,843887,0,0,0,0.0,-209,-0.014,63,6605,128,0.115,0,0,0,False,96.88,105.88,123.88,96.87,80.88,166.88,97.0,0,0,59.0,60.0,81.5,3495,0,0,True,False,False
hardcoded,64,1,4842000,2.4791,619,3,0.3004,0.548,1455659,813325,642334,813248,0,4846127,2707435,2481217278,2.4812,3.4117,1.3862,642411,77,44.132,44.127,False,False,False,813232,2707382,1.3862,642427,16,0.001,44.133,813273,0,0,0,0.0,41,0.003,-25,6364,128,0.073,0,0,0,False,107.93,115.93,139.93,108.24,94.93,168.93,108.0,0,0,58.0,60.0,67.4,3493,0,0,True,False,False
template,64,1,4842000,2.4791,619,3,0.3004,0.549,1455752,558605,897147,558611,0,4846365,1859680,2481339205,2.4813,3.4118,0.9522,897141,-6,61.627,61.628,False,False,False,558592,1859616,0.9521,897160,19,0.001,61.629,558645,0,0,0,0.0,53,0.004,-34,4371,128,0.176,0,0,0,False,160.82,169.82,186.82,162.41,145.82,230.82,161.0,0,0,58.0,58.0,66.9,3493,0,0,True,False,False
modular,64,1,4842000,2.4791,619,3,0.3004,0.443,1456207,433097,1023110,433039,0,4846911,1441348,2481618725,2.4816,3.4122,0.738,1023168,58,70.263,70.259,False,False,False,433024,1441298,0.7379,1023183,15,0.001,70.264,433040,0,0,0,0.0,16,0.001,-1,3390,128,0.12,0,0,0,False,174.88,183.88,204.88,174.71,157.88,244.88,175.0,0,0,60.0,58.0,82.3,3495,0,0,True,False,False
rxonly,64,1,5502000,2.817,545,3,0.3003,0.444,1653210,1307790,345420,1307698,1307697,5504793,4354321,2818454466,2.8185,3.8754,2.2294,345512,92,20.899,20.894,True,False,False,,,,,,,,,,,,,,,,0,128,0.06,0,0,0,False,,,,,,,,0,0,59.0,60.0,81.4,3495,0,0,True,False,False
baseline,64,1,5502000,2.817,545,3,0.3004,0.549,1653531,953251,700280,953283,0,5505003,3173709,2818561814,2.8186,3.8755,1.6249,700248,-32,42.349,42.351,False,False,False,953242,3173572,1.6249,700289,41,0.002,42.351,953254,0,0,0,0.0,12,0.001,29,7456,128,0.032,0,0,0,False,95.97,104.97,118.97,97.69,79.97,256.97,96.0,0,0,58.0,60.0,67.0,3494,0,0,True,False,False
p1_static,64,1,5502000,2.817,545,3,0.3004,0.543,1653687,845532,808155,845546,0,5504824,2814669,2818469897,2.8185,3.8754,1.4411,808141,-14,48.869,48.87,False,False,False,845504,2814529,1.441,808183,42,0.003,48.872,845571,0,0,0,0.0,67,0.004,-25,6621,128,0.1,0,0,0,False,95.9,104.9,120.9,96.05,79.9,170.9,96.0,0,0,58.0,58.0,67.6,3495,0,0,True,False,False
hardcoded,64,1,5502000,2.817,545,3,0.3006,0.444,1654734,818368,836366,818109,0,5505668,2722030,2818902248,2.8189,3.876,1.3937,836625,259,50.559,50.544,False,False,False,818276,2722586,1.394,836458,-167,-0.01,50.549,818085,0,0,0,0.0,-191,-0.012,24,6408,128,0.049,0,0,0,False,107.95,115.95,131.95,107.97,94.95,197.95,108.0,0,0,60.0,58.0,81.8,3497,0,0,True,False,False
template,64,1,5502000,2.817,545,3,0.3005,0.542,1654096,558070,1096026,557978,0,5505283,1857103,2818705060,2.8187,3.8757,0.9508,1096118,92,66.267,66.261,False,False,False,558016,1857229,0.9509,1096080,-38,-0.002,66.265,557987,0,0,0,0.0,-29,-0.002,-9,4367,128,0.062,0,0,0,False,168.94,176.94,196.94,168.48,144.94,248.94,169.0,0,0,59.0,60.0,68.0,3495,0,0,True,False,False
modular,64,1,5502000,2.817,545,3,0.3005,0.548,1654181,430917,1223264,430941,0,5504831,1434097,2818473540,2.8185,3.8754,0.7343,1223240,-24,73.948,73.95,False,False,False,430962,1434167,0.7343,1223219,-21,-0.001,73.947,430948,0,0,0,0.0,-14,-0.001,-7,3374,128,0.105,0,0,0,False,212.9,223.9,246.9,213.0,188.9,270.9,213.0,0,0,58.0,60.0,67.3,3495,0,0,True,False,False
modular,64,2,220000,0.1126,13636,3,0.3002,0.548,66050,66050,0,66033,0,220028,219971,112654454,0.1127,0.1549,0.1126,17,17,0.026,0.0,False,False,False,66036,219981,0.1126,14,-3,-0.005,0.021,66033,0,0,0,0.0,-3,-0.005,0,16524,4,12.983,0,0,0,False,7.02,10.02,10.02,7.61,0.0,31.02,20.0,0,0,58.0,59.0,27.4,3495,0,0,True,False,False
template,64,2,220000,0.1126,13636,3,0.3003,0.549,66076,66076,0,66060,0,220018,219965,112649725,0.1126,0.1549,0.1126,16,16,0.024,0.0,False,False,False,66066,219985,0.1126,10,-6,-0.009,0.015,66060,0,0,0,0.0,-6,-0.009,0,16539,4,12.915,0,0,0,False,9.08,10.08,11.08,9.3,0.0,24.08,22.0,0,0,58.0,59.0,24.5,3494,0,0,True,False,False
hardcoded,64,2,220000,0.1126,13636,3,0.3004,0.442,66099,66099,0,66072,0,220050,219960,112665956,0.1127,0.1549,0.1126,27,27,0.041,0.0,False,False,False,66090,220020,0.1127,9,-18,-0.027,0.014,66075,0,0,0,0.0,-15,-0.023,-3,16549,4,12.796,0,0,0,False,9.2,9.2,10.2,8.89,0.0,33.2,22.0,0,0,58.0,59.0,26.5,3498,0,0,True,False,False
p1_static,64,2,220000,0.1126,13636,3,0.3005,0.439,66109,66109,0,66103,0,220018,219998,112649361,0.1126,0.1549,0.1126,6,6,0.009,0.0,False,False,False,66105,220004,0.1126,4,-2,-0.003,0.006,66105,0,0,0,0.0,0,0.0,-2,16558,4,12.706,0,0,0,False,9.29,9.29,10.29,8.94,1.29,197.29,22.0,0,0,58.0,59.0,26.2,3495,0,0,True,False,False
baseline,64,2,220000,0.1126,13636,3,0.3003,0.548,66078,66078,0,66066,0,220016,219976,112648508,0.1126,0.1549,0.1126,12,12,0.018,0.0,False,False,False,66069,219986,0.1126,9,-3,-0.005,0.014,66063,0,0,0,0.0,-6,-0.009,3,16540,4,12.714,0,0,0,False,9.29,9.29,10.29,9.0,0.0,51.29,22.0,0,0,58.0,58.0,21.2,3495,0,0,True,False,False
rxonly,64,2,220000,0.1126,13636,3,0.3004,0.55,66100,66100,0,66072,66072,220073,219980,112677733,0.1127,0.1549,0.1126,28,28,0.042,0.0,True,False,False,,,,,,,,,,,,,,,,0,4,12.9,0,0,0,False,,,,,,,,0,0,58.0,58.0,16.6,3496,0,0,True,False,False
modular,64,2,440000,0.2253,6818,3,0.3003,0.439,132167,132167,0,132171,0,440049,440062,225305111,0.2253,0.3098,0.2253,-4,-4,-0.003,0.0,False,False,False,132168,440052,0.2253,-1,3,0.002,-0.001,132169,0,0,0,0.0,1,0.001,2,16537,8,6.165,0,0,0,False,8.83,9.83,27.83,8.65,2.83,103.83,15.0,0,0,59.0,60.0,56.9,3490,0,0,True,False,False
template,64,2,440000,0.2253,6818,3,0.3005,0.438,132221,132221,0,132237,0,440028,440081,225294503,0.2253,0.3098,0.2253,-16,-16,-0.012,0.0,False,False,False,132225,440041,0.2253,-4,12,0.009,-0.003,132244,0,0,0,0.0,19,0.014,-7,16554,8,6.07,0,0,0,False,5.93,9.93,31.93,6.83,0.0,101.93,12.0,0,0,58.0,60.0,56.1,3494,0,0,True,False,False
hardcoded,64,2,440000,0.2253,6818,3,0.3005,0.548,132233,132233,0,132231,0,440015,440008,225287717,0.2253,0.3098,0.2253,2,2,0.002,0.0,False,False,False,132231,440008,0.2253,2,0,0.0,0.002,132231,0,0,0,0.0,0,0.0,0,16559,8,6.198,0,0,0,False,7.8,8.8,33.8,7.93,1.8,93.8,14.0,0,0,58.0,58.0,38.5,3497,0,0,True,False,False
p1_static,64,2,440000,0.2253,6818,3,0.3005,0.543,132249,132249,0,132240,0,440067,440037,225314305,0.2253,0.3098,0.2253,9,9,0.007,0.0,False,False,False,132240,440037,0.2253,9,0,0.0,0.007,132240,0,0,0,0.0,0,0.0,0,16561,8,6.133,0,0,0,False,5.87,9.87,19.87,7.38,1.87,81.87,12.0,0,0,58.0,58.0,37.9,3498,0,0,True,False,False
baseline,64,2,440000,0.2253,6818,3,0.3005,0.544,132219,132219,0,132225,0,440032,440052,225296820,0.2253,0.3098,0.2253,-6,-6,-0.005,0.0,False,False,False,132219,440032,0.2253,0,6,0.005,0.0,132226,0,0,0,0.0,7,0.005,-1,16551,8,5.939,0,0,0,False,7.06,9.06,22.06,7.5,0.06,104.06,13.0,0,0,57.0,58.0,36.9,3495,0,0,True,False,False
rxonly,64,2,440000,0.2253,6818,3,0.3002,0.445,132103,132103,0,132078,132081,440031,439947,225295953,0.2253,0.3098,0.2253,25,25,0.019,0.0,True,False,False,,,,,,,,,,,,,,,,0,8,6.121,0,0,0,False,,,,,,,,0,0,58.0,58.0,40.3,3492,0,0,True,False,False
modular,64,2,880000,0.4506,3409,3,0.3004,0.444,264318,264318,0,264293,0,880031,879948,450576206,0.4506,0.6195,0.4505,25,25,0.009,0.0,False,False,False,264294,879951,0.4505,24,-1,-0.0,0.009,264300,0,0,0,0.0,6,0.002,-7,16534,16,2.91,0,0,0,False,7.09,14.09,53.09,9.45,2.09,100.09,10.0,0,0,58.0,59.0,73.1,3491,0,0,True,False,False
template,64,2,880000,0.4506,3409,3,0.3004,0.548,264356,264356,0,264318,0,879992,879866,450556219,0.4506,0.6195,0.4505,38,38,0.014,0.0,False,False,False,264327,879896,0.4505,29,-9,-0.003,0.011,264313,0,0,0,0.0,-14,-0.005,5,16542,16,2.887,0,0,0,False,7.11,11.11,48.11,8.86,2.11,106.11,10.0,0,0,58.0,59.0,56.1,3495,0,0,True,False,False
hardcoded,64,2,880000,0.4506,3409,3,0.3005,0.547,264478,264478,0,264492,0,880024,880070,450572368,0.4506,0.6195,0.4506,-14,-14,-0.005,0.0,False,False,False,264471,880000,0.4506,7,21,0.008,0.003,264516,0,0,0,0.0,45,0.017,-24,16562,16,2.771,0,0,0,False,6.23,10.23,39.23,7.49,1.23,106.23,9.0,0,0,58.0,58.0,50.3,3498,0,0,True,False,False
p1_static,64,2,880000,0.4506,3409,3,0.3005,0.44,264488,264488,0,264411,0,880137,879881,450630289,0.4506,0.6196,0.4505,77,77,0.029,0.0,False,False,False,264463,880054,0.4506,25,-52,-0.02,0.009,264405,0,0,0,0.0,-58,-0.022,6,16556,16,2.861,0,0,0,False,6.14,10.14,37.14,6.79,0.14,107.14,9.0,0,0,59.0,58.0,64.6,3497,0,0,True,False,False
baseline,64,2,880000,0.4506,3409,3,0.3005,0.441,264442,264442,0,264457,0,880034,880084,450577605,0.4506,0.6195,0.4506,-15,-15,-0.006,0.0,False,False,False,264432,880001,0.4506,10,25,0.009,0.004,264495,0,0,0,0.0,63,0.024,-38,16551,16,2.543,0,0,0,False,6.46,10.46,32.46,7.55,0.46,95.46,9.0,0,0,58.0,59.0,58.0,3500,0,0,True,False,False
rxonly,64,2,880000,0.4506,3409,3,0.3003,0.549,264327,264327,0,264300,264303,880074,879984,450598161,0.4506,0.6196,0.4506,27,27,0.01,0.0,True,False,False,,,,,,,,,,,,,,,,0,16,2.837,0,0,0,False,,,,,,,,0,0,58.0,59.0,42.2,3498,0,0,True,False,False
modular,64,2,1321000,0.6764,2271,3,0.3005,0.544,396930,396922,8,397001,0,1321088,1321325,676397530,0.6764,0.93,0.6765,-71,-79,-0.018,0.002,False,False,False,396864,1320869,0.6763,66,137,0.035,0.017,396979,0,0,0,0.0,115,0.029,22,12420,32,1.653,0,0,0,False,23.35,64.35,144.35,32.69,3.35,219.35,25.0,0,0,58.0,58.0,68.1,3494,0,0,True,False,False
template,64,2,1321000,0.6764,2271,3,0.3005,0.549,396960,396960,0,396951,0,1321050,1321020,676377638,0.6764,0.93,0.6764,9,9,0.002,0.0,False,False,False,396966,1321070,0.6764,-6,-15,-0.004,-0.002,396970,0,0,0,0.0,4,0.001,-19,12423,32,1.72,0,0,0,False,9.28,32.28,62.28,13.5,1.28,114.28,11.0,0,0,58.0,58.0,64.3,3497,0,0,True,False,False
hardcoded,64,2,1321000,0.6764,2271,3,0.3004,0.442,396861,396861,0,396817,0,1321105,1320959,676406255,0.6764,0.9301,0.6763,44,44,0.011,0.0,False,False,False,396766,1320789,0.6762,95,51,0.013,0.024,396820,0,0,0,0.0,54,0.014,-3,12416,32,1.785,0,0,0,False,8.22,29.22,57.22,11.67,1.22,108.22,10.0,0,0,60.0,61.0,72.0,3492,0,0,True,False,False
p1_static,64,2,1321000,0.6764,2271,3,0.3005,0.439,396969,396969,0,396972,0,1320979,1320989,676341337,0.6763,0.93,0.6763,-3,-3,-0.001,0.0,False,False,False,396819,1320480,0.6761,150,153,0.039,0.038,396994,0,0,0,0.0,175,0.044,-22,12423,32,1.704,0,0,0,False,7.3,21.3,50.3,10.41,1.3,264.3,9.0,0,0,59.0,61.0,72.0,3495,0,0,True,False,False
baseline,64,2,1321000,0.6764,2271,3,0.3004,0.548,396957,396957,0,396838,0,1321226,1320830,676467816,0.6765,0.9301,0.6763,119,119,0.03,0.0,False,False,False,396897,1321026,0.6764,60,-59,-0.015,0.015,396879,0,0,0,0.0,-18,-0.005,-41,12419,32,1.758,0,0,0,False,6.24,11.24,42.24,7.79,0.24,110.24,8.0,0,0,58.0,59.0,58.9,3500,0,0,True,False,False
rxonly,64,2,1321000,0.6764,2271,3,0.3003,0.544,396788,396788,0,396729,396718,1321115,1320918,676410900,0.6764,0.9301,0.6763,59,59,0.015,0.0,True,False,False,,,,,,,,,,,,,,,,0,32,1.499,0,0,0,False,,,,,,,,0,0,58.0,59.0,47.6,3495,0,0,True,False,False
modular,64,2,1761000,0.9016,1703,3,0.3004,0.545,529099,435038,94061,435074,0,1761583,1448536,901930751,0.9019,1.2402,0.7417,94025,-36,17.771,17.778,False,False,False,435072,1448529,0.7416,94027,2,0.0,17.771,435085,0,0,0,0.0,13,0.002,-11,13616,32,1.229,0,0,0,False,191.77,207.77,225.77,192.64,162.77,251.77,193.0,0,0,58.0,58.0,67.8,3494,0,0,True,False,False
template,64,2,1761000,0.9016,1703,3,0.3005,0.441,529329,529100,229,529005,0,1761743,1760664,902012464,0.902,1.2403,0.9015,324,95,0.061,0.043,False,False,False,529047,1760804,0.9015,282,-42,-0.008,0.053,529020,0,0,0,0.0,-27,-0.005,-15,16558,32,1.006,0,0,0,False,48.99,106.99,143.99,57.28,5.99,193.99,50.0,0,0,60.0,58.0,82.3,3497,0,0,True,False,False
hardcoded,64,2,1761000,0.9016,1703,3,0.3004,0.445,529179,529179,0,529174,0,1761364,1761347,901818396,0.9018,1.24,0.9018,5,5,0.001,0.0,False,False,False,529125,1761184,0.9017,54,49,0.009,0.01,529132,0,0,0,0.0,7,0.001,42,16561,32,1.234,0,0,0,False,7.77,23.77,46.77,10.98,0.77,100.77,9.0,0,0,59.0,60.0,77.1,3492,0,0,True,False,False
p1_static,64,2,1761000,0.9016,1703,3,0.3004,0.542,529285,529285,0,529255,0,1761843,1761743,902064014,0.9021,1.2403,0.902,30,30,0.006,0.0,False,False,False,529263,1761770,0.902,22,-8,-0.002,0.004,529223,0,0,0,0.0,-40,-0.008,32,16560,32,1.151,0,0,0,False,8.85,28.85,58.85,12.47,0.85,118.85,10.0,0,0,58.0,60.0,64.1,3496,0,0,True,False,False
baseline,64,2,1761000,0.9016,1703,3,0.3004,0.549,529352,529352,0,529045,0,1762159,1761137,902225663,0.9022,1.2406,0.9017,307,307,0.058,0.0,False,False,False,529215,1761703,0.902,137,-170,-0.032,0.026,529036,0,0,0,0.0,-179,-0.034,9,16554,32,0.959,0,0,0,False,7.04,23.04,55.04,10.66,1.04,106.04,8.0,0,0,58.0,59.0,60.8,3493,0,0,True,False,False
rxonly,64,2,1761000,0.9016,1703,3,0.3004,0.549,529307,529307,0,529254,529247,1761939,1761763,902113157,0.9021,1.2404,0.902,53,53,0.01,0.0,True,False,False,,,,,,,,,,,,,,,,0,32,1.225,0,0,0,False,,,,,,,,0,0,58.0,59.0,55.7,3498,0,0,True,False,False
modular,64,2,2201000,1.1269,1363,3,0.3005,0.442,661385,424687,236698,424708,0,2201112,1413443,1126969537,1.127,1.5496,0.7237,236677,-21,35.785,35.788,False,False,False,424654,1413263,0.7236,236731,54,0.008,35.793,424707,0,0,0,0.0,53,0.008,1,6650,64,0.89,0,0,0,False,193.11,203.11,223.11,193.06,174.11,274.11,194.0,0,0,60.0,61.0,82.6,3496,0,0,True,False,False
template,64,2,2201000,1.1269,1363,3,0.3005,0.443,661581,552146,109435,552183,0,2201288,1837286,1127059460,1.1271,1.5497,0.9407,109398,-37,16.536,16.541,False,False,False,552128,1837103,0.9406,109453,55,0.008,16.544,552201,0,0,0,0.0,73,0.011,-18,8646,64,0.936,0,0,0,False,168.06,179.06,201.06,168.35,138.06,247.06,169.0,0,0,59.0,61.0,81.3,3496,0,0,True,False,False
hardcoded,64,2,2201000,1.1269,1363,3,0.3005,0.549,661475,661406,69,661334,0,2201081,2200612,1126953972,1.127,1.5496,1.1267,141,72,0.021,0.01,False,False,False,661350,2200666,1.1267,125,-16,-0.002,0.019,661351,0,0,0,0.0,1,0.0,-17,10352,64,0.911,0,0,0,False,12.09,41.09,90.09,19.78,1.09,163.09,13.0,0,0,58.0,59.0,67.0,3500,0,0,True,False,False
p1_static,64,2,2201000,1.1269,1363,3,0.3004,0.546,661386,661386,0,661000,0,2201600,2200315,1127219509,1.1272,1.5499,1.1266,386,386,0.058,0.0,False,False,False,661094,2200628,1.1267,292,-94,-0.014,0.044,661012,0,0,0,0.0,-82,-0.012,-12,10344,64,0.904,0,0,0,False,12.1,34.1,61.1,15.82,1.1,128.1,13.0,0,0,58.0,59.0,66.1,3498,0,0,True,False,False
baseline,64,2,2201000,1.1269,1363,3,0.3005,0.443,661396,661396,0,661270,0,2201301,2200882,1127066491,1.1271,1.5497,1.1269,126,126,0.019,0.0,False,False,False,661344,2201128,1.127,52,-74,-0.011,0.008,661274,0,0,0,0.0,-70,-0.011,-4,10347,64,0.881,0,0,0,False,8.12,28.12,56.12,12.19,0.12,117.12,9.0,0,0,60.0,60.0,79.8,3497,0,0,True,False,False
rxonly,64,2,2201000,1.1269,1363,3,0.3002,0.438,660899,660899,0,660842,660843,2201232,2201042,1127030919,1.127,1.5497,1.1269,57,57,0.009,0.0,True,False,False,,,,,,,,,,,,,,,,0,64,0.631,0,0,0,False,,,,,,,,0,0,58.0,60.0,71.4,3501,0,0,True,False,False
modular,64,2,2641000,1.3522,1135,3,0.3004,0.549,793789,433790,359999,433734,0,2642850,1444079,1353139462,1.3531,1.8606,0.7394,360055,56,45.359,45.352,False,False,False,433729,1444062,0.7394,360060,5,0.001,45.36,433728,0,0,0,0.0,-1,-0.0,6,6788,64,0.725,0,0,0,False,178.27,186.27,204.27,177.52,162.27,232.27,179.0,0,0,59.0,60.0,67.5,3492,0,0,True,False,False
template,64,2,2641000,1.3522,1135,3,0.3005,0.546,794300,551157,243143,551185,0,2643635,1834485,1353541250,1.3535,1.8611,0.9393,243115,-28,30.607,30.611,False,False,False,551168,1834429,0.9392,243132,17,0.002,30.61,551188,0,0,0,0.0,20,0.003,-3,8627,64,0.73,0,0,0,False,142.27,151.27,168.27,142.1,127.27,203.27,143.0,0,0,58.0,60.0,67.2,3495,0,0,True,False,False
hardcoded,64,2,2641000,1.3522,1135,3,0.3005,0.545,794390,790597,3793,790422,0,2643749,2630544,1353599876,1.3536,1.8612,1.3468,3968,175,0.5,0.477,False,False,False,790489,2630767,1.347,3901,-67,-0.008,0.491,790392,0,0,0,0.0,-97,-0.012,30,12464,64,0.734,0,0,0,False,75.27,100.27,119.27,79.13,55.27,185.27,76.0,0,0,58.0,59.0,68.4,3497,0,0,True,False,False
p1_static,64,2,2641000,1.3522,1135,3,0.3006,0.442,794725,793897,828,793584,0,2644127,2640331,1353793319,1.3538,1.8615,1.3518,1141,313,0.144,0.104,False,False,False,794004,2641728,1.3526,721,-420,-0.053,0.091,793399,0,0,0,0.0,-605,-0.076,185,12426,64,0.627,0,0,0,False,54.37,78.37,107.37,53.92,5.37,161.37,55.0,0,0,59.0,59.0,81.5,3492,0,0,True,False,False
baseline,64,2,2641000,1.3522,1135,3,0.3005,0.548,794148,794075,73,793772,0,2642929,2641678,1353179957,1.3532,1.8606,1.3525,376,303,0.047,0.009,False,False,False,793725,2641521,1.3525,423,47,0.006,0.053,793802,0,0,0,0.0,77,0.01,-30,12426,64,0.689,0,0,0,False,16.31,45.31,88.31,22.39,1.31,129.31,17.0,0,0,58.0,59.0,67.2,3494,0,0,True,False,False
rxonly,64,2,2641000,1.3522,1135,3,0.3003,0.544,793868,793868,0,793774,793777,2643294,2642981,1353366626,1.3534,1.8609,1.3532,94,94,0.012,0.0,True,False,False,,,,,,,,,,,,,,,,0,64,0.593,0,0,0,False,,,,,,,,0,0,58.0,59.0,61.0,3499,0,0,True,False,False
modular,64,2,3081000,1.5775,973,3,0.3004,0.548,926141,431102,495039,431085,0,3083486,1435251,1578745336,1.5787,2.1708,0.7348,495056,17,53.454,53.452,False,False,False,431040,1435101,0.7348,495101,45,0.005,53.458,431089,0,0,0,0.0,49,0.005,-4,6747,64,0.556,0,0,0,False,209.44,220.44,241.44,209.84,172.44,272.44,210.0,0,0,59.0,59.0,67.4,3495,0,0,True,False,False
template,64,2,3081000,1.5775,973,3,0.3005,0.441,926568,534402,392166,534369,0,3083651,1778399,1578829452,1.5788,2.1709,0.9105,392199,33,42.328,42.325,False,False,False,534400,1778502,0.9106,392168,-31,-0.003,42.325,534375,0,0,0,0.0,-25,-0.003,-6,8365,64,0.562,0,0,0,False,157.44,170.44,193.44,157.86,125.44,266.44,158.0,0,0,60.0,59.0,81.9,3496,0,0,True,False,False
hardcoded,64,2,3081000,1.5775,973,3,0.3005,0.545,926577,813192,113385,813107,0,3083490,2705881,1578747179,1.5787,2.1708,1.3854,113470,85,12.246,12.237,False,False,False,813104,2705871,1.3854,113473,3,0.0,12.246,813137,0,0,0,0.0,33,0.004,-30,12731,64,0.515,0,0,0,False,96.48,104.48,127.48,96.1,79.48,166.48,97.0,0,0,59.0,60.0,67.7,3497,0,0,True,False,False
p1_static,64,2,3081000,1.5775,973,3,0.3004,0.549,926442,846206,80236,845741,0,3084163,2815506,1579091730,1.5791,2.1713,1.4415,80701,465,8.711,8.661,False,False,False,845883,2815979,1.4418,80559,-142,-0.015,8.696,845698,0,0,0,0.0,-185,-0.02,43,13237,64,0.575,0,0,0,False,100.42,109.42,122.42,100.69,82.42,162.42,101.0,0,0,59.0,60.0,67.1,3494,0,0,True,False,False
baseline,64,2,3081000,1.5775,973,3,0.3005,0.544,926447,924264,2183,924280,0,3083340,3076128,1578670214,1.5787,2.1707,1.575,2167,-16,0.234,0.236,False,False,False,924224,3075941,1.5749,2223,56,0.006,0.24,924286,0,0,0,0.0,62,0.007,-6,14463,64,0.497,0,0,0,False,53.5,71.5,93.5,56.43,30.5,141.5,54.0,0,0,59.0,59.0,68.1,3497,0,0,True,False,False
rxonly,64,2,3081000,1.5775,973,3,0.3004,0.44,926434,926434,0,926649,926660,3083509,3084224,1578756800,1.5788,2.1708,1.5791,-215,-215,-0.023,0.0,True,False,False,,,,,,,,,,,,,,,,0,64,0.438,0,0,0,False,,,,,,,,0,0,60.0,59.0,79.3,3495,0,0,True,False,False
modular,64,2,3522000,1.8033,851,3,0.3004,0.443,1058882,432653,626229,432649,0,3525450,1440465,1805030876,1.805,2.4819,0.7375,626233,4,59.141,59.141,False,False,False,432640,1440435,0.7375,626242,9,0.001,59.142,432636,0,0,0,0.0,-4,-0.0,13,6771,64,0.422,0,0,0,False,190.58,200.58,220.58,190.44,172.58,246.58,191.0,0,0,60.0,61.0,82.1,3495,0,0,True,False,False
template,64,2,3522000,1.8033,851,3,0.3006,0.544,1059730,551403,508327,551472,0,3525112,1834430,1804857742,1.8049,2.4817,0.9392,508258,-69,47.961,47.968,False,False,False,551424,1834270,0.9391,508306,48,0.005,47.966,551484,0,0,0,0.0,60,0.006,-12,8633,64,0.409,0,0,0,False,162.59,170.59,188.59,162.47,132.59,212.59,163.0,0,0,59.0,61.0,68.1,3496,0,0,True,False,False
hardcoded,64,2,3522000,1.8033,851,3,0.3004,0.547,1058894,821340,237554,821275,0,3525223,2734152,1804914304,1.8049,2.4818,1.3999,237619,65,22.44,22.434,False,False,False,821236,2734022,1.3998,237658,39,0.004,22.444,821256,0,0,0,0.0,20,0.002,19,12852,64,0.31,0,0,0,False,99.69,116.69,133.69,100.78,79.69,164.69,100.0,0,0,59.0,60.0,67.7,3494,0,0,True,False,False
p1_static,64,2,3522000,1.8033,851,3,0.3004,0.545,1058957,845140,213817,845079,0,3525483,2813440,1805047548,1.805,2.4819,1.4405,213878,61,20.197,20.191,False,False,False,845090,2813476,1.4405,213867,-11,-0.001,20.196,845128,0,0,0,0.0,38,0.004,-49,13224,64,0.373,0,0,0,False,93.63,101.63,125.63,93.64,79.63,156.63,94.0,0,0,59.0,60.0,67.9,3494,0,0,True,False,False
baseline,64,2,3522000,1.8033,851,3,0.3005,0.438,1059346,948986,110360,948979,0,3525469,3158172,1805040588,1.805,2.4819,1.617,110367,7,10.418,10.418,False,False,False,948928,3158002,1.6169,110418,51,0.005,10.423,949009,0,0,0,0.0,81,0.008,-30,14853,64,0.389,0,0,0,False,80.61,90.61,116.61,81.43,66.61,160.61,81.0,0,0,61.0,62.0,82.5,3496,0,0,True,False,False
rxonly,64,2,3522000,1.8033,851,3,0.3003,0.444,1058740,1058740,0,1058789,1058790,3525411,3525574,1805010810,1.805,2.4819,1.8051,-49,-49,-0.005,0.0,True,False,False,,,,,,,,,,,,,,,,0,64,0.34,0,0,0,False,,,,,,,,0,0,60.0,62.0,81.4,3497,0,0,True,False,False
modular,64,2,3962000,2.0285,757,3,0.3004,0.547,1190804,432580,758224,432362,0,3964597,1439482,2029873664,2.0299,2.7911,0.737,758442,218,63.692,63.673,False,False,False,432512,1439981,0.7373,758292,-150,-0.013,63.679,432319,0,0,0,0.0,-193,-0.016,43,6769,64,0.288,0,0,0,False,207.71,216.71,243.71,208.63,189.71,280.71,208.0,0,0,59.0,60.0,67.6,3494,0,0,True,False,False
template,64,2,3962000,2.0285,757,3,0.3005,0.546,1190792,550309,640483,550212,0,3963270,1831250,2029194242,2.0292,2.7901,0.9376,640580,97,53.794,53.786,False,False,False,550264,1831423,0.9377,640528,-52,-0.004,53.79,550244,0,0,0,0.0,-20,-0.002,-32,8616,64,0.286,0,0,0,False,157.71,166.71,194.71,157.92,131.71,225.71,158.0,0,0,59.0,60.0,67.9,3495,0,0,True,False,False
hardcoded,64,2,3962000,2.0285,757,3,0.3005,0.543,1191024,802513,388511,802540,0,3963283,2670554,2029201400,2.0292,2.7902,1.3673,388484,-27,32.618,32.62,False,False,False,802403,2670098,1.3671,388621,137,0.012,32.629,802535,0,0,0,0.0,132,0.011,5,12565,64,0.275,0,0,0,False,100.73,108.73,135.73,100.95,83.73,169.73,101.0,0,0,59.0,60.0,68.1,3497,0,0,True,False,False
p1_static,64,2,3962000,2.0285,757,3,0.3006,0.446,1191289,835366,355923,835308,0,3963395,2779053,2029258354,2.0293,2.7902,1.4229,355981,58,29.882,29.877,False,False,False,835328,2779119,1.4229,355961,-20,-0.002,29.88,835345,0,0,0,0.0,17,0.001,-37,13082,64,0.295,0,0,0,False,97.7,106.7,122.7,97.34,82.7,157.7,98.0,0,0,60.0,60.0,81.7,3497,0,0,True,False,False
baseline,64,2,3962000,2.0285,757,3,0.3005,0.441,1191149,929198,261951,929105,0,3963742,3091748,2029436387,2.0294,2.7905,1.583,262044,93,21.999,21.991,False,False,False,929051,3091569,1.5829,262098,54,0.005,22.004,929062,0,0,0,0.0,11,0.001,43,14543,64,0.352,0,0,0,False,86.65,95.65,111.65,86.63,70.65,141.65,87.0,0,0,60.0,61.0,82.5,3492,0,0,True,False,False
rxonly,64,2,3962000,2.0285,757,3,0.3004,0.543,1190578,1190533,45,1190649,1190648,3963469,3963705,2029296373,2.0293,2.7903,2.0294,-71,-116,-0.006,0.004,True,False,False,,,,,,,,,,,,,,,,0,64,0.139,0,0,0,False,,,,,,,,0,0,59.0,61.0,67.8,3496,0,0,True,False,False
modular,64,2,4402000,2.2538,681,3,0.3005,0.55,1324013,431454,892559,431407,0,4405850,1435571,2255795638,2.2558,3.1017,0.735,892606,47,67.417,67.413,False,False,False,431405,1435564,0.735,892608,2,0.0,67.417,431406,0,0,0,0.0,1,0.0,1,3378,128,0.261,0,0,0,False,216.74,226.74,241.74,217.04,199.74,275.74,217.0,0,0,59.0,60.0,66.9,3494,0,0,True,False,False
template,64,2,4402000,2.2538,681,3,0.3005,0.439,1323753,553630,770123,553845,0,4405501,1843217,2255616588,2.2556,3.1015,0.9437,769908,-215,58.161,58.177,False,False,False,553728,1842828,0.9435,770025,117,0.009,58.17,553863,0,0,0,0.0,135,0.01,-18,4335,128,0.274,0,0,0,False,165.73,174.73,189.73,165.66,145.73,227.73,166.0,0,0,61.0,60.0,82.0,3495,0,0,True,False,False
hardcoded,64,2,4402000,2.2538,681,3,0.3004,0.544,1323526,807337,516189,807353,0,4405767,2687525,2255752785,2.2558,3.1017,1.376,516173,-16,39.0,39.001,False,False,False,807360,2687548,1.376,516166,-7,-0.001,38.999,807322,0,0,0,0.0,-38,-0.003,31,6317,128,0.113,0,0,0,False,104.89,113.89,128.89,104.66,87.89,151.89,105.0,0,0,60.0,61.0,68.3,3493,0,0,True,False,False
p1_static,64,2,4402000,2.2538,681,3,0.3005,0.547,1323764,835280,488484,835265,0,4405073,2779501,2255397787,2.2554,3.1012,1.4231,488499,15,36.902,36.901,False,False,False,835200,2779285,1.423,488564,65,0.005,36.907,835234,0,0,0,0.0,34,0.003,31,6539,128,0.193,0,0,0,False,97.81,106.81,124.81,98.09,83.81,155.81,98.0,0,0,59.0,61.0,67.2,3497,0,0,True,False,False
baseline,64,2,4402000,2.2538,681,3,0.3004,0.544,1323677,942989,380688,942786,0,4405660,3137921,2255698058,2.2557,3.1016,1.6066,380891,203,28.775,28.76,False,False,False,942848,3138128,1.6067,380829,-62,-0.005,28.771,942785,0,0,0,0.0,-63,-0.005,1,7378,128,0.267,0,0,0,False,94.73,102.73,118.73,96.2,80.73,137.73,95.0,0,0,59.0,60.0,68.2,3497,0,0,True,False,False
rxonly,64,2,4402000,2.2538,681,3,0.3004,0.444,1323228,1297001,26227,1296831,1296837,4405560,4317674,2255647054,2.2556,3.1015,2.2106,26397,170,1.995,1.982,True,False,False,,,,,,,,,,,,,,,,0,128,0.291,0,0,0,False,,,,,,,,0,0,60.0,60.0,81.9,3493,0,0,True,False,False
modular,64,2,4842000,2.4791,619,3,0.3004,0.44,1456206,430308,1025898,430239,0,4846819,1432002,2481571712,2.4816,3.4122,0.7332,1025967,69,70.455,70.45,False,False,False,430272,1432112,0.7332,1025934,-33,-0.002,70.453,430243,0,0,0,0.0,-29,-0.002,-4,3368,128,0.192,0,0,0,False,178.81,189.81,208.81,179.08,161.81,235.81,179.0,0,0,61.0,61.0,82.4,3496,0,0,True,False,False
template,64,2,4842000,2.4791,619,3,0.3005,0.546,1456262,558505,897757,558440,0,4846639,1858564,2481479268,2.4815,3.412,0.9516,897822,65,61.653,61.648,False,False,False,558400,1858431,0.9515,897862,40,0.003,61.655,558419,0,0,0,0.0,19,0.001,21,4371,128,0.174,0,0,0,False,149.83,159.83,179.83,150.5,135.83,205.83,150.0,0,0,60.0,61.0,67.5,3495,0,0,True,False,False
hardcoded,64,2,4842000,2.4791,619,3,0.3005,0.55,1456635,811711,644924,811709,0,4846952,2700961,2481639767,2.4816,3.4123,1.3829,644926,2,44.275,44.275,False,False,False,811683,2700875,1.3828,644952,26,0.002,44.277,811727,0,0,0,0.0,44,0.003,-18,6357,128,0.159,0,0,0,False,112.84,121.84,133.84,109.17,81.84,158.84,113.0,0,0,59.0,60.0,67.3,3500,0,0,True,False,False
p1_static,64,2,4842000,2.4791,619,3,0.3005,0.442,1456717,839732,616985,839699,0,4847167,2794064,2481749810,2.4817,3.4124,1.4306,617018,33,42.357,42.354,False,False,False,839744,2794214,1.4306,616973,-45,-0.003,42.354,839717,0,0,0,0.0,-27,-0.002,-18,6575,128,0.202,0,0,0,False,100.8,108.8,128.8,101.03,85.8,162.8,101.0,0,0,62.0,60.0,82.0,3497,0,0,True,False,False
baseline,64,2,4842000,2.4791,619,3,0.3005,0.442,1456345,944312,512033,944364,0,4846575,3142752,2481446783,2.4814,3.412,1.6091,511981,-52,35.155,35.159,False,False,False,944320,3142605,1.609,512025,44,0.003,35.158,944358,0,0,0,0.0,38,0.003,6,7390,128,0.156,0,0,0,False,92.84,100.84,122.84,92.56,70.84,159.84,93.0,0,0,60.0,60.0,81.6,3498,0,0,True,False,False
rxonly,64,2,4842000,2.4791,619,3,0.3003,0.549,1455722,1313905,141817,1313727,1313725,4846967,4374181,2481647242,2.4816,3.4123,2.2396,141995,178,9.754,9.742,True,False,False,,,,,,,,,,,,,,,,0,128,0.085,0,0,0,False,,,,,,,,0,0,59.0,60.0,67.4,3495,0,0,True,False,False
modular,64,2,5502000,2.817,545,3,0.3005,0.545,1654099,432963,1221136,432987,0,5505079,1441043,2818600685,2.8186,3.8756,0.7378,1221112,-24,73.823,73.825,False,False,False,433024,1441166,0.7379,1221075,-37,-0.002,73.821,432996,0,0,0,0.0,-28,-0.002,-9,3390,128,0.105,0,0,0,False,205.89,215.89,238.89,206.01,164.89,268.89,206.0,0,0,59.0,60.0,67.8,3495,0,0,True,False,False
template,64,2,5502000,2.817,545,3,0.3005,0.546,1653948,554349,1099599,554368,0,5504672,1845048,2818392320,2.8184,3.8753,0.9447,1099580,-19,66.482,66.483,False,False,False,554304,1844835,0.9446,1099644,64,0.004,66.486,554369,0,0,0,0.0,65,0.004,-1,4339,128,0.055,0,0,0,False,142.94,153.94,171.94,143.64,126.94,191.94,143.0,0,0,59.0,60.0,67.2,3499,0,0,True,False,False
hardcoded,64,2,5502000,2.817,545,3,0.3006,0.443,1654395,816789,837606,816942,0,5504419,2718088,2818263001,2.8183,3.8751,1.3917,837453,-153,50.62,50.629,False,False,False,816752,2717456,1.3913,837643,190,0.011,50.631,817026,0,0,0,0.0,274,0.017,-84,6396,128,0.052,0,0,0,False,107.95,116.95,131.95,107.82,93.95,155.95,108.0,0,0,60.0,61.0,81.4,3496,0,0,True,False,False
p1_static,64,2,5502000,2.817,545,3,0.3005,0.548,1654309,848385,805924,848320,0,5505213,2823041,2818669421,2.8187,3.8757,1.4454,805989,65,48.721,48.717,False,False,False,848320,2823041,1.4454,805989,0,0.0,48.721,848312,0,0,0,0.0,-8,-0.0,8,6641,128,0.097,0,0,0,False,95.9,104.9,123.9,95.95,82.9,140.9,96.0,0,0,60.0,61.0,67.9,3494,0,0,True,False,False
baseline,64,2,5502000,2.817,545,3,0.3004,0.547,1653494,940423,713071,940405,0,5504434,3130581,2818270290,2.8183,3.8751,1.6029,713089,18,43.126,43.125,False,False,False,940416,3130617,1.6029,713078,-11,-0.001,43.126,940453,0,0,0,0.0,37,0.002,-48,7357,128,0.093,0,0,0,False,82.91,92.91,113.91,83.39,68.91,155.91,83.0,0,0,60.0,61.0,67.7,3494,0,0,True,False,False
rxonly,64,2,5502000,2.817,545,3,0.3003,0.543,1653390,1282124,371266,1281978,1281976,5505027,4268396,2818574182,2.8186,3.8755,2.1854,371412,146,22.464,22.455,True,False,False,,,,,,,,,,,,,,,,0,128,0.014,0,0,0,False,,,,,,,,0,0,59.0,61.0,68.1,3495,0,0,True,False,False
rxonly,64,3,220000,0.1126,13636,3,0.3002,0.441,66060,66060,0,66042,66042,220036,219976,112658595,0.1127,0.1549,0.1126,18,18,0.027,0.0,True,False,False,,,,,,,,,,,,,,,,0,4,12.9,0,0,0,False,,,,,,,,0,0,59.0,61.0,22.6,3496,0,0,True,False,False
baseline,64,3,220000,0.1126,13636,3,0.3003,0.439,66062,66062,0,66057,0,220015,219998,112647820,0.1126,0.1549,0.1126,5,5,0.008,0.0,False,False,False,66057,219998,0.1126,5,0,0.0,0.008,66057,0,0,0,0.0,0,0.0,0,16531,4,12.691,0,0,0,False,9.31,9.31,12.31,9.07,0.0,58.31,22.0,0,0,59.0,61.0,26.1,3493,0,0,True,False,False
p1_static,64,3,220000,0.1126,13636,3,0.3003,0.546,66063,66063,0,66048,0,220023,219973,112651822,0.1127,0.1549,0.1126,15,15,0.023,0.0,False,False,False,66054,219993,0.1126,9,-6,-0.009,0.014,66045,0,0,0,0.0,-9,-0.014,3,16542,4,12.632,0,0,0,False,9.37,9.37,10.37,9.17,0.0,28.37,22.0,0,0,59.0,60.0,21.5,3496,0,0,True,False,False
hardcoded,64,3,220000,0.1126,13636,3,0.3004,0.546,66125,66125,0,66088,0,220086,219963,112684374,0.1127,0.1549,0.1126,37,37,0.056,0.0,False,False,False,66117,220060,0.1127,8,-29,-0.044,0.012,66081,0,0,0,0.0,-36,-0.054,7,16558,4,12.808,0,0,0,False,8.19,9.19,10.19,7.2,0.0,50.19,21.0,0,0,59.0,60.0,29.7,3495,0,0,True,False,False
template,64,3,220000,0.1126,13636,3,0.3004,0.445,66107,66107,0,66090,0,220041,219985,112661323,0.1127,0.1549,0.1126,17,17,0.026,0.0,False,False,False,66099,220015,0.1126,8,-9,-0.014,0.012,66088,0,0,0,0.0,-11,-0.017,2,16547,4,12.978,0,0,0,False,7.02,9.02,17.02,7.05,0.0,104.02,20.0,0,0,59.0,61.0,31.9,3496,0,0,True,False,False
modular,64,3,220000,0.1126,13636,3,0.3005,0.442,66105,66105,0,66114,0,220001,220030,112640533,0.1126,0.1549,0.1127,-9,-9,-0.014,0.0,False,False,False,66111,220021,0.1127,-6,3,0.005,-0.009,66117,0,0,0,0.0,6,0.009,-3,16553,4,12.997,0,0,0,False,9.0,10.0,26.0,9.22,0.0,99.0,22.0,0,0,59.0,61.0,34.1,3495,0,0,True,False,False
rxonly,64,3,440000,0.2253,6818,3,0.3004,0.544,132193,132193,0,132178,132180,440070,440020,225316117,0.2253,0.3098,0.2253,15,15,0.011,0.0,True,False,False,,,,,,,,,,,,,,,,0,8,6.177,0,0,0,False,,,,,,,,0,0,59.0,59.0,34.1,3495,0,0,True,False,False
baseline,64,3,440000,0.2253,6818,3,0.3005,0.546,132227,132227,0,132208,0,440051,439987,225306128,0.2253,0.3098,0.2253,19,19,0.014,0.0,False,False,False,132211,439997,0.2253,16,-3,-0.002,0.012,132209,0,0,0,0.0,-2,-0.002,-1,16551,8,6.115,0,0,0,False,5.88,8.88,18.88,5.8,0.0,67.88,12.0,0,0,59.0,59.0,44.0,3494,0,0,True,False,False
p1_static,64,3,440000,0.2253,6818,3,0.3006,0.439,132282,132282,0,132261,0,440054,439984,225307795,0.2253,0.3098,0.2253,21,21,0.016,0.0,False,False,False,132273,440024,0.2253,9,-12,-0.009,0.007,132265,0,0,0,0.0,-8,-0.006,-4,16563,8,5.897,0,0,0,False,6.1,9.1,38.1,7.92,1.1,131.1,12.0,0,0,60.0,60.0,46.4,3494,0,0,True,False,False
hardcoded,64,3,440000,0.2253,6818,3,0.3004,0.543,132212,132212,0,132177,0,440054,439938,225308033,0.2253,0.3098,0.2252,35,35,0.026,0.0,False,False,False,132192,439988,0.2253,20,-15,-0.011,0.015,132170,0,0,0,0.0,-22,-0.017,7,16552,8,6.197,0,0,0,False,7.8,8.8,29.8,7.57,0.8,96.8,14.0,0,0,59.0,60.0,39.6,3497,0,0,True,False,False
template,64,3,440000,0.2253,6818,3,0.3005,0.545,132219,132219,0,132216,0,440033,440023,225297010,0.2253,0.3098,0.2253,3,3,0.002,0.0,False,False,False,132210,440003,0.2253,9,6,0.005,0.007,132219,0,0,0,0.0,9,0.007,-3,16552,8,6.148,0,0,0,False,6.85,8.85,23.85,7.14,1.85,117.85,13.0,0,0,59.0,59.0,43.5,3497,0,0,True,False,False
modular,64,3,440000,0.2253,6818,3,0.3004,0.545,132169,132169,0,132168,0,440047,440044,225304411,0.2253,0.3098,0.2253,1,1,0.001,0.0,False,False,False,132167,440041,0.2253,2,1,0.001,0.002,132170,0,0,0,0.0,3,0.002,-2,16538,8,6.185,0,0,0,False,6.81,9.81,25.81,6.77,0.81,120.81,13.0,0,0,59.0,59.0,50.0,3495,0,0,True,False,False
rxonly,64,3,880000,0.4506,3409,3,0.3003,0.543,264318,264318,0,264310,264312,880073,880047,450597711,0.4506,0.6196,0.4506,8,8,0.003,0.0,True,False,False,,,,,,,,,,,,,,,,0,16,2.846,0,0,0,False,,,,,,,,0,0,59.0,59.0,42.9,3493,0,0,True,False,False
baseline,64,3,880000,0.4506,3409,3,0.3005,0.441,264429,264429,0,264428,0,879962,879958,450540666,0.4505,0.6195,0.4505,1,1,0.0,0.0,False,False,False,264396,879852,0.4505,33,32,0.012,0.012,264428,0,0,0,0.0,32,0.012,0,16548,16,2.855,0,0,0,False,6.15,10.15,41.15,7.63,0.15,88.15,9.0,0,0,59.0,59.0,62.7,3495,0,0,True,False,False
p1_static,64,3,880000,0.4506,3409,3,0.3005,0.543,264495,264495,0,264487,0,880067,880041,450594796,0.4506,0.6196,0.4506,8,8,0.003,0.0,False,False,False,264495,880067,0.4506,0,-8,-0.003,0.0,264478,0,0,0,0.0,-17,-0.006,9,16562,16,2.862,0,0,0,False,5.14,9.14,29.14,6.11,0.14,66.14,8.0,0,0,59.0,60.0,53.8,3495,0,0,True,False,False
hardcoded,64,3,880000,0.4506,3409,3,0.3004,0.542,264369,264369,0,264371,0,880031,880038,450576225,0.4506,0.6195,0.4506,-2,-2,-0.001,0.0,False,False,False,264351,879971,0.4505,18,20,0.008,0.007,264367,0,0,0,0.0,16,0.006,4,16543,16,2.867,0,0,0,False,5.13,9.13,34.13,6.5,0.13,92.13,8.0,0,0,59.0,60.0,55.0,3496,0,0,True,False,False
template,64,3,880000,0.4506,3409,3,0.3004,0.548,264380,264380,0,264378,0,880193,880187,450659278,0.4507,0.6197,0.4507,2,2,0.001,0.0,False,False,False,264375,880177,0.4507,5,3,0.001,0.002,264389,0,0,0,0.0,14,0.005,-11,16539,16,2.89,0,0,0,False,7.11,11.11,53.11,8.92,1.11,111.11,10.0,0,0,59.0,59.0,56.2,3496,0,0,True,False,False
modular,64,3,880000,0.4506,3409,3,0.3005,0.44,264421,264421,0,264424,0,880049,880059,450585584,0.4506,0.6196,0.4506,-3,-3,-0.001,0.0,False,False,False,264417,880036,0.4506,4,7,0.003,0.002,264433,0,0,0,0.0,16,0.006,-9,16551,16,2.905,0,0,0,False,7.1,14.1,48.1,9.3,2.1,100.1,10.0,0,0,60.0,59.0,74.7,3496,0,0,True,False,False
rxonly,64,3,1321000,0.6764,2271,3,0.3003,0.549,396728,396728,0,396615,396618,1321033,1320657,676369312,0.6764,0.93,0.6762,113,113,0.028,0.0,True,False,False,,,,,,,,,,,,,,,,0,32,1.765,0,0,0,False,,,,,,,,0,0,59.0,60.0,49.6,3497,0,0,True,False,False
baseline,64,3,1321000,0.6764,2271,3,0.3004,0.544,396906,396906,0,396743,0,1321255,1320712,676482688,0.6765,0.9302,0.6762,163,163,0.041,0.0,False,False,False,396813,1320945,0.6763,93,-70,-0.018,0.023,396736,0,0,0,0.0,-77,-0.019,7,12415,32,1.773,0,0,0,False,6.23,18.23,44.23,8.84,0.23,88.23,8.0,0,0,59.0,60.0,57.4,3497,0,0,True,False,False
p1_static,64,3,1321000,0.6764,2271,3,0.3005,0.546,396987,396987,0,396933,0,1321065,1320885,676385577,0.6764,0.93,0.6763,54,54,0.014,0.0,False,False,False,396948,1320935,0.6763,39,-15,-0.004,0.01,396926,0,0,0,0.0,-22,-0.006,7,12424,32,1.776,0,0,0,False,6.22,14.22,47.22,9.07,1.22,91.22,8.0,0,0,59.0,59.0,58.4,3499,0,0,True,False,False
hardcoded,64,3,1321000,0.6764,2271,3,0.3006,0.441,397032,397032,0,397050,0,1321018,1321078,676361280,0.6764,0.93,0.6764,-18,-18,-0.005,0.0,False,False,False,397047,1321068,0.6764,-15,3,0.001,-0.004,397075,0,0,0,0.0,28,0.007,-25,12433,32,1.601,0,0,0,False,6.4,11.4,37.4,8.38,1.4,85.4,8.0,0,0,59.0,59.0,70.6,3499,0,0,True,False,False
template,64,3,1321000,0.6764,2271,3,0.3004,0.544,396818,396818,0,396797,0,1321086,1321016,676396344,0.6764,0.93,0.6764,21,21,0.005,0.0,False,False,False,396840,1321159,0.6764,-22,-43,-0.011,-0.006,396813,0,0,0,0.0,-27,-0.007,-16,12413,32,1.765,0,0,0,False,7.23,25.23,54.23,11.4,0.23,118.23,9.0,0,0,59.0,60.0,65.6,3493,0,0,True,False,False
modular,64,3,1321000,0.6764,2271,3,0.3005,0.549,396931,396931,0,396965,0,1321042,1321155,676373586,0.6764,0.93,0.6764,-34,-34,-0.009,0.0,False,False,False,396891,1320909,0.6763,40,74,0.019,0.01,396976,0,0,0,0.0,85,0.021,-11,12422,32,1.826,0,0,0,False,30.17,67.17,121.17,35.85,2.17,163.17,32.0,0,0,59.0,60.0,67.1,3497,0,0,True,False,False
rxonly,64,3,1761000,0.9016,1703,3,0.3004,0.544,529176,529176,0,529159,529159,1761734,1761678,902008307,0.902,1.2403,0.902,17,17,0.003,0.0,True,False,False,,,,,,,,,,,,,,,,0,32,1.082,0,0,0,False,,,,,,,,0,0,59.0,58.0,53.5,3495,0,0,True,False,False
baseline,64,3,1761000,0.9016,1703,3,0.3004,0.44,529297,529297,0,529214,0,1761734,1761457,902007811,0.902,1.2403,0.9019,83,83,0.016,0.0,False,False,False,529251,1761580,0.9019,46,-37,-0.007,0.009,529222,0,0,0,0.0,-29,-0.005,-8,16561,32,1.069,0,0,0,False,6.93,14.93,38.93,8.98,0.93,90.93,8.0,0,0,60.0,58.0,74.3,3497,0,0,True,False,False
p1_static,64,3,1761000,0.9016,1703,3,0.3005,0.547,529494,529494,0,529429,0,1761776,1761560,902029466,0.902,1.2403,0.9019,65,65,0.012,0.0,False,False,False,529455,1761646,0.902,39,-26,-0.005,0.007,529453,0,0,0,0.0,-2,-0.0,-24,16581,32,1.155,0,0,0,False,8.84,33.84,72.84,13.54,0.84,147.84,10.0,0,2,60.0,60.0,63.7,3496,0,0,True,False,True
hardcoded,64,3,1761000,0.9016,1703,3,0.3005,0.544,529292,529292,0,529258,0,1761538,1761424,901907482,0.9019,1.2401,0.9018,34,34,0.006,0.0,False,False,False,529215,1761281,0.9018,77,43,0.008,0.015,529264,0,0,0,0.0,49,0.009,-6,16567,32,1.235,0,0,0,False,8.76,29.76,56.76,12.98,0.76,100.76,10.0,0,0,59.0,60.0,65.4,3496,0,0,True,False,False
template,64,3,1761000,0.9016,1703,3,0.3004,0.547,529309,529041,268,529013,0,1761892,1760907,902089175,0.9021,1.2404,0.9016,296,28,0.056,0.051,False,False,False,529084,1761143,0.9017,225,-71,-0.013,0.043,529019,0,0,0,0.0,-65,-0.012,-6,16556,32,1.269,0,0,0,False,67.73,109.73,152.73,68.78,7.73,213.73,69.0,0,0,59.0,59.0,67.8,3496,0,0,True,False,False
modular,64,3,1761000,0.9016,1703,3,0.3004,0.443,529321,433628,95693,433502,0,1761936,1442986,902111461,0.9021,1.2404,0.7388,95819,126,18.102,18.078,False,False,False,433552,1443152,0.7389,95769,-50,-0.009,18.093,433478,0,0,0,0.0,-74,-0.014,24,13569,32,1.294,0,0,0,False,197.71,213.71,232.71,197.76,170.71,274.71,199.0,0,0,60.0,59.0,81.3,3492,0,0,True,False,False
rxonly,64,3,2201000,1.1269,1363,3,0.3003,0.544,661010,661010,0,660753,660750,2201258,2200403,1127044563,1.127,1.5497,1.1266,257,257,0.039,0.0,True,False,False,,,,,,,,,,,,,,,,0,64,0.911,0,0,0,False,,,,,,,,0,0,59.0,60.0,59.4,3495,0,0,True,False,False
baseline,64,3,2201000,1.1269,1363,3,0.3005,0.544,661485,661485,0,661503,0,2201131,2201191,1126979432,1.127,1.5496,1.127,-18,-18,-0.003,0.0,False,False,False,661497,2201171,1.127,-12,6,0.001,-0.002,661512,0,0,0,0.0,15,0.002,-9,10351,64,0.902,0,0,0,False,10.1,32.1,69.1,15.0,1.1,121.1,11.0,0,0,59.0,60.0,66.1,3496,0,0,True,False,False
p1_static,64,3,2201000,1.1269,1363,3,0.3004,0.441,661191,661050,141,661027,0,2200954,2200408,1126888772,1.1269,1.5495,1.1266,164,23,0.025,0.021,False,False,False,661023,2200395,1.1266,168,4,0.001,0.025,661021,0,0,0,0.0,-2,-0.0,6,10342,64,0.888,0,0,0,False,12.11,39.11,84.11,18.1,1.11,149.11,13.0,0,0,60.0,61.0,81.8,3497,0,0,True,False,False
hardcoded,64,3,2201000,1.1269,1363,3,0.3004,0.547,661232,661232,0,661204,0,2201157,2201064,1126992619,1.127,1.5496,1.1269,28,28,0.004,0.0,False,False,False,661227,2201140,1.127,5,-23,-0.003,0.001,661183,0,0,0,0.0,-44,-0.007,21,10344,64,0.909,0,0,0,False,12.09,42.09,83.09,18.97,1.09,168.09,13.0,0,0,59.0,61.0,66.7,3492,0,0,True,False,False
template,64,3,2201000,1.1269,1363,3,0.3004,0.542,661166,558854,102312,558825,0,2201287,1860553,1127059320,1.1271,1.5497,0.9526,102341,29,15.479,15.474,False,False,False,558848,1860629,0.9526,102318,-23,-0.003,15.475,558859,0,0,0,0.0,11,0.002,-34,8744,64,0.948,0,0,0,False,167.05,177.05,195.05,167.54,131.05,219.05,168.0,0,0,59.0,60.0,68.0,3495,0,0,True,False,False
modular,64,3,2201000,1.1269,1363,3,0.3003,0.543,661060,429528,231532,429508,0,2200979,1430033,1126901252,1.1269,1.5495,0.7322,231552,20,35.027,35.024,False,False,False,429565,1430223,0.7323,231495,-57,-0.009,35.019,429522,0,0,0,0.0,-43,-0.007,-14,6723,64,0.892,0,0,0,False,211.11,220.11,248.11,211.31,180.11,284.11,212.0,0,0,59.0,60.0,68.0,3494,0,0,True,False,False
rxonly,64,3,2641000,1.3522,1135,3,0.3004,0.442,794058,794058,0,793955,793955,2643387,2643045,1353414600,1.3534,1.8609,1.3532,103,103,0.013,0.0,True,False,False,,,,,,,,,,,,,,,,0,64,0.687,0,0,0,False,,,,,,,,0,0,59.0,61.0,74.8,3497,0,0,True,False,False
baseline,64,3,2641000,1.3522,1135,3,0.3005,0.546,794276,794064,212,794008,0,2643279,2642387,1353359076,1.3534,1.8609,1.3529,268,56,0.034,0.027,False,False,False,794015,2642410,1.3529,261,-7,-0.001,0.033,794022,0,0,0,0.0,7,0.001,-14,12426,64,0.606,0,0,0,False,14.39,45.39,84.39,20.02,1.39,128.39,15.0,0,0,59.0,61.0,67.4,3495,0,0,True,False,False
p1_static,64,3,2641000,1.3522,1135,3,0.3004,0.544,794070,793272,798,793206,0,2643395,2640519,1353418521,1.3534,1.861,1.3519,864,66,0.109,0.1,False,False,False,793216,2640552,1.352,854,-10,-0.001,0.108,793239,0,0,0,0.0,23,0.003,-33,12413,64,0.704,0,0,0,False,55.3,71.3,101.3,55.0,11.3,149.3,56.0,0,0,59.0,59.0,68.0,3496,0,0,True,False,False
hardcoded,64,3,2641000,1.3522,1135,3,0.3005,0.442,794481,791778,2703,791677,0,2643670,2634339,1353559045,1.3536,1.8611,1.3488,2804,101,0.353,0.34,False,False,False,791797,2634738,1.349,2684,-120,-0.015,0.338,791656,0,0,0,0.0,-141,-0.018,21,12395,64,0.729,0,0,0,False,72.27,94.27,114.27,75.65,48.27,152.27,73.0,0,0,60.0,59.0,81.7,3492,0,0,True,False,False
template,64,3,2641000,1.3522,1135,3,0.3003,0.549,793893,551952,241941,551882,0,2643300,1837514,1353369716,1.3534,1.8609,0.9408,242011,70,30.484,30.475,False,False,False,551903,1837584,0.9408,241990,-21,-0.003,30.481,551886,0,0,0,0.0,-17,-0.002,-4,8636,64,0.636,0,0,0,False,163.36,172.36,185.36,162.71,128.36,215.36,164.0,0,0,59.0,61.0,67.3,3492,0,0,True,False,False
modular,64,3,2641000,1.3522,1135,3,0.3004,0.542,794130,427203,366927,427254,0,2643186,1422074,1353311243,1.3533,1.8608,0.7281,366876,-51,46.198,46.205,False,False,False,427200,1421894,0.728,366930,54,0.007,46.205,427274,0,0,0,0.0,74,0.009,-20,6688,64,0.725,0,0,0,False,188.28,198.28,221.28,188.39,167.28,255.28,189.0,0,0,59.0,61.0,67.9,3493,0,0,True,False,False
rxonly,64,3,3081000,1.5775,973,3,0.3016,0.546,929816,929816,0,930079,930097,3083289,3084161,1578644234,1.5786,2.1706,1.5791,-263,-263,-0.028,0.0,True,False,False,,,,,,,,,,,,,,,,0,64,0.521,0,0,0,False,,,,,,,,0,0,59.0,59.0,66.8,3495,0,0,True,False,False
baseline,64,3,3081000,1.5775,973,3,0.3005,0.443,926549,924075,2474,924129,0,3083476,3075422,1578739870,1.5787,2.1708,1.5746,2420,-54,0.261,0.267,False,False,False,924032,3075099,1.5745,2517,97,0.01,0.272,924133,0,0,0,0.0,101,0.011,-4,14462,64,0.577,0,0,0,False,64.42,80.42,97.42,66.53,47.42,134.42,65.0,0,0,61.0,59.0,82.1,3497,0,0,True,False,False
p1_static,64,3,3081000,1.5775,973,3,0.3005,0.442,926587,849594,76993,849432,0,3083445,2826693,1578724300,1.5787,2.1707,1.4473,77155,162,8.327,8.309,False,False,False,849523,2826996,1.4474,77064,-91,-0.01,8.317,849476,0,0,0,0.0,-47,-0.005,-44,13313,64,0.514,0,0,0,False,98.49,106.49,121.49,99.21,82.49,148.49,99.0,0,0,60.0,61.0,82.4,3494,0,0,True,False,False
hardcoded,64,3,3081000,1.5775,973,3,0.3004,0.548,926684,815365,111319,814793,0,3084892,2712411,1579464781,1.5795,2.1718,1.3888,111891,572,12.074,12.013,False,False,False,815168,2713660,1.3894,111516,-375,-0.04,12.034,814687,0,0,0,0.0,-481,-0.052,106,12759,64,0.563,0,0,0,False,101.44,110.44,124.44,102.2,84.44,163.44,102.0,0,0,59.0,61.0,67.8,3494,0,0,True,False,False
template,64,3,3081000,1.5775,973,3,0.3005,0.544,926593,548601,377992,548580,0,3083603,1825616,1578804956,1.5788,2.1709,0.9347,378013,21,40.796,40.794,False,False,False,548544,1825496,0.9347,378049,36,0.004,40.8,548585,0,0,0,0.0,41,0.004,-5,8588,64,0.52,0,0,0,False,144.48,153.48,169.48,144.34,128.48,214.48,145.0,0,0,59.0,60.0,67.9,3495,0,0,True,False,False
modular,64,3,3081000,1.5775,973,3,0.3005,0.544,926569,429052,497517,429033,0,3083829,1427918,1578920686,1.5789,2.171,0.7311,497536,19,53.697,53.695,False,False,False,429056,1427994,0.7311,497513,-23,-0.002,53.694,428984,0,0,0,0.0,-72,-0.008,49,6717,64,0.491,0,0,0,False,189.51,200.51,219.51,190.15,172.51,267.51,190.0,0,0,59.0,60.0,67.8,3496,0,0,True,False,False
rxonly,64,3,3522000,1.8033,851,3,0.3002,0.44,1058454,1058454,0,1058312,1058308,3525570,3525097,1805091934,1.8051,2.482,1.8048,142,142,0.013,0.0,True,False,False,,,,,,,,,,,,,,,,0,64,0.423,0,0,0,False,,,,,,,,0,0,60.0,60.0,82.2,3492,0,0,True,False,False
baseline,64,3,3522000,1.8033,851,3,0.3004,0.547,1058974,941642,117332,941961,0,3524914,3135423,1804756202,1.8048,2.4815,1.6053,117013,-319,11.05,11.08,False,False,False,941760,3134754,1.605,117214,201,0.019,11.069,942000,0,0,0,0.0,240,0.023,-39,14739,64,0.462,0,0,0,False,90.54,99.54,116.54,90.68,73.54,155.54,91.0,0,0,59.0,60.0,67.3,3494,0,0,True,False,False
p1_static,64,3,3522000,1.8033,851,3,0.3005,0.543,1059533,835926,223607,835945,0,3525374,2781432,1804991662,1.805,2.4819,1.4241,223588,-19,21.103,21.104,False,False,False,835888,2781242,1.424,223645,57,0.005,21.108,835976,0,0,0,0.0,88,0.008,-31,13088,64,0.449,0,0,0,False,96.55,104.55,124.55,96.05,81.55,165.55,97.0,0,0,59.0,60.0,68.0,3495,0,0,True,False,False
hardcoded,64,3,3522000,1.8033,851,3,0.3005,0.446,1059598,813217,246381,813058,0,3525877,2705500,1805249165,1.8052,2.4822,1.3852,246540,159,23.267,23.252,False,False,False,813104,2705653,1.3853,246494,-46,-0.004,23.263,813073,0,0,0,0.0,-31,-0.003,-15,12731,64,0.395,0,0,0,False,97.6,106.6,125.6,97.69,82.6,173.6,98.0,0,0,60.0,60.0,81.2,3497,0,0,True,False,False
template,64,3,3522000,1.8033,851,3,0.3004,0.543,1058874,544748,514126,544692,0,3525265,1813420,1804935790,1.8049,2.4818,0.9285,514182,56,48.559,48.554,False,False,False,544704,1813460,0.9285,514170,-12,-0.001,48.558,544699,0,0,0,0.0,-5,-0.0,-7,8523,64,0.439,0,0,0,False,158.56,168.56,189.56,159.14,141.56,230.56,159.0,0,0,60.0,61.0,67.5,3496,0,0,True,False,False
modular,64,3,3522000,1.8033,851,3,0.3004,0.549,1059349,429315,630034,429191,0,3525944,1428522,1805283830,1.8053,2.4823,0.7314,630158,124,59.485,59.474,False,False,False,429248,1428712,0.7315,630101,-57,-0.005,59.48,429164,0,0,0,0.0,-84,-0.008,27,6720,64,0.442,0,0,0,False,209.56,218.56,239.56,210.31,189.56,275.56,210.0,0,0,59.0,61.0,67.1,3496,0,0,True,False,False
rxonly,64,3,3962000,2.0285,757,3,0.3003,0.544,1190374,1190307,67,1190253,1190260,3963332,3962929,2029226078,2.0292,2.7902,2.029,121,54,0.01,0.006,True,False,False,,,,,,,,,,,,,,,,0,64,0.238,0,0,0,False,,,,,,,,0,0,58.0,59.0,67.7,3496,0,0,True,False,False
baseline,64,3,3962000,2.0285,757,3,0.3005,0.443,1190838,952194,238644,952074,0,3963428,3168757,2029275483,2.0293,2.7903,1.6224,238764,120,20.05,20.04,False,False,False,952093,3168821,1.6224,238745,-19,-0.002,20.048,952078,0,0,0,0.0,-15,-0.001,-4,14899,64,0.302,0,0,0,False,80.7,90.7,113.7,81.28,66.7,146.7,81.0,0,0,60.0,59.0,81.3,3494,0,0,True,False,False
p1_static,64,3,3962000,2.0285,757,3,0.3005,0.546,1191079,842390,348689,842402,0,3963195,2803008,2029156303,2.0292,2.7901,1.4351,348677,-12,29.274,29.275,False,False,False,842368,2802895,1.4351,348711,34,0.003,29.277,842458,0,0,0,0.0,90,0.008,-56,13191,64,0.299,0,0,0,False,99.7,108.7,121.7,99.79,86.7,152.7,100.0,0,0,59.0,61.0,67.5,3497,0,0,True,False,False
hardcoded,64,3,3962000,2.0285,757,3,0.3005,0.544,1191069,793625,397444,793693,0,3963171,2640939,2029143800,2.0291,2.7901,1.3522,397376,-68,33.363,33.369,False,False,False,793584,2640577,1.352,397485,109,0.009,33.372,793723,0,0,0,0.0,139,0.012,-30,12428,64,0.349,0,0,0,False,105.65,114.65,132.65,105.55,89.65,165.65,106.0,0,0,59.0,61.0,68.2,3497,0,0,True,False,False
template,64,3,3962000,2.0285,757,3,0.3004,0.438,1190761,552143,638618,552114,0,3963587,1837775,2029356599,2.0294,2.7904,0.9409,638647,29,53.634,53.631,False,False,False,552067,1837619,0.9409,638694,47,0.004,53.637,552118,0,0,0,0.0,51,0.004,-4,8642,64,0.302,0,0,0,False,152.7,161.7,185.7,152.74,136.7,217.7,153.0,0,0,61.0,62.0,83.0,3495,0,0,True,False,False
modular,64,3,3962000,2.0285,757,3,0.3004,0.441,1190627,430164,760463,429964,0,3963693,1431384,2029411013,2.0294,2.7904,0.7329,760663,200,63.888,63.871,False,False,False,430080,1431771,0.7331,760547,-116,-0.01,63.878,429954,0,0,0,0.0,-126,-0.011,10,6731,64,0.306,0,0,0,False,216.69,226.69,242.69,217.22,169.69,275.69,217.0,0,0,60.0,62.0,82.1,3492,0,0,True,False,False
rxonly,64,3,4402000,2.2538,681,3,0.3003,0.548,1323141,1319170,3971,1319090,1319101,4405394,4391906,2255562093,2.2556,3.1014,2.2487,4051,80,0.306,0.3,True,False,False,,,,,,,,,,,,,,,,0,128,0.176,0,0,0,False,,,,,,,,0,0,59.0,60.0,67.7,3494,0,0,True,False,False
baseline,64,3,4402000,2.2538,681,3,0.3005,0.549,1323674,941169,382505,941300,0,4405275,3132709,2255500985,2.2555,3.1013,1.6039,382374,-131,28.887,28.897,False,False,False,941184,3132323,1.6037,382490,116,0.009,28.896,941229,0,0,0,0.0,45,0.003,71,7363,128,0.232,0,0,0,False,81.77,90.77,115.77,81.95,68.77,146.77,82.0,0,0,59.0,60.0,67.1,3493,0,0,True,False,False
p1_static,64,3,4402000,2.2538,681,3,0.3005,0.442,1323967,848329,475638,848119,0,4405848,2822339,2255794515,2.2558,3.1017,1.445,475848,210,35.941,35.925,False,False,False,848215,2822658,1.4452,475752,-96,-0.007,35.934,848125,0,0,0,0.0,-90,-0.007,-6,6639,128,0.101,0,0,0,False,93.9,111.9,129.9,95.49,77.9,156.9,94.0,0,0,60.0,61.0,81.9,3497,0,0,True,False,False
hardcoded,64,3,4402000,2.2538,681,3,0.3005,0.543,1324085,804121,519964,804178,0,4406274,2676134,2256012753,2.256,3.102,1.3702,519907,-57,39.265,39.27,False,False,False,804080,2675808,1.37,520005,98,0.007,39.273,804150,0,0,0,0.0,70,0.005,28,6295,128,0.206,0,0,0,False,103.79,112.79,129.79,103.82,87.79,176.79,104.0,0,0,60.0,61.0,68.2,3498,0,0,True,False,False
template,64,3,4402000,2.2538,681,3,0.3004,0.543,1323625,555456,768169,555433,0,4405626,1848733,2255680549,2.2557,3.1016,0.9466,768192,23,58.037,58.035,False,False,False,555456,1848810,0.9466,768169,-23,-0.002,58.035,555448,0,0,0,0.0,-8,-0.001,-15,4348,128,0.273,0,0,0,False,149.73,158.73,172.73,149.15,134.73,201.73,150.0,0,0,59.0,60.0,68.4,3492,0,0,True,False,False
modular,64,3,4402000,2.2538,681,3,0.3004,0.549,1323522,433593,889929,433552,0,4405452,1443113,2255591466,2.2556,3.1014,0.7389,889970,41,67.243,67.239,False,False,False,433536,1443060,0.7388,889986,16,0.001,67.244,433557,0,0,0,0.0,21,0.002,-5,3395,128,0.265,0,0,0,False,213.73,222.73,242.73,213.65,185.73,272.73,214.0,0,0,59.0,60.0,67.1,3494,0,0,True,False,False
rxonly,64,3,4842000,2.4791,619,3,0.3003,0.441,1455896,1303138,152758,1302889,1302883,4847358,4337926,2481847636,2.4818,3.4125,2.221,153007,249,10.509,10.492,True,False,False,,,,,,,,,,,,,,,,0,128,0.058,0,0,0,False,,,,,,,,0,0,61.0,62.0,82.4,3496,0,0,True,False,False
baseline,64,3,4842000,2.4791,619,3,0.3005,0.439,1456729,954873,501856,954654,0,4847606,3176834,2481974441,2.482,3.4127,1.6265,502075,219,34.466,34.451,False,False,False,954857,3177509,1.6269,501872,-203,-0.014,34.452,954686,0,0,0,0.0,-171,-0.012,-32,7472,128,0.07,0,0,0,False,91.93,99.93,115.93,93.4,80.93,145.93,92.0,0,0,60.0,62.0,82.7,3495,0,0,True,False,False
p1_static,64,3,4842000,2.4791,619,3,0.3004,0.544,1455913,840763,615150,840637,0,4846879,2798564,2481602299,2.4816,3.4122,1.4329,615276,126,42.26,42.252,False,False,False,840656,2798627,1.4329,615257,-19,-0.001,42.259,840624,0,0,0,0.0,-32,-0.002,13,6579,128,0.185,0,0,0,False,99.81,108.81,126.81,99.92,85.81,165.81,100.0,0,0,60.0,60.0,67.4,3494,0,0,True,False,False
hardcoded,64,3,4842000,2.4791,619,3,0.3006,0.545,1456883,811416,645467,811480,0,4847081,2699811,2481705522,2.4817,3.4123,1.3823,645403,-64,44.3,44.305,False,False,False,811440,2699678,1.3822,645443,40,0.003,44.303,811503,0,0,0,0.0,63,0.004,-23,6353,128,0.152,0,0,0,False,100.85,109.85,126.85,101.12,87.85,161.85,101.0,0,0,59.0,60.0,67.6,3497,0,0,True,False,False
template,64,3,4842000,2.4791,619,3,0.3005,0.444,1456397,552380,904017,552398,0,4847204,1838500,2481768894,2.4818,3.4124,0.9413,903999,-18,62.071,62.072,False,False,False,552384,1838453,0.9413,904013,14,0.001,62.072,552420,0,0,0,0.0,36,0.002,-22,4323,128,0.096,0,0,0,False,166.9,175.9,193.9,166.86,151.9,221.9,167.0,0,0,60.0,61.0,82.0,3494,0,0,True,False,False
modular,64,3,4842000,2.4791,619,3,0.3004,0.549,1455956,435042,1020914,435021,0,4847382,1448335,2481859765,2.4819,3.4126,0.7415,1020935,21,70.121,70.12,False,False,False,435072,1448505,0.7416,1020884,-51,-0.004,70.118,435023,0,0,0,0.0,-49,-0.003,-2,3404,128,0.113,0,0,0,False,191.89,200.89,216.89,191.79,173.89,241.89,192.0,0,0,60.0,61.0,66.9,3494,0,0,True,False,False
rxonly,64,3,5502000,2.817,545,3,0.3004,0.546,1653535,1296126,357409,1296097,1296111,5504854,4314892,2818485392,2.8185,3.8754,2.2092,357438,29,21.617,21.615,True,False,False,,,,,,,,,,,,,,,,0,128,0.06,0,0,0,False,,,,,,,,0,0,59.0,60.0,67.9,3496,0,0,True,False,False
baseline,64,3,5502000,2.817,545,3,0.3005,0.438,1654499,951391,703108,951440,0,5505493,3166001,2818812815,2.8188,3.8759,1.621,703059,-49,42.494,42.497,False,False,False,951388,3165828,1.6209,703111,52,0.003,42.497,951472,0,0,0,0.0,84,0.005,-32,7446,128,0.034,0,0,0,False,90.97,98.97,124.97,90.97,73.97,153.97,91.0,0,0,60.0,60.0,82.2,3495,0,0,True,False,False
p1_static,64,3,5502000,2.817,545,3,0.3005,0.542,1654538,852766,801772,852511,0,5505240,2836609,2818683217,2.8187,3.8757,1.4523,802027,255,48.474,48.459,False,False,False,852592,2836879,1.4525,801946,-81,-0.005,48.469,852494,0,0,0,0.0,-98,-0.006,17,6674,128,0.04,0,0,0,False,93.96,113.96,126.96,96.91,77.96,152.96,94.0,0,0,60.0,61.0,67.6,3496,0,0,True,False,False
hardcoded,64,3,5502000,2.817,545,3,0.3005,0.546,1654043,810118,843925,810048,0,5504553,2695789,2818331214,2.8183,3.8752,1.3802,843995,70,51.026,51.022,False,False,False,810048,2695789,1.3802,843995,0,0.0,51.026,810021,0,0,0,0.0,-27,-0.002,27,6342,128,0.073,0,0,0,False,108.93,117.93,137.93,108.76,82.93,169.93,109.0,0,0,59.0,61.0,68.0,3497,0,0,True,False,False
template,64,3,5502000,2.817,545,3,0.3005,0.44,1654228,558869,1095359,558931,0,5505238,1860111,2818682002,2.8187,3.8757,0.9524,1095297,-62,66.212,66.216,False,False,False,558912,1860048,0.9523,1095316,19,0.001,66.213,558981,0,0,0,0.0,69,0.004,-50,4375,128,0.139,0,0,0,False,141.86,150.86,170.86,141.64,127.86,194.86,142.0,0,0,62.0,62.0,81.7,3498,0,0,True,False,False
modular,64,3,5502000,2.817,545,3,0.3005,0.444,1654145,433184,1220961,433214,0,5505228,1441797,2818677015,2.8187,3.8757,0.7382,1220931,-30,73.81,73.812,False,False,False,433193,1441727,0.7382,1220952,21,0.001,73.812,433227,0,0,0,0.0,34,0.002,-13,3391,128,0.088,0,0,0,False,205.91,215.91,228.91,205.5,186.91,268.91,206.0,0,0,60.0,62.0,81.5,3493,0,0,True,False,False
modular,64,4,220000,0.1126,13636,3,0.3003,0.544,66085,66085,0,66066,0,220036,219972,112658480,0.1127,0.1549,0.1126,19,19,0.029,0.0,False,False,False,66069,219982,0.1126,16,-3,-0.005,0.024,66066,0,0,0,0.0,-3,-0.005,0,16541,4,12.961,0,0,0,False,10.04,10.04,11.04,9.6,0.0,89.04,23.0,0,0,59.0,60.0,27.0,3495,0,0,True,False,False
template,64,4,220000,0.1126,13636,3,0.3004,0.55,66108,66108,0,66102,0,220042,220022,112661573,0.1127,0.1549,0.1127,6,6,0.009,0.0,False,False,False,66103,220025,0.1127,5,-1,-0.002,0.008,66100,0,0,0,0.0,-3,-0.005,2,16547,4,12.964,0,0,0,False,6.04,9.04,23.04,7.01,1.04,90.04,19.0,0,0,59.0,60.0,26.7,3497,0,0,True,False,False
hardcoded,64,4,220000,0.1126,13636,3,0.3005,0.442,66119,66119,0,66116,0,220014,220004,112647243,0.1126,0.1549,0.1126,3,3,0.005,0.0,False,False,False,66114,219997,0.1126,5,2,0.003,0.008,66119,0,0,0,0.0,5,0.008,-3,16559,4,12.823,0,0,0,False,7.18,8.18,19.18,7.01,0.0,85.18,20.0,0,0,59.0,60.0,38.0,3494,0,0,True,False,False
p1_static,64,4,220000,0.1126,13636,3,0.3004,0.546,66089,66089,0,66081,0,220025,219999,112653154,0.1127,0.1549,0.1126,8,8,0.012,0.0,False,False,False,66084,220009,0.1126,5,-3,-0.005,0.008,66081,0,0,0,0.0,-3,-0.005,0,16542,4,12.973,0,0,0,False,9.03,9.03,13.03,8.81,3.03,81.03,22.0,0,0,59.0,60.0,22.6,3493,0,0,True,False,False
baseline,64,4,220000,0.1126,13636,3,0.3005,0.543,66109,66109,0,66105,0,220030,220016,112655442,0.1127,0.1549,0.1126,4,4,0.006,0.0,False,False,False,66105,220016,0.1126,4,0,0.0,0.006,66105,0,0,0,0.0,0,0.0,0,16551,4,12.893,0,0,0,False,9.11,9.11,27.11,9.25,0.11,96.11,22.0,0,0,59.0,59.0,22.1,3499,0,0,True,False,False
rxonly,64,4,220000,0.1126,13636,3,0.3003,0.543,66082,66082,0,66072,66072,220017,219984,112649097,0.1126,0.1549,0.1126,10,10,0.015,0.0,True,False,False,,,,,,,,,,,,,,,,0,4,12.987,0,0,0,False,,,,,,,,0,0,59.0,59.0,17.3,3496,0,0,True,False,False
modular,64,4,440000,0.2253,6818,3,0.3005,0.442,132205,132205,0,132219,0,440015,440061,225287791,0.2253,0.3098,0.2253,-14,-14,-0.011,0.0,False,False,False,132204,440011,0.2253,1,15,0.011,0.001,132222,0,0,0,0.0,18,0.014,-3,16550,8,6.113,0,0,0,False,7.89,9.89,37.89,8.35,0.89,128.89,14.0,0,0,59.0,60.0,58.5,3494,0,0,True,False,False
template,64,4,440000,0.2253,6818,3,0.3004,0.55,132205,132205,0,132198,0,440037,440014,225299437,0.2253,0.3098,0.2253,7,7,0.005,0.0,False,False,False,132198,440014,0.2253,7,0,0.0,0.005,132198,0,0,0,0.0,0,0.0,0,16549,8,6.203,0,0,0,False,7.8,9.8,23.8,7.6,0.0,102.8,14.0,0,0,59.0,60.0,42.7,3496,0,0,True,False,False
hardcoded,64,4,440000,0.2253,6818,3,0.3005,0.547,132246,132246,0,132204,0,440087,439948,225325048,0.2253,0.3098,0.2253,42,42,0.032,0.0,False,False,False,132225,440018,0.2253,21,-21,-0.016,0.016,132200,0,0,0,0.0,-25,-0.019,4,16573,8,6.097,0,0,0,False,8.9,9.9,36.9,8.42,1.9,94.9,15.0,0,0,59.0,59.0,39.4,3495,0,0,True,False,False
p1_static,64,4,440000,0.2253,6818,3,0.3005,0.438,132268,132268,0,132213,0,440154,439971,225359144,0.2254,0.3099,0.2253,55,55,0.042,0.0,False,False,False,132257,440117,0.2253,11,-44,-0.033,0.008,132201,0,0,0,0.0,-56,-0.042,12,16560,8,6.042,0,0,0,False,5.96,8.96,25.96,5.98,0.0,180.96,12.0,0,0,59.0,59.0,52.8,3500,0,0,True,False,False
baseline,64,4,440000,0.2253,6818,3,0.3003,0.543,132167,132167,0,132159,0,440043,440016,225302260,0.2253,0.3098,0.2253,8,8,0.006,0.0,False,False,False,132159,440016,0.2253,8,0,0.0,0.006,132159,0,0,0,0.0,0,0.0,0,16535,8,6.178,0,0,0,False,6.82,8.82,21.82,6.25,0.82,114.82,13.0,0,0,59.0,60.0,38.0,3496,0,0,True,False,False
rxonly,64,4,440000,0.2253,6818,3,0.3003,0.542,132161,132161,0,132138,132136,440058,439982,225310141,0.2253,0.3098,0.2253,23,23,0.017,0.0,True,False,False,,,,,,,,,,,,,,,,0,8,6.19,0,0,0,False,,,,,,,,0,0,59.0,60.0,33.9,3497,0,0,True,False,False
modular,64,4,880000,0.4506,3409,3,0.3003,0.544,264329,264329,0,264242,0,880089,879800,450605961,0.4506,0.6196,0.4505,87,87,0.033,0.0,False,False,False,264279,879923,0.4505,50,-37,-0.014,0.019,264235,0,0,0,0.0,-44,-0.017,7,16536,16,2.606,0,0,0,False,7.39,14.39,65.39,10.92,2.39,124.39,10.0,0,0,59.0,59.0,59.8,3499,0,0,True,False,False
template,64,4,880000,0.4506,3409,3,0.3004,0.44,264433,264433,0,264323,0,880207,879841,450666448,0.4507,0.6197,0.4505,110,110,0.042,0.0,False,False,False,264369,879994,0.4506,64,-46,-0.017,0.024,264321,0,0,0,0.0,-48,-0.018,2,16545,16,2.886,0,0,0,False,6.11,10.11,34.11,7.63,1.11,79.11,9.0,0,0,59.0,59.0,69.6,3499,0,0,True,False,False
hardcoded,64,4,880000,0.4506,3409,3,0.3005,0.544,264473,264473,0,264459,0,880134,880088,450628941,0.4506,0.6196,0.4506,14,14,0.005,0.0,False,False,False,264459,880088,0.4506,14,0,0.0,0.005,264456,0,0,0,0.0,-3,-0.001,3,16556,16,2.87,0,0,0,False,6.13,10.13,43.13,7.45,0.13,116.13,9.0,0,0,59.0,60.0,53.7,3498,0,0,True,False,False
p1_static,64,4,880000,0.4506,3409,3,0.3004,0.546,264412,264412,0,264237,0,880267,879684,450696875,0.4507,0.6197,0.4504,175,175,0.066,0.0,False,False,False,264321,879964,0.4505,91,-84,-0.032,0.034,264207,0,0,0,0.0,-114,-0.043,30,16541,16,2.785,0,0,0,False,6.21,10.21,27.21,6.84,1.21,99.21,9.0,0,0,59.0,60.0,50.1,3492,0,0,True,False,False
baseline,64,4,880000,0.4506,3409,3,0.3004,0.444,264427,264427,0,264366,0,880143,879940,450633303,0.4506,0.6196,0.4505,61,61,0.023,0.0,False,False,False,264396,880039,0.4506,31,-30,-0.011,0.012,264369,0,0,0,0.0,-27,-0.01,-3,16545,16,2.811,0,0,0,False,6.19,9.19,27.19,6.22,0.19,73.19,9.0,0,0,59.0,61.0,59.3,3499,0,0,True,False,False
rxonly,64,4,880000,0.4506,3409,3,0.3003,0.545,264348,264348,0,264262,264258,880149,879862,450636388,0.4506,0.6196,0.4505,86,86,0.033,0.0,True,False,False,,,,,,,,,,,,,,,,0,16,2.747,0,0,0,False,,,,,,,,0,0,59.0,61.0,42.5,3496,0,0,True,False,False
modular,64,4,1321000,0.6764,2271,3,0.3005,0.542,396984,396984,0,396884,0,1321265,1320932,676487899,0.6765,0.9302,0.6763,100,100,0.025,0.0,False,False,False,396984,1321265,0.6765,0,-100,-0.025,0.0,396877,0,0,0,0.0,-107,-0.027,7,12420,32,1.72,0,0,0,False,27.28,74.28,135.28,34.78,3.28,208.28,29.0,0,0,59.0,59.0,68.0,3499,0,0,True,False,False
template,64,4,1321000,0.6764,2271,3,0.3005,0.544,396967,396967,0,396882,0,1321168,1320885,676438055,0.6764,0.9301,0.6763,85,85,0.021,0.0,False,False,False,396903,1320955,0.6763,64,-21,-0.005,0.016,396850,0,0,0,0.0,-53,-0.013,32,12420,32,1.775,0,0,0,False,10.22,42.22,66.22,16.22,1.22,106.22,12.0,0,0,59.0,59.0,64.8,3497,0,0,True,False,False
hardcoded,64,4,1321000,0.6764,2271,3,0.3005,0.441,397080,397080,0,397056,0,1321256,1321176,676483309,0.6765,0.9302,0.6764,24,24,0.006,0.0,False,False,False,397086,1321276,0.6765,-6,-30,-0.008,-0.002,397045,0,0,0,0.0,-41,-0.01,11,12432,32,1.732,0,0,0,False,8.27,24.27,54.27,10.67,1.27,107.27,10.0,0,0,59.0,60.0,72.1,3494,0,0,True,False,False
p1_static,64,4,1321000,0.6764,2271,3,0.3004,0.543,396850,396850,0,396841,0,1320969,1320939,676336522,0.6763,0.93,0.6763,9,9,0.002,0.0,False,False,False,396835,1320919,0.6763,15,6,0.002,0.004,396876,0,0,0,0.0,41,0.01,-35,12419,32,1.78,0,0,0,False,6.22,11.22,41.22,7.98,0.22,85.22,8.0,0,0,59.0,60.0,60.9,3496,0,0,True,False,False
baseline,64,4,1321000,0.6764,2271,3,0.3005,0.545,396937,396937,0,396871,0,1321062,1320843,676384117,0.6764,0.93,0.6763,66,66,0.017,0.0,False,False,False,396891,1320909,0.6763,46,-20,-0.005,0.012,396888,0,0,0,0.0,-3,-0.001,-17,12420,32,1.713,0,0,0,False,6.29,12.29,48.29,8.59,0.29,120.29,8.0,0,0,59.0,59.0,56.5,3495,0,0,True,False,False
rxonly,64,4,1321000,0.6764,2271,3,0.3003,0.445,396686,396686,0,396524,396522,1321110,1320570,676408398,0.6764,0.9301,0.6761,162,162,0.041,0.0,True,False,False,,,,,,,,,,,,,,,,0,32,1.695,0,0,0,False,,,,,,,,0,0,59.0,59.0,58.2,3496,0,0,True,False,False
modular,64,4,1761000,0.9016,1703,3,0.3004,0.549,529169,432125,97044,432099,0,1761826,1438639,902055313,0.9021,1.2403,0.7366,97070,26,18.344,18.339,False,False,False,432128,1438736,0.7366,97041,-29,-0.005,18.338,432095,0,0,0,0.0,-33,-0.006,4,13524,32,1.238,0,0,0,False,186.76,203.76,220.76,187.83,161.76,269.76,188.0,0,0,59.0,59.0,67.6,3492,0,0,True,False,False
template,64,4,1761000,0.9016,1703,3,0.3005,0.55,529353,529053,300,529047,0,1761788,1760770,902035712,0.902,1.2403,0.9015,306,6,0.058,0.057,False,False,False,529000,1760613,0.9014,353,47,0.009,0.067,529045,0,0,0,0.0,45,0.009,2,16559,32,1.271,0,0,0,False,69.73,106.73,145.73,68.91,7.73,205.73,71.0,0,0,59.0,59.0,67.5,3495,0,0,True,False,False
hardcoded,64,4,1761000,0.9016,1703,3,0.3004,0.444,529245,529245,0,529263,0,1761691,1761751,901985911,0.902,1.2402,0.902,-18,-18,-0.003,0.0,False,False,False,529215,1761591,0.9019,30,48,0.009,0.006,529263,0,0,0,0.0,48,0.009,0,16560,32,1.205,0,0,0,False,7.79,27.79,54.79,11.78,0.79,123.79,9.0,0,0,59.0,61.0,77.8,3495,0,0,True,False,False
p1_static,64,4,1761000,0.9016,1703,3,0.3004,0.543,529272,529272,0,529236,0,1761773,1761653,902028015,0.902,1.2403,0.902,36,36,0.007,0.0,False,False,False,529248,1761693,0.902,24,-12,-0.002,0.005,529241,0,0,0,0.0,-7,-0.001,-5,16561,32,1.232,0,0,0,False,7.77,21.77,46.77,10.83,0.77,118.77,9.0,0,0,59.0,61.0,63.0,3495,0,0,True,False,False
baseline,64,4,1761000,0.9016,1703,3,0.3004,0.549,529142,529142,0,529095,0,1761705,1761549,901993260,0.902,1.2402,0.9019,47,47,0.009,0.0,False,False,False,529151,1761735,0.902,-9,-56,-0.011,-0.002,529117,0,0,0,0.0,-34,-0.006,-22,16550,32,1.232,0,0,0,False,7.77,19.77,45.77,9.86,0.0,91.77,9.0,0,0,59.0,59.0,61.8,3492,0,0,True,False,False
rxonly,64,4,1761000,0.9016,1703,3,0.3003,0.444,529058,529058,0,528934,528937,1761737,1761324,902009645,0.902,1.2403,0.9018,124,124,0.023,0.0,True,False,False,,,,,,,,,,,,,,,,0,32,1.23,0,0,0,False,,,,,,,,0,0,60.0,59.0,68.1,3496,0,0,True,False,False
modular,64,4,2201000,1.1269,1363,3,0.3003,0.549,661058,432756,228302,432701,0,2201103,1440750,1126964786,1.127,1.5496,0.7377,228357,55,34.544,34.536,False,False,False,432704,1440760,0.7377,228354,-3,-0.0,34.544,432704,0,0,0,0.0,0,0.0,-3,6771,64,0.803,0,0,0,False,188.2,198.2,218.2,188.42,172.2,285.2,189.0,0,0,59.0,60.0,67.2,3495,0,0,True,False,False
template,64,4,2201000,1.1269,1363,3,0.3004,0.545,661309,559442,101867,559413,0,2201113,1861961,1126970342,1.127,1.5496,0.9533,101896,29,15.408,15.404,False,False,False,559424,1861997,0.9533,101885,-11,-0.002,15.407,559431,0,0,0,0.0,7,0.001,-18,8756,64,0.715,0,0,0,False,148.28,157.28,177.28,149.14,130.28,206.28,149.0,0,0,59.0,60.0,67.7,3496,0,0,True,False,False
hardcoded,64,4,2201000,1.1269,1363,3,0.3003,0.442,661007,661007,0,660824,0,2201040,2200431,1126932863,1.1269,1.5495,1.1266,183,183,0.028,0.0,False,False,False,660891,2200654,1.1267,116,-67,-0.01,0.018,660819,0,0,0,0.0,-72,-0.011,5,10339,64,0.906,0,0,0,False,12.09,37.09,71.09,17.69,1.09,117.09,13.0,0,0,60.0,61.0,81.8,3495,0,0,True,False,False
p1_static,64,4,2201000,1.1269,1363,3,0.3006,0.441,661601,661601,0,661735,0,2200809,2201255,1126814508,1.1268,1.5494,1.127,-134,-134,-0.02,0.0,False,False,False,661506,2200493,1.1267,95,229,0.035,0.014,661728,0,0,0,0.0,222,0.034,7,10356,64,0.905,0,0,0,False,10.1,33.1,60.1,14.86,1.1,131.1,11.0,0,0,59.0,61.0,81.1,3494,0,0,True,False,False
baseline,64,4,2201000,1.1269,1363,3,0.3004,0.548,661112,661039,73,661004,0,2201041,2200682,1126933493,1.1269,1.5495,1.1267,108,35,0.016,0.011,False,False,False,660944,2200482,1.1266,168,60,0.009,0.025,661004,0,0,0,0.0,60,0.009,0,10338,64,0.872,0,0,0,False,10.13,27.13,64.13,13.16,0.13,143.13,11.0,0,0,59.0,60.0,65.1,3493,0,0,True,False,False
rxonly,64,4,2201000,1.1269,1363,3,0.3003,0.548,660958,660958,0,661031,661032,2201030,2201274,1126927840,1.1269,1.5495,1.1271,-73,-73,-0.011,0.0,True,False,False,,,,,,,,,,,,,,,,0,64,0.832,0,0,0,False,,,,,,,,0,0,59.0,60.0,59.3,3494,0,0,True,False,False
modular,64,4,2641000,1.3522,1135,3,0.3005,0.44,794217,435558,358659,435584,0,2643216,1449657,1353326596,1.3533,1.8608,0.7422,358633,-26,45.156,45.159,False,False,False,435561,1449580,0.7422,358656,23,0.003,45.158,435599,0,0,0,0.0,38,0.005,-15,6820,64,0.673,0,0,0,False,205.33,214.33,234.33,205.65,188.33,304.33,206.0,0,0,60.0,61.0,82.3,3495,0,0,True,False,False
template,64,4,2641000,1.3522,1135,3,0.3004,0.548,794196,551505,242691,551449,0,2643417,1835453,1353429830,1.3534,1.861,0.9398,242747,56,30.565,30.558,False,False,False,551488,1835583,0.9398,242708,-39,-0.005,30.56,551447,0,0,0,0.0,-41,-0.005,2,8631,64,0.724,0,0,0,False,150.28,159.28,175.28,150.31,134.28,199.28,151.0,0,0,60.0,61.0,67.6,3497,0,0,True,False,False
hardcoded,64,4,2641000,1.3522,1135,3,0.3005,0.543,794393,792000,2393,792073,0,2643358,2635638,1353399679,1.3534,1.8609,1.3494,2320,-73,0.292,0.301,False,False,False,792064,2635608,1.3494,2329,9,0.001,0.293,792077,0,0,0,0.0,13,0.002,-4,12402,64,0.664,0,0,0,False,75.34,97.34,121.34,75.84,40.34,165.34,76.0,0,0,59.0,60.0,67.5,3499,0,0,True,False,False
p1_static,64,4,2641000,1.3522,1135,3,0.3006,0.442,794429,792711,1718,792749,0,2643165,2637575,1353300579,1.3533,1.8608,1.3504,1680,-38,0.211,0.216,False,False,False,792704,2637425,1.3504,1725,45,0.006,0.217,792753,0,0,0,0.0,49,0.006,-4,12413,64,0.708,0,0,0,False,64.29,88.29,112.29,66.68,23.29,142.29,65.0,0,0,59.0,60.0,82.2,3497,0,0,True,False,False
baseline,64,4,2641000,1.3522,1135,3,0.3003,0.548,793839,793629,210,793503,0,2643311,2642192,1353375604,1.3534,1.8609,1.3528,336,126,0.042,0.026,False,False,False,793498,2642176,1.3528,341,5,0.001,0.043,793520,0,0,0,0.0,22,0.003,-17,12412,64,0.61,0,0,0,False,16.39,46.39,84.39,22.64,1.39,145.39,17.0,0,0,59.0,60.0,67.5,3496,0,0,True,False,False
rxonly,64,4,2641000,1.3522,1135,3,0.3003,0.543,793903,793903,0,793584,793578,2643551,2642489,1353498508,1.3535,1.8611,1.353,319,319,0.04,0.0,True,False,False,,,,,,,,,,,,,,,,0,64,0.559,0,0,0,False,,,,,,,,0,0,59.0,60.0,61.7,3497,0,0,True,False,False
modular,64,4,3081000,1.5775,973,3,0.3005,0.441,926552,427593,498959,427638,0,3083608,1423199,1578807364,1.5788,2.1709,0.7287,498914,-45,53.846,53.851,False,False,False,427584,1423019,0.7286,498968,54,0.006,53.852,427647,0,0,0,0.0,63,0.007,-9,6695,64,0.558,0,0,0,False,193.44,203.44,229.44,193.76,172.44,261.44,194.0,0,0,60.0,61.0,82.3,3496,0,0,True,False,False
template,64,4,3081000,1.5775,973,3,0.3005,0.442,926579,545860,380719,545942,0,3083685,1816913,1578847095,1.5788,2.1709,0.9303,380637,-82,41.08,41.089,False,False,False,545856,1816626,0.9301,380723,86,0.009,41.089,545961,0,0,0,0.0,105,0.011,-19,8546,64,0.501,0,0,0,False,151.5,160.5,182.5,151.44,135.5,220.5,152.0,0,0,60.0,61.0,82.1,3497,0,0,True,False,False
hardcoded,64,4,3081000,1.5775,973,3,0.3005,0.549,926589,808929,117660,808813,0,3083387,2691467,1578694600,1.5787,2.1707,1.378,117776,116,12.711,12.698,False,False,False,808832,2691530,1.3781,117757,-19,-0.002,12.709,808791,0,0,0,0.0,-41,-0.004,22,12663,64,0.573,0,0,0,False,102.43,110.43,131.43,102.08,85.43,162.43,103.0,0,0,59.0,60.0,67.2,3495,0,0,True,False,False
p1_static,64,4,3081000,1.5775,973,3,0.3005,0.445,926586,853046,73540,853121,0,3083475,2839000,1578739460,1.5787,2.1708,1.4536,73465,-75,7.929,7.937,False,False,False,853056,2838783,1.4535,73530,65,0.007,7.936,853145,0,0,0,0.0,89,0.01,-24,13358,64,0.518,0,0,0,False,95.48,103.48,121.48,95.32,75.48,193.48,96.0,0,0,61.0,60.0,81.1,3494,0,0,True,False,False
baseline,64,4,3081000,1.5775,973,3,0.3004,0.545,926095,922619,3476,922627,0,3083307,3071761,1578653340,1.5787,2.1706,1.5727,3468,-8,0.374,0.375,False,False,False,922619,3071734,1.5727,3476,8,0.001,0.375,922631,0,0,0,0.0,12,0.001,-4,14434,64,0.571,0,0,0,False,68.43,87.43,102.43,71.14,46.43,136.43,69.0,0,0,60.0,60.0,67.6,3494,0,0,True,False,False
rxonly,64,4,3081000,1.5775,973,3,0.3002,0.547,925801,925801,0,925768,925761,3083445,3083335,1578724202,1.5787,2.1707,1.5787,33,33,0.004,0.0,True,False,False,,,,,,,,,,,,,,,,0,64,0.45,0,0,0,False,,,,,,,,0,0,59.0,60.0,64.2,3493,0,0,True,False,False
modular,64,4,3522000,1.8033,851,3,0.3005,0.441,1059262,429108,630154,429132,0,3525536,1428278,1805074859,1.8051,2.482,0.7313,630130,-24,59.488,59.49,False,False,False,429120,1428238,0.7313,630142,12,0.001,59.489,429142,0,0,0,0.0,22,0.002,-10,6718,64,0.394,0,0,0,False,200.61,210.61,227.61,200.16,183.61,253.61,201.0,0,0,61.0,62.0,82.4,3495,0,0,True,False,False
template,64,4,3522000,1.8033,851,3,0.3005,0.445,1059355,550298,509057,550316,0,3525578,1831475,1805096254,1.8051,2.482,0.9377,509039,-18,48.052,48.053,False,False,False,550272,1831328,0.9376,509083,44,0.004,48.056,550321,0,0,0,0.0,49,0.005,-5,8615,64,0.231,0,0,0,False,166.77,175.77,194.77,167.02,139.77,218.77,167.0,0,0,60.0,62.0,81.3,3498,0,0,True,False,False
hardcoded,64,4,3522000,1.8033,851,3,0.3004,0.547,1059141,810841,248300,810799,0,3525715,2699023,1805166210,1.8052,2.4821,1.3819,248342,42,23.447,23.444,False,False,False,810752,2698867,1.3818,248389,47,0.004,23.452,810808,0,0,0,0.0,56,0.005,-9,12698,64,0.424,0,0,0,False,103.58,111.58,129.58,104.11,88.58,157.58,104.0,0,0,59.0,60.0,67.4,3496,0,0,True,False,False
p1_static,64,4,3522000,1.8033,851,3,0.3005,0.445,1059675,834650,225025,834308,0,3526515,2776511,1805575784,1.8056,2.4827,1.4216,225367,342,21.268,21.235,False,False,False,834544,2777296,1.422,225131,-236,-0.022,21.245,834227,0,0,0,0.0,-317,-0.03,81,13068,64,0.442,0,0,0,False,95.56,104.56,125.56,96.01,79.56,205.56,96.0,0,0,61.0,60.0,80.9,3498,0,0,True,False,False
baseline,64,4,3522000,1.8033,851,3,0.3004,0.439,1058935,947009,111926,946743,0,3525661,3152124,1805138603,1.8051,2.4821,1.6139,112192,266,10.595,10.57,False,False,False,946752,3152154,1.6139,112183,-9,-0.001,10.594,946772,0,0,0,0.0,20,0.002,-29,14811,64,0.392,0,0,0,False,82.61,92.61,113.61,83.21,65.61,171.61,83.0,0,0,60.0,61.0,82.5,3493,0,0,True,False,False
rxonly,64,4,3522000,1.8033,851,3,0.3003,0.543,1058843,1058843,0,1058398,1058372,3525906,3524424,1805263979,1.8053,2.4822,1.8045,445,445,0.042,0.0,True,False,False,,,,,,,,,,,,,,,,0,64,0.205,0,0,0,False,,,,,,,,0,0,59.0,61.0,67.5,3495,0,0,True,False,False
modular,64,4,3962000,2.0285,757,3,0.3005,0.545,1190836,432163,758673,432264,0,3963048,1438555,2029080706,2.0291,2.79,0.7365,758572,-101,63.701,63.709,False,False,False,432192,1438315,0.7364,758644,72,0.006,63.707,432283,0,0,0,0.0,91,0.008,-19,6767,64,0.313,0,0,0,False,192.69,202.69,219.69,192.6,176.69,280.69,193.0,0,0,59.0,60.0,68.3,3496,0,0,True,False,False
template,64,4,3962000,2.0285,757,3,0.3005,0.443,1190960,548734,642226,548786,0,3963193,1826211,2029155278,2.0292,2.7901,0.935,642174,-52,53.921,53.925,False,False,False,548736,1826045,0.9349,642224,50,0.004,53.925,548807,0,0,0,0.0,71,0.006,-21,8591,64,0.194,0,0,0,False,153.81,163.81,187.81,154.16,138.81,229.81,154.0,0,0,61.0,60.0,81.6,3495,0,0,True,False,False
hardcoded,64,4,3962000,2.0285,757,3,0.3004,0.542,1190566,808248,382318,808149,0,3963224,2690213,2029171143,2.0292,2.7901,1.3774,382417,99,32.121,32.112,False,False,False,808188,2690342,1.3775,382378,-39,-0.003,32.117,808177,0,0,0,0.0,-11,-0.001,-28,12647,64,0.291,0,0,0,False,100.71,108.71,125.71,100.36,85.71,153.71,101.0,0,0,59.0,61.0,67.8,3496,0,0,True,False,False
p1_static,64,4,3962000,2.0285,757,3,0.3005,0.542,1191045,837132,353913,837245,0,3963124,2785878,2029119688,2.0291,2.79,1.4264,353800,-113,29.705,29.714,False,False,False,837120,2785462,1.4262,353925,125,0.01,29.716,837324,0,0,0,0.0,204,0.017,-79,13110,64,0.339,0,0,0,False,107.66,114.66,127.66,107.48,82.66,168.66,108.0,0,0,59.0,61.0,67.7,3495,0,0,True,False,False
baseline,64,4,3962000,2.0285,757,3,0.3005,0.545,1190998,945476,245522,945284,0,3963821,3146048,2029476542,2.0295,2.7905,1.6108,245714,192,20.631,20.615,False,False,False,945344,3146247,1.6109,245654,-60,-0.005,20.626,945307,0,0,0,0.0,-37,-0.003,-23,14795,64,0.345,0,0,0,False,94.66,102.66,117.66,95.36,72.66,146.66,95.0,0,0,59.0,59.0,67.4,3495,0,0,True,False,False
rxonly,64,4,3962000,2.0285,757,3,0.3004,0.444,1190396,1190379,17,1190508,1190509,3963296,3963669,2029207609,2.0292,2.7902,2.0294,-112,-129,-0.009,0.001,True,False,False,,,,,,,,,,,,,,,,0,64,0.274,0,0,0,False,,,,,,,,0,0,60.0,59.0,81.9,3498,0,0,True,False,False
modular,64,4,4402000,2.2538,681,3,0.3005,0.543,1324031,433981,890050,433940,0,4406157,1444081,2255952788,2.256,3.1019,0.7394,890091,41,67.226,67.223,False,False,False,433984,1444227,0.7394,890047,-44,-0.003,67.223,433946,0,0,0,0.0,-38,-0.003,-6,3397,128,0.257,0,0,0,False,192.74,203.74,219.74,192.88,176.74,256.74,193.0,0,0,60.0,61.0,67.8,3497,0,0,True,False,False
template,64,4,4402000,2.2538,681,3,0.3003,0.545,1323169,552978,770191,552939,0,4405628,1841067,2255681724,2.2557,3.1016,0.9426,770230,39,58.211,58.208,False,False,False,552947,1841094,0.9426,770222,-8,-0.001,58.21,552935,0,0,0,0.0,-12,-0.001,4,4326,128,0.219,0,0,0,False,151.78,161.78,174.78,151.68,137.78,200.78,152.0,0,0,59.0,61.0,68.1,3494,0,0,True,False,False
hardcoded,64,4,4402000,2.2538,681,3,0.3006,0.445,1324238,807315,516923,807222,0,4405976,2685771,2255860004,2.2559,3.1018,1.3751,517016,93,39.043,39.036,False,False,False,807257,2685888,1.3752,516981,-35,-0.003,39.04,807235,0,0,0,0.0,-22,-0.002,-13,6321,128,0.248,0,0,0,False,102.75,110.75,128.75,102.76,86.75,153.75,103.0,0,0,61.0,62.0,81.8,3495,0,0,True,False,False
p1_static,64,4,4402000,2.2538,681,3,0.3006,0.545,1324052,852017,472035,852145,0,4404932,2834965,2255325433,2.2553,3.1011,1.4515,471907,-128,35.641,35.651,False,False,False,852032,2834589,1.4513,472020,113,0.009,35.65,852184,0,0,0,0.0,152,0.011,-39,6672,128,0.093,0,0,0,False,95.91,102.91,118.91,95.23,81.91,153.91,96.0,0,0,60.0,62.0,67.5,3495,0,0,True,False,False
baseline,64,4,4402000,2.2538,681,3,0.3004,0.545,1323241,936654,386587,936659,0,4405298,3118300,2255513061,2.2555,3.1013,1.5966,386582,-5,29.215,29.215,False,False,False,936713,3118480,1.5967,386528,-54,-0.004,29.211,936669,0,0,0,0.0,-44,-0.003,-10,7327,128,0.212,0,0,0,False,89.79,97.79,121.79,89.47,75.79,185.79,90.0,0,0,59.0,59.0,67.8,3493,0,0,True,False,False
rxonly,64,4,4402000,2.2538,681,3,0.3003,0.446,1323298,1315565,7733,1315331,1315327,4405985,4379459,2255864781,2.2559,3.1018,2.2423,7967,234,0.602,0.584,True,False,False,,,,,,,,,,,,,,,,0,128,0.256,0,0,0,False,,,,,,,,0,0,61.0,59.0,81.5,3494,0,0,True,False,False
modular,64,4,4842000,2.4791,619,3,0.3004,0.44,1455865,434221,1021644,434205,0,4847073,1445617,2481701674,2.4817,3.4123,0.7402,1021660,16,70.175,70.174,False,False,False,434240,1445733,0.7402,1021625,-35,-0.002,70.173,434205,0,0,0,0.0,-35,-0.002,0,3397,128,0.217,0,0,0,False,214.78,224.78,244.78,214.53,197.78,263.78,215.0,0,0,60.0,61.0,82.4,3493,0,0,True,False,False
template,64,4,4842000,2.4791,619,3,0.3004,0.548,1455770,554069,901701,554063,0,4846601,1844606,2481459770,2.4815,3.412,0.9444,901707,6,61.94,61.94,False,False,False,554048,1844556,0.9444,901722,15,0.001,61.941,554070,0,0,0,0.0,22,0.002,-7,4335,128,0.143,0,0,0,False,170.86,180.86,201.86,170.98,135.86,234.86,171.0,0,0,59.0,61.0,67.2,3492,0,0,True,False,False
hardcoded,64,4,4842000,2.4791,619,3,0.3005,0.543,1456510,809143,647367,808996,0,4846981,2692181,2481654579,2.4817,3.4123,1.3784,647514,147,44.457,44.446,False,False,False,809024,2692274,1.3784,647486,-28,-0.002,44.455,809018,0,0,0,0.0,-6,-0.0,-22,6333,128,0.16,0,0,0,False,99.84,108.84,121.84,100.02,84.84,153.84,100.0,0,0,59.0,59.0,67.6,3495,0,0,True,False,False
p1_static,64,4,4842000,2.4791,619,3,0.3004,0.445,1456281,851026,605255,850927,0,4847634,2832545,2481988711,2.482,3.4127,1.4503,605354,99,41.568,41.562,False,False,False,850944,2832602,1.4503,605337,-17,-0.001,41.567,850934,0,0,0,0.0,-10,-0.001,-7,6658,128,0.086,0,0,0,False,101.91,109.91,123.91,101.51,88.91,161.91,102.0,0,0,60.0,59.0,81.4,3493,0,0,True,False,False
baseline,64,4,4842000,2.4791,619,3,0.3005,0.544,1456244,946317,509927,946133,0,4846820,3149016,2481571850,2.4816,3.4122,1.6123,510111,184,35.029,35.017,False,False,False,946222,3149312,1.6124,510022,-89,-0.006,35.023,946144,0,0,0,0.0,-78,-0.005,-11,7404,128,0.152,0,0,0,False,92.85,100.85,122.85,93.08,77.85,155.85,93.0,0,0,60.0,61.0,67.9,3496,0,0,True,False,False
rxonly,64,4,4842000,2.4791,619,3,0.3003,0.547,1455678,1301046,154632,1300886,1300908,4846994,4331580,2481660936,2.4817,3.4123,2.2178,154792,160,10.634,10.623,True,False,False,,,,,,,,,,,,,,,,0,128,0.207,0,0,0,False,,,,,,,,0,0,59.0,61.0,67.2,3496,0,0,True,False,False
modular,64,4,5502000,2.817,545,3,0.3004,0.441,1653496,431614,1221882,431587,0,5505066,1436904,2818594185,2.8186,3.8756,0.7357,1221909,27,73.899,73.897,False,False,False,431552,1436787,0.7356,1221944,35,0.002,73.901,431589,0,0,0,0.0,37,0.002,-2,3378,128,0.073,0,0,0,False,204.93,215.93,233.93,206.56,191.93,283.93,205.0,0,0,62.0,62.0,82.3,3492,0,0,True,False,False
template,64,4,5502000,2.817,545,3,0.3005,0.442,1654136,557192,1096944,557139,0,5505143,1854218,2818633654,2.8186,3.8756,0.9494,1096997,53,66.318,66.315,False,False,False,557120,1854155,0.9493,1097016,19,0.001,66.32,557157,0,0,0,0.0,37,0.002,-18,4361,128,0.06,0,0,0,False,152.94,160.94,179.94,153.97,140.94,208.94,153.0,0,0,60.0,62.0,81.5,3500,0,0,True,False,False
hardcoded,64,4,5502000,2.817,545,3,0.3006,0.543,1654631,816483,838148,816495,0,5505271,2716633,2818698911,2.8187,3.8757,1.3909,838136,-12,50.654,50.655,False,False,False,816473,2716560,1.3909,838158,22,0.001,50.655,816592,0,0,0,0.0,119,0.007,-97,6393,128,0.093,0,0,0,False,98.91,106.91,126.91,98.58,83.91,167.91,99.0,0,0,60.0,60.0,68.1,3498,0,0,True,False,False
p1_static,64,4,5502000,2.817,545,3,0.3005,0.545,1654106,846691,807415,846629,0,5504599,2817445,2818354976,2.8184,3.8752,1.4425,807477,62,48.817,48.813,False,False,False,846608,2817375,1.4425,807498,21,0.001,48.818,846651,0,0,0,0.0,43,0.003,-22,6628,128,0.074,0,0,0,False,94.93,113.93,126.93,97.8,76.93,165.93,95.0,0,0,59.0,60.0,67.9,3494,0,0,True,False,False
baseline,64,4,5502000,2.817,545,3,0.3004,0.439,1653441,939916,713525,939875,0,5504955,3129213,2818537112,2.8185,3.8755,1.6022,713566,41,43.156,43.154,False,False,False,939840,3129096,1.6021,713601,35,0.002,43.159,939827,0,0,0,0.0,-13,-0.001,48,7351,128,0.053,0,0,0,False,91.95,99.95,124.95,92.09,77.95,141.95,92.0,0,0,61.0,61.0,82.1,3492,0,0,True,False,False
rxonly,64,4,5502000,2.817,545,3,0.3003,0.548,1652946,1266559,386387,1266449,1266453,5504915,4217738,2818516677,2.8185,3.8755,2.1595,386497,110,23.382,23.376,True,False,False,,,,,,,,,,,,,,,,0,128,0.038,0,0,0,False,,,,,,,,0,0,59.0,61.0,67.8,3492,0,0,True,False,False
rxonly,64,5,220000,0.1126,13636,3,0.3003,0.548,66068,66068,0,66051,66051,220026,219969,112653567,0.1127,0.1549,0.1126,17,17,0.026,0.0,True,False,False,,,,,,,,,,,,,,,,0,4,12.902,0,0,0,False,,,,,,,,0,0,59.0,59.0,17.2,3495,0,0,True,False,False
baseline,64,5,220000,0.1126,13636,3,0.3005,0.445,66108,66108,0,66105,0,220019,220009,112650141,0.1127,0.1549,0.1126,3,3,0.005,0.0,False,False,False,66105,220009,0.1126,3,0,0.0,0.005,66105,0,0,0,0.0,0,0.0,0,16552,4,12.993,0,0,0,False,8.01,9.01,27.01,8.37,0.0,92.01,21.0,0,0,59.0,59.0,26.3,3498,0,0,True,False,False
p1_static,64,5,220000,0.1126,13636,3,0.3005,0.548,66113,66113,0,66116,0,220010,220020,112645447,0.1126,0.1549,0.1127,-3,-3,-0.005,0.0,False,False,False,66111,220003,0.1126,2,5,0.008,0.003,66114,0,0,0,0.0,3,0.005,2,16557,4,12.991,0,0,0,False,8.01,9.01,27.01,8.44,0.0,117.01,21.0,0,0,59.0,59.0,22.7,3494,0,0,True,False,False
hardcoded,64,5,220000,0.1126,13636,3,0.3005,0.548,66109,66109,0,66107,0,220012,220006,112646560,0.1126,0.1549,0.1126,2,2,0.003,0.0,False,False,False,66105,219999,0.1126,4,2,0.003,0.006,66105,0,0,0,0.0,0,0.0,2,16554,4,12.987,0,0,0,False,9.01,9.01,27.01,8.84,0.0,85.01,22.0,0,0,59.0,59.0,22.6,3499,0,0,True,False,False
template,64,5,220000,0.1126,13636,3,0.3005,0.442,66114,66114,0,66108,0,220027,220007,112653890,0.1127,0.1549,0.1126,6,6,0.009,0.0,False,False,False,66110,220013,0.1126,4,-2,-0.003,0.006,66108,0,0,0,0.0,-2,-0.003,0,16552,4,12.99,0,0,0,False,8.01,9.01,29.01,8.37,0.0,101.01,21.0,0,0,59.0,59.0,31.2,3497,0,0,True,False,False
modular,64,5,220000,0.1126,13636,3,0.3003,0.546,66079,66079,0,66069,0,220029,219996,112655066,0.1127,0.1549,0.1126,10,10,0.015,0.0,False,False,False,66072,220006,0.1126,7,-3,-0.005,0.011,66063,0,0,0,0.0,-9,-0.014,6,16539,4,12.983,0,0,0,False,10.02,10.02,11.02,9.51,0.0,241.02,23.0,0,0,59.0,59.0,27.0,3496,0,0,True,False,False
rxonly,64,5,440000,0.2253,6818,3,0.3003,0.547,132160,132160,0,132141,132141,440050,439987,225306067,0.2253,0.3098,0.2253,19,19,0.014,0.0,True,False,False,,,,,,,,,,,,,,,,0,8,6.194,0,0,0,False,,,,,,,,0,0,59.0,59.0,33.1,3497,0,0,True,False,False
baseline,64,5,440000,0.2253,6818,3,0.3004,0.444,132182,132182,0,132174,0,440002,439975,225281026,0.2253,0.3098,0.2253,8,8,0.006,0.0,False,False,False,132177,439985,0.2253,5,-3,-0.002,0.004,132177,0,0,0,0.0,0,0.0,-3,16544,8,6.128,0,0,0,False,6.87,8.87,33.87,6.98,0.87,96.87,13.0,0,0,59.0,59.0,45.2,3495,0,0,True,False,False
p1_static,64,5,440000,0.2253,6818,3,0.3004,0.542,132185,132185,0,132177,0,440049,440023,225305538,0.2253,0.3098,0.2253,8,8,0.006,0.0,False,False,False,132177,440023,0.2253,8,0,0.0,0.006,132171,0,0,0,0.0,-6,-0.005,6,16542,8,6.204,0,0,0,False,5.8,8.8,20.8,7.18,1.8,82.8,12.0,0,0,59.0,60.0,38.1,3493,0,0,True,False,False
hardcoded,64,5,440000,0.2253,6818,3,0.3005,0.547,132230,132230,0,132220,0,440049,440016,225305476,0.2253,0.3098,0.2253,10,10,0.008,0.0,False,False,False,132219,440013,0.2253,11,1,0.001,0.008,132220,0,0,0,0.0,1,0.001,0,16555,8,6.165,0,0,0,False,5.83,8.83,28.83,6.46,0.83,93.83,12.0,0,0,59.0,60.0,42.9,3496,0,0,True,False,False
template,64,5,440000,0.2253,6818,3,0.3003,0.444,132139,132139,0,132117,0,440003,439929,225281588,0.2253,0.3098,0.2252,22,22,0.017,0.0,False,False,False,132120,439939,0.2252,19,-3,-0.002,0.014,132117,0,0,0,0.0,-3,-0.002,0,16532,8,6.21,0,0,0,False,8.79,9.79,34.79,8.32,0.0,109.79,15.0,0,0,59.0,60.0,52.6,3493,0,0,True,False,False
modular,64,5,440000,0.2253,6818,3,0.3004,0.543,132212,132212,0,132180,0,440086,439980,225324466,0.2253,0.3098,0.2253,32,32,0.024,0.0,False,False,False,132195,440030,0.2253,17,-15,-0.011,0.013,132177,0,0,0,0.0,-18,-0.014,3,16547,8,6.226,0,0,0,False,8.77,9.77,35.77,8.44,1.77,104.77,15.0,0,0,59.0,60.0,47.7,3495,0,0,True,False,False
rxonly,64,5,880000,0.4506,3409,3,0.3002,0.55,264202,264202,0,264141,264143,880037,879834,450579300,0.4506,0.6195,0.4505,61,61,0.023,0.0,True,False,False,,,,,,,,,,,,,,,,0,16,2.736,0,0,0,False,,,,,,,,0,0,59.0,59.0,44.1,3493,0,0,True,False,False
baseline,64,5,880000,0.4506,3409,3,0.3004,0.445,264429,264429,0,264342,0,880118,879828,450620553,0.4506,0.6196,0.4505,87,87,0.033,0.0,False,False,False,264375,879938,0.4505,54,-33,-0.012,0.02,264350,0,0,0,0.0,-25,-0.009,-8,16545,16,2.666,0,0,0,False,6.33,10.33,34.33,7.21,1.33,97.33,9.0,0,0,59.0,59.0,58.8,3494,0,0,True,False,False
p1_static,64,5,880000,0.4506,3409,3,0.3005,0.546,264472,264472,0,264465,0,880102,880079,450612386,0.4506,0.6196,0.4506,7,7,0.003,0.0,False,False,False,264447,880019,0.4506,25,18,0.007,0.009,264468,0,0,0,0.0,21,0.008,-3,16572,16,2.56,0,0,0,False,6.44,10.44,38.44,8.35,1.44,98.44,9.0,0,0,59.0,59.0,50.5,3496,0,0,True,False,False
hardcoded,64,5,880000,0.4506,3409,3,0.3005,0.444,264525,264525,0,264383,0,880318,879845,450722829,0.4507,0.6197,0.4505,142,142,0.054,0.0,False,False,False,264438,880028,0.4506,87,-55,-0.021,0.033,264351,0,0,0,0.0,-87,-0.033,32,16560,16,2.846,0,0,0,False,6.15,11.15,40.15,8.14,1.15,95.15,9.0,0,0,60.0,59.0,61.3,3495,0,0,True,False,False
template,64,5,880000,0.4506,3409,3,0.3004,0.543,264389,264389,0,264313,0,880117,879864,450620145,0.4506,0.6196,0.4505,76,76,0.029,0.0,False,False,False,264351,879990,0.4506,38,-38,-0.014,0.014,264309,0,0,0,0.0,-42,-0.016,4,16542,16,2.794,0,0,0,False,7.21,10.21,41.21,8.71,2.21,107.21,10.0,0,0,59.0,60.0,56.1,3496,0,0,True,False,False
modular,64,5,880000,0.4506,3409,3,0.3004,0.545,264330,264330,0,264327,0,880035,880025,450578114,0.4506,0.6195,0.4506,3,3,0.001,0.0,False,False,False,264321,880005,0.4506,9,6,0.002,0.003,264341,0,0,0,0.0,20,0.008,-14,16536,16,2.906,0,0,0,False,7.09,13.09,51.09,9.47,2.09,109.09,10.0,0,0,59.0,60.0,60.6,3493,0,0,True,False,False
rxonly,64,5,1321000,0.6764,2271,3,0.3004,0.443,396850,396850,0,396825,396827,1321164,1321081,676436190,0.6764,0.9301,0.6764,25,25,0.006,0.0,True,False,False,,,,,,,,,,,,,,,,0,32,1.656,0,0,0,False,,,,,,,,0,0,59.0,61.0,58.0,3496,0,0,True,False,False
baseline,64,5,1321000,0.6764,2271,3,0.3005,0.441,397002,397002,0,396954,0,1321179,1321020,676444106,0.6764,0.9301,0.6764,48,48,0.012,0.0,False,False,False,396980,1321106,0.6764,22,-26,-0.007,0.006,396961,0,0,0,0.0,-19,-0.005,-7,12424,32,1.756,0,0,0,False,6.24,10.24,38.24,7.5,1.24,103.24,8.0,0,0,59.0,61.0,67.3,3500,0,0,True,False,False
p1_static,64,5,1321000,0.6764,2271,3,0.3005,0.543,397027,397027,0,396975,0,1321019,1320846,676361887,0.6764,0.93,0.6763,52,52,0.013,0.0,False,False,False,396990,1320896,0.6763,37,-15,-0.004,0.009,396997,0,0,0,0.0,7,0.002,-22,12430,32,1.743,0,0,0,False,7.26,12.26,44.26,8.81,1.26,120.26,9.0,0,0,59.0,60.0,58.6,3495,0,0,True,False,False
hardcoded,64,5,1321000,0.6764,2271,3,0.3005,0.439,397001,397001,0,396972,0,1321105,1321009,676406034,0.6764,0.9301,0.6764,29,29,0.007,0.0,False,False,False,396975,1321019,0.6764,26,-3,-0.001,0.007,396969,0,0,0,0.0,-6,-0.002,3,12426,32,1.707,0,0,0,False,6.29,20.29,58.29,9.69,0.29,136.29,8.0,0,0,60.0,60.0,74.6,3495,0,0,True,False,False
template,64,5,1321000,0.6764,2271,3,0.3004,0.439,396931,396931,0,396887,0,1321133,1320986,676420124,0.6764,0.9301,0.6763,44,44,0.011,0.0,False,False,False,396841,1320833,0.6763,90,46,0.012,0.023,396875,0,0,0,0.0,34,0.009,12,12419,32,1.801,0,0,0,False,9.2,35.2,66.2,14.31,1.2,126.2,11.0,0,0,59.0,60.0,80.0,3494,0,0,True,False,False
modular,64,5,1321000,0.6764,2271,3,0.3004,0.545,396918,396908,10,396854,0,1321101,1320888,676404107,0.6764,0.9301,0.6763,64,54,0.016,0.003,False,False,False,396914,1321088,0.6764,4,-60,-0.015,0.001,396861,0,0,0,0.0,-53,-0.013,-7,12420,32,1.826,0,0,0,False,37.17,98.17,172.17,45.18,3.17,236.17,39.0,0,0,59.0,60.0,67.4,3495,0,0,True,False,False
rxonly,64,5,1761000,0.9016,1703,3,0.3004,0.444,529091,529091,0,529098,529103,1761504,1761527,901890175,0.9019,1.2401,0.9019,-7,-7,-0.001,0.0,True,False,False,,,,,,,,,,,,,,,,0,32,1.195,0,0,0,False,,,,,,,,0,0,60.0,60.0,65.3,3496,0,0,True,False,False
baseline,64,5,1761000,0.9016,1703,3,0.3005,0.548,529354,529354,0,529236,0,1761744,1761351,902013024,0.902,1.2403,0.9018,118,118,0.022,0.0,False,False,False,529275,1761481,0.9019,79,-39,-0.007,0.015,529230,0,0,0,0.0,-45,-0.009,6,16562,32,1.228,0,0,0,False,7.77,26.77,47.77,11.0,0.77,95.77,9.0,0,0,59.0,60.0,62.9,3495,0,0,True,False,False
p1_static,64,5,1761000,0.9016,1703,3,0.3005,0.547,529394,529394,0,529343,0,1761621,1761451,901950160,0.902,1.2402,0.9019,51,51,0.01,0.0,False,False,False,529332,1761415,0.9018,62,11,0.002,0.012,529355,0,0,0,0.0,23,0.004,-12,16570,32,1.218,0,0,0,False,8.78,37.78,59.78,14.9,0.78,146.78,10.0,0,0,59.0,60.0,64.0,3495,0,0,True,False,False
hardcoded,64,5,1761000,0.9016,1703,3,0.3005,0.446,529417,529417,0,529375,0,1761705,1761565,901993086,0.902,1.2402,0.9019,42,42,0.008,0.0,False,False,False,529368,1761542,0.9019,49,7,0.001,0.009,529391,0,0,0,0.0,23,0.004,-16,16571,32,1.233,0,0,0,False,8.77,24.77,48.77,11.48,0.77,104.77,10.0,0,0,59.0,60.0,76.4,3494,0,0,True,False,False
template,64,5,1761000,0.9016,1703,3,0.3004,0.55,529158,528999,159,529001,0,1761694,1761172,901987734,0.902,1.2402,0.9017,157,-2,0.03,0.03,False,False,False,528960,1761035,0.9017,198,41,0.008,0.037,529001,0,0,0,0.0,41,0.008,0,16548,32,1.18,0,0,0,False,47.82,94.82,130.82,53.5,5.82,190.82,49.0,0,0,59.0,59.0,67.2,3494,0,0,True,False,False
modular,64,5,1761000,0.9016,1703,3,0.3004,0.543,529400,431670,97730,431630,0,1762066,1436647,902178273,0.9022,1.2405,0.7356,97770,40,18.468,18.461,False,False,False,431616,1436600,0.7355,97784,14,0.003,18.471,431629,0,0,0,0.0,13,0.002,1,13516,32,1.289,0,0,0,False,204.71,222.71,237.71,204.55,175.71,285.71,206.0,0,0,59.0,59.0,68.4,3495,0,0,True,False,False
rxonly,64,5,2201000,1.1269,1363,3,0.3003,0.444,661107,661107,0,661045,661038,2201257,2201051,1127043873,1.127,1.5497,1.1269,62,62,0.009,0.0,True,False,False,,,,,,,,,,,,,,,,0,64,0.913,0,0,0,False,,,,,,,,0,0,59.0,60.0,70.3,3496,0,0,True,False,False
baseline,64,5,2201000,1.1269,1363,3,0.3005,0.546,661378,661378,0,661464,0,2200936,2201222,1126879302,1.1269,1.5495,1.127,-86,-86,-0.013,0.0,False,False,False,661383,2200952,1.1269,-5,81,0.012,-0.001,661494,0,0,0,0.0,111,0.017,-30,10351,64,0.61,0,0,0,False,8.39,27.39,52.39,12.03,1.39,123.39,9.0,0,0,59.0,60.0,64.9,3498,0,0,True,False,False
p1_static,64,5,2201000,1.1269,1363,3,0.3006,0.546,661487,661486,1,661604,0,2200763,2201152,1126790696,1.1268,1.5493,1.127,-117,-118,-0.018,0.0,False,False,False,661460,2200673,1.1267,27,144,0.022,0.004,661649,0,0,0,0.0,189,0.029,-45,10356,64,0.842,0,0,0,False,10.16,37.16,75.16,17.09,1.16,132.16,11.0,0,0,59.0,59.0,67.9,3497,0,0,True,False,False
hardcoded,64,5,2201000,1.1269,1363,3,0.3005,0.446,661521,661455,66,661233,0,2201608,2200650,1127223722,1.1272,1.5499,1.1267,288,222,0.044,0.01,False,False,False,661362,2201079,1.127,159,-129,-0.02,0.024,661173,0,0,0,0.0,-189,-0.029,60,10347,64,0.617,0,0,0,False,11.38,34.38,88.38,17.84,1.38,139.38,12.0,0,0,59.0,59.0,80.5,3495,0,0,True,False,False
template,64,5,2201000,1.1269,1363,3,0.3005,0.544,661460,551095,110365,551168,0,2201331,1834280,1127081557,1.1271,1.5497,0.9392,110292,-73,16.674,16.685,False,False,False,551104,1834067,0.939,110356,64,0.01,16.684,551187,0,0,0,0.0,83,0.013,-19,8629,64,0.961,0,0,0,False,155.04,165.04,187.04,155.34,141.04,235.04,156.0,0,0,59.0,60.0,67.6,3497,0,0,True,False,False
modular,64,5,2201000,1.1269,1363,3,0.3004,0.543,661232,426067,235165,426150,0,2200812,1418377,1126816237,1.1268,1.5494,0.7262,235082,-83,35.552,35.565,False,False,False,426112,1418250,0.7261,235120,38,0.006,35.558,426170,0,0,0,0.0,58,0.009,-20,6671,64,0.926,0,0,0,False,194.07,206.07,237.07,194.98,172.07,271.07,195.0,0,0,59.0,60.0,68.1,3494,0,0,True,False,False
rxonly,64,5,2641000,1.3522,1135,3,0.3003,0.44,793900,793900,0,793866,793864,2643497,2643384,1353470893,1.3535,1.861,1.3534,34,34,0.004,0.0,True,False,False,,,,,,,,,,,,,,,,0,64,0.532,0,0,0,False,,,,,,,,0,0,59.0,60.0,74.7,3499,0,0,True,False,False
baseline,64,5,2641000,1.3522,1135,3,0.3006,0.549,794502,793891,611,793894,0,2643126,2641103,1353280587,1.3533,1.8608,1.3522,608,-3,0.077,0.077,False,False,False,793789,2640754,1.3521,713,105,0.013,0.09,793875,0,0,0,0.0,86,0.011,19,12424,64,0.688,0,0,0,False,16.31,49.31,88.31,22.64,1.31,148.31,17.0,0,0,59.0,60.0,67.6,3494,0,0,True,False,False
p1_static,64,5,2641000,1.3522,1135,3,0.3005,0.55,794428,793538,890,793583,0,2643258,2640446,1353348266,1.3533,1.8609,1.3519,845,-45,0.106,0.112,False,False,False,793472,2640077,1.3517,956,111,0.014,0.12,793623,0,0,0,0.0,151,0.019,-40,12423,64,0.707,0,0,0,False,54.29,70.29,97.29,55.0,8.29,130.29,55.0,0,0,59.0,59.0,67.4,3495,0,0,True,False,False
hardcoded,64,5,2641000,1.3522,1135,3,0.3004,0.444,794004,792883,1121,792844,0,2643424,2639562,1353433442,1.3534,1.861,1.3515,1160,39,0.146,0.141,False,False,False,792848,2639576,1.3515,1156,-4,-0.001,0.146,792839,0,0,0,0.0,-9,-0.001,5,12406,64,0.639,0,0,0,False,68.36,87.36,110.36,71.39,42.36,152.36,69.0,0,0,59.0,59.0,81.9,3493,0,0,True,False,False
template,64,5,2641000,1.3522,1135,3,0.3004,0.544,794001,561547,232454,561525,0,2643537,1869534,1353490986,1.3535,1.8611,0.9572,232476,22,29.279,29.276,False,False,False,561536,1869570,0.9572,232465,-11,-0.001,29.278,561529,0,0,0,0.0,-7,-0.001,-4,8786,64,0.624,0,0,0,False,146.38,155.38,170.38,146.37,131.38,213.38,147.0,0,0,59.0,59.0,68.0,3492,0,0,True,False,False
modular,64,5,2641000,1.3522,1135,3,0.3003,0.544,793961,429029,364932,429001,0,2643480,1428352,1353462159,1.3535,1.861,0.7313,364960,28,45.967,45.963,False,False,False,428992,1428322,0.7313,364969,9,0.001,45.968,429000,0,0,0,0.0,8,0.001,1,6713,64,0.663,0,0,0,False,185.34,195.34,217.34,185.2,165.34,246.34,186.0,0,0,59.0,59.0,67.5,3497,0,0,True,False,False
rxonly,64,5,3081000,1.5775,973,3,0.3002,0.441,925869,925869,0,925822,925807,3083669,3083513,1578838868,1.5788,2.1709,1.5788,47,47,0.005,0.0,True,False,False,,,,,,,,,,,,,,,,0,64,0.52,0,0,0,False,,,,,,,,0,0,60.0,60.0,80.4,3497,0,0,True,False,False
baseline,64,5,3081000,1.5775,973,3,0.3005,0.547,926626,924771,1855,924697,0,3083732,3077312,1578870836,1.5789,2.1709,1.5756,1929,74,0.208,0.2,False,False,False,924672,3077229,1.5755,1954,25,0.003,0.211,924681,0,0,0,0.0,9,0.001,16,14472,64,0.298,0,0,0,False,56.7,73.7,94.7,57.65,18.7,131.7,57.0,0,0,59.0,60.0,67.6,3495,0,0,True,False,False
p1_static,64,5,3081000,1.5775,973,3,0.3006,0.548,926743,860130,66613,860182,0,3083434,2861974,1578718295,1.5787,2.1707,1.4653,66561,-52,7.182,7.188,False,False,False,860096,2861688,1.4652,66647,86,0.009,7.192,860194,0,0,0,0.0,98,0.011,-12,13468,64,0.338,0,0,0,False,88.66,97.66,121.66,89.23,75.66,155.66,89.0,0,0,59.0,59.0,67.5,3497,0,0,True,False,False
hardcoded,64,5,3081000,1.5775,973,3,0.3004,0.441,926370,806607,119763,806404,0,3083548,2684224,1578776614,1.5788,2.1708,1.3743,119966,203,12.95,12.928,False,False,False,806487,2684501,1.3745,119883,-83,-0.009,12.941,806370,0,0,0,0.0,-117,-0.013,34,12624,64,0.576,0,0,0,False,101.42,110.42,124.42,101.28,86.42,149.42,102.0,0,0,60.0,59.0,82.0,3495,0,0,True,False,False
template,64,5,3081000,1.5775,973,3,0.3004,0.548,926152,554081,372071,553914,0,3083465,1844162,1578734255,1.5787,2.1708,0.9442,372238,167,40.192,40.174,False,False,False,553920,1844182,0.9442,372232,-6,-0.001,40.191,553899,0,0,0,0.0,-21,-0.002,15,8669,64,0.515,0,0,0,False,165.49,174.49,190.49,165.73,127.49,225.49,166.0,0,0,59.0,59.0,67.4,3495,0,0,True,False,False
modular,64,5,3081000,1.5775,973,3,0.3004,0.548,926336,435009,491327,434951,0,3083363,1447759,1578681856,1.5787,2.1707,0.7413,491385,58,53.046,53.04,False,False,False,434944,1447736,0.7412,491392,7,0.001,53.047,434957,0,0,0,0.0,13,0.001,-6,6809,64,0.509,0,0,0,False,186.49,197.49,220.49,186.98,170.49,253.49,187.0,0,0,59.0,59.0,67.0,3496,0,0,True,False,False
rxonly,64,5,3522000,1.8033,851,3,0.3004,0.442,1058947,1058947,0,1058897,1058905,3525446,3525280,1805028609,1.805,2.4819,1.8049,50,50,0.005,0.0,True,False,False,,,,,,,,,,,,,,,,0,64,0.301,0,0,0,False,,,,,,,,0,0,59.0,61.0,82.0,3494,0,0,True,False,False
baseline,64,5,3522000,1.8033,851,3,0.3005,0.55,1059424,951490,107934,951618,0,3525642,3166876,1805129195,1.8051,2.4821,1.6214,107806,-128,10.176,10.188,False,False,False,951488,3166444,1.6212,107936,130,0.012,10.188,951593,0,0,0,0.0,105,0.01,25,14894,64,0.4,0,0,0,False,91.6,99.6,117.6,91.38,68.6,158.6,92.0,0,0,59.0,61.0,67.2,3497,0,0,True,False,False
p1_static,64,5,3522000,1.8033,851,3,0.3005,0.547,1059400,835474,223926,835500,0,3525281,2780227,1804944206,1.8049,2.4818,1.4235,223900,-26,21.135,21.137,False,False,False,835399,2779891,1.4233,224001,101,0.01,21.144,835504,0,0,0,0.0,105,0.01,-4,13081,64,0.45,0,0,0,False,98.55,115.55,131.55,99.37,78.55,166.55,99.0,0,0,59.0,59.0,67.5,3495,0,0,True,False,False
hardcoded,64,5,3522000,1.8033,851,3,0.3004,0.441,1058923,815112,243811,815163,0,3525265,2713762,1804935830,1.8049,2.4818,1.3894,243760,-51,23.02,23.024,False,False,False,815142,2713692,1.3894,243781,21,0.002,23.022,815170,0,0,0,0.0,28,0.003,-7,12757,64,0.371,0,0,0,False,103.63,111.63,133.63,103.7,81.63,174.63,104.0,0,0,60.0,59.0,81.8,3495,0,0,True,False,False
template,64,5,3522000,1.8033,851,3,0.3005,0.545,1059513,554571,504942,554641,0,3525969,1845798,1805296422,1.8053,2.4823,0.945,504872,-70,47.651,47.658,False,False,False,554624,1845741,0.945,504889,17,0.002,47.653,554654,0,0,0,0.0,30,0.003,-13,8681,64,0.447,0,0,0,False,149.55,157.55,182.55,149.62,134.55,218.55,150.0,0,0,59.0,59.0,67.8,3495,0,0,True,False,False
modular,64,5,3522000,1.8033,851,3,0.3005,0.542,1059299,430478,628821,430480,0,3525405,1432661,1805007800,1.805,2.4819,0.7335,628819,-2,59.362,59.362,False,False,False,430416,1432448,0.7334,628883,64,0.006,59.368,430476,0,0,0,0.0,60,0.006,4,6740,64,0.446,0,0,0,False,193.55,203.55,229.55,193.7,176.55,267.55,194.0,0,0,59.0,59.0,68.2,3494,0,0,True,False,False
rxonly,64,5,3962000,2.0285,757,3,0.3003,0.44,1190203,1190174,29,1189942,1189930,3963581,3962712,2029353966,2.0294,2.7904,2.0289,261,232,0.022,0.002,True,False,False,,,,,,,,,,,,,,,,0,64,0.236,0,0,0,False,,,,,,,,0,0,60.0,60.0,82.2,3496,0,0,True,False,False
baseline,64,5,3962000,2.0285,757,3,0.3005,0.545,1191154,942653,248501,942810,0,3963801,3137387,2029466155,2.0295,2.7905,1.6063,248344,-157,20.849,20.862,False,False,False,942701,3137024,1.6062,248453,109,0.009,20.858,942819,0,0,0,0.0,118,0.01,-9,14755,64,0.357,0,0,0,False,91.64,99.64,118.64,91.28,68.64,153.64,92.0,0,0,59.0,60.0,67.6,3499,0,0,True,False,False
p1_static,64,5,3962000,2.0285,757,3,0.3005,0.546,1191085,843467,347618,843456,0,3963519,2806730,2029322082,2.0293,2.7903,1.437,347629,11,29.186,29.185,False,False,False,843440,2806677,1.437,347645,16,0.001,29.187,843471,0,0,0,0.0,31,0.003,-15,13221,64,0.349,0,0,0,False,96.65,114.65,127.65,98.88,78.65,161.65,97.0,0,0,59.0,59.0,67.7,3495,0,0,True,False,False
hardcoded,64,5,3962000,2.0285,757,3,0.3004,0.442,1190805,804347,386458,804156,0,3964048,2676939,2029592859,2.0296,2.7907,1.3706,386649,191,32.47,32.454,False,False,False,804292,2677392,1.3708,386513,-136,-0.011,32.458,804097,0,0,0,0.0,-195,-0.016,59,12587,64,0.285,0,0,0,False,94.71,104.71,126.71,95.39,82.71,184.71,95.0,0,0,60.0,59.0,82.2,3496,0,0,True,False,False
template,64,5,3962000,2.0285,757,3,0.3004,0.548,1190396,557297,633099,557384,0,3962906,1855568,2029008332,2.029,2.7899,0.9501,633012,-87,53.177,53.184,False,False,False,557248,1855115,0.9498,633148,136,0.011,53.188,557396,0,0,0,0.0,148,0.012,-12,8721,64,0.205,0,0,0,False,151.8,160.8,180.8,151.69,136.8,226.8,152.0,0,0,59.0,60.0,67.0,3495,0,0,True,False,False
modular,64,5,3962000,2.0285,757,3,0.3005,0.546,1190874,426684,764190,426737,0,3963226,1420179,2029171832,2.0292,2.7901,0.7271,764137,-53,64.166,64.171,False,False,False,426688,1420016,0.727,764186,49,0.004,64.17,426745,0,0,0,0.0,57,0.005,-8,6681,64,0.307,0,0,0,False,179.69,190.69,214.69,180.43,162.69,252.69,180.0,0,0,59.0,60.0,68.0,3495,0,0,True,False,False
rxonly,64,5,4402000,2.2538,681,3,0.3004,0.44,1323400,1318564,4836,1318411,1318413,4405561,4388953,2255647565,2.2556,3.1015,2.2471,4989,153,0.377,0.365,True,False,False,,,,,,,,,,,,,,,,0,128,0.203,0,0,0,False,,,,,,,,0,0,61.0,62.0,82.6,3495,0,0,True,False,False
baseline,64,5,4402000,2.2538,681,3,0.3004,0.439,1323709,963322,360387,963269,0,4405828,3206141,2255784288,2.2558,3.1017,1.6415,360440,53,27.23,27.226,False,False,False,963315,3206294,1.6416,360394,-46,-0.003,27.226,963292,0,0,0,0.0,-23,-0.002,-23,7538,128,0.157,0,0,0,False,79.84,88.84,113.84,80.37,67.84,138.84,80.0,0,0,60.0,62.0,82.7,3493,0,0,True,False,False
p1_static,64,5,4402000,2.2538,681,3,0.3004,0.544,1323415,835264,488151,835281,0,4405555,2780591,2255644530,2.2556,3.1015,1.4237,488134,-17,36.884,36.886,False,False,False,835280,2780588,1.4237,488135,1,0.0,36.884,835288,0,0,0,0.0,8,0.001,-7,6536,128,0.237,0,0,0,False,109.76,119.76,136.76,107.41,87.76,178.76,110.0,0,0,59.0,60.0,68.1,3493,0,0,True,False,False
hardcoded,64,5,4402000,2.2538,681,3,0.3005,0.547,1324145,804111,520034,803975,0,4405952,2675141,2255847438,2.2558,3.1018,1.3697,520170,136,39.283,39.273,False,False,False,804013,2675267,1.3697,520132,-38,-0.003,39.281,803945,0,0,0,0.0,-68,-0.005,30,6295,128,0.219,0,0,0,False,99.78,107.78,127.78,99.43,85.78,173.78,100.0,0,0,59.0,60.0,67.5,3494,0,0,True,False,False
template,64,5,4402000,2.2538,681,3,0.3005,0.443,1323787,556540,767247,556588,0,4405481,1852290,2255606541,2.2556,3.1015,0.9484,767199,-48,57.955,57.958,False,False,False,556493,1851974,0.9482,767294,95,0.007,57.962,556608,0,0,0,0.0,115,0.009,-20,4357,128,0.272,0,0,0,False,144.73,153.73,175.73,144.9,130.73,209.73,145.0,0,0,60.0,61.0,82.3,3495,0,0,True,False,False
modular,64,5,4402000,2.2538,681,3,0.3003,0.543,1322840,426657,896183,426581,0,4405222,1420567,2255473705,2.2555,3.1013,0.7273,896259,76,67.753,67.747,False,False,False,426608,1420657,0.7274,896232,-27,-0.002,67.751,426579,0,0,0,0.0,-29,-0.002,2,3337,128,0.279,0,0,0,False,215.72,227.72,241.72,217.95,205.72,266.72,216.0,0,0,59.0,61.0,68.0,3498,0,0,True,False,False
rxonly,64,5,4842000,2.4791,619,3,0.3003,0.546,1455636,1319440,136196,1319288,1319284,4846937,4392929,2481631781,2.4816,3.4122,2.2492,136348,152,9.367,9.356,True,False,False,,,,,,,,,,,,,,,,0,128,0.096,0,0,0,False,,,,,,,,0,0,59.0,60.0,67.6,3495,0,0,True,False,False
baseline,64,5,4842000,2.4791,619,3,0.3005,0.445,1456322,952521,503801,952605,0,4846540,3170204,2481428713,2.4814,3.412,1.6231,503717,-84,34.588,34.594,False,False,False,952574,3170101,1.6231,503748,31,0.002,34.59,952630,0,0,0,0.0,56,0.004,-25,7456,128,0.124,0,0,0,False,96.88,104.88,121.88,98.24,85.88,149.88,97.0,0,0,60.0,60.0,81.6,3495,0,0,True,False,False
p1_static,64,5,4842000,2.4791,619,3,0.3005,0.548,1456525,844947,611578,845030,0,4846628,2811861,2481473863,2.4815,3.412,1.4397,611495,-83,41.983,41.989,False,False,False,844976,2811681,1.4396,611549,54,0.004,41.987,845018,0,0,0,0.0,42,0.003,12,6616,128,0.151,0,0,0,False,95.85,103.85,121.85,95.47,81.85,159.85,96.0,0,0,59.0,60.0,67.9,3495,0,0,True,False,False
hardcoded,64,5,4842000,2.4791,619,3,0.3003,0.544,1455436,801625,653811,801408,0,4846538,2668653,2481427938,2.4814,3.412,1.3664,654028,217,44.937,44.922,False,False,False,801408,2668653,1.3664,654028,0,0.0,44.937,801393,0,0,0,0.0,-15,-0.001,15,6271,128,0.155,0,0,0,False,111.85,120.85,141.85,111.89,91.85,161.85,112.0,0,0,59.0,60.0,68.1,3494,0,0,True,False,False
template,64,5,4842000,2.4791,619,3,0.3005,0.444,1456714,555523,901191,555547,0,4847065,1848525,2481697357,2.4817,3.4123,0.9464,901167,-24,61.863,61.865,False,False,False,555520,1848435,0.9464,901194,27,0.002,61.865,555523,0,0,0,0.0,3,0.0,24,4348,128,0.169,0,0,0,False,151.83,160.83,180.83,151.89,136.83,209.83,152.0,0,0,60.0,61.0,82.0,3498,0,0,True,False,False
modular,64,5,4842000,2.4791,619,3,0.3005,0.549,1456413,434146,1022267,434165,0,4847177,1444971,2481754806,2.4818,3.4124,0.7398,1022248,-19,70.189,70.191,False,False,False,434112,1444794,0.7397,1022301,53,0.004,70.193,434174,0,0,0,0.0,62,0.004,-9,3399,128,0.163,0,0,0,False,191.84,200.84,225.84,191.32,175.84,251.84,192.0,0,0,59.0,61.0,67.0,3498,0,0,True,False,False
rxonly,64,5,5502000,2.817,545,3,0.3004,0.44,1653553,1296824,356729,1296971,1296993,5505192,4318019,2818658349,2.8187,3.8757,2.2108,356582,-147,21.565,21.573,True,False,False,,,,,,,,,,,,,,,,0,128,0.022,0,0,0,False,,,,,,,,0,0,60.0,61.0,82.1,3498,0,0,True,False,False
baseline,64,5,5502000,2.817,545,3,0.3005,0.545,1654144,965968,688176,965930,0,5505120,3214690,2818621494,2.8186,3.8756,1.6459,688214,38,41.605,41.603,False,False,False,965936,3214710,1.6459,688208,-6,-0.0,41.605,965993,0,0,0,0.0,57,0.003,-63,7559,128,0.069,0,0,0,False,85.93,93.93,104.93,85.69,72.93,144.93,86.0,0,0,60.0,61.0,67.7,3496,0,0,True,False,False
p1_static,64,5,5502000,2.817,545,3,0.3006,0.549,1654543,850588,803955,850622,0,5504644,2830009,2818377964,2.8184,3.8753,1.449,803921,-34,48.589,48.591,False,False,False,850560,2829802,1.4489,803983,62,0.004,48.592,850659,0,0,0,0.0,99,0.006,-37,6659,128,0.049,0,0,0,False,91.95,106.95,125.95,93.42,76.95,169.95,92.0,0,0,59.0,59.0,66.9,3497,0,0,True,False,False
hardcoded,64,5,5502000,2.817,545,3,0.3005,0.441,1654662,810004,844658,809848,0,5506073,2694859,2819109509,2.8191,3.8763,1.3798,844814,156,51.057,51.047,False,False,False,809988,2695325,1.38,844674,-140,-0.008,51.048,809810,0,0,0,0.0,-178,-0.011,38,6341,128,0.054,0,0,0,False,102.95,121.95,140.95,104.96,79.95,191.95,103.0,0,0,60.0,59.0,82.5,3501,0,0,True,False,False
template,64,5,5502000,2.817,545,3,0.3005,0.544,1654355,555940,1098415,555826,0,5505661,1849778,2818898846,2.8189,3.876,0.9471,1098529,114,66.402,66.395,False,False,False,555904,1850037,0.9472,1098451,-78,-0.005,66.398,555822,0,0,0,0.0,-82,-0.005,4,4351,128,0.068,0,0,0,False,146.93,155.93,185.93,146.9,131.93,211.93,147.0,0,0,59.0,59.0,68.2,3494,0,0,True,False,False
modular,64,5,5502000,2.817,545,3,0.3004,0.444,1653793,425560,1228233,425505,0,5505075,1416402,2818598443,2.8186,3.8756,0.7252,1228288,55,74.271,74.268,False,False,False,425536,1416505,0.7253,1228257,-31,-0.002,74.269,425504,0,0,0,0.0,-32,-0.002,1,3331,128,0.095,0,0,0,False,194.91,206.91,231.91,195.94,178.91,271.91,195.0,0,0,61.0,59.0,81.1,3500,0,0,True,False,False
