method,frame,round,rate_requested_pps,bitrate_requested_gbps,delay_ns,gen_threads,duration_s,point_wall_s,packets_sent,packets_accepted_by_veth,rejected_by_ingress_queue,packets_received_by_xdp,tail_call_miss,sent_pps,rx_pps,bitrate_sent_bps,bitrate_sent_gbps,bitrate_sent_l1_gbps,rx_gbps,loss_before_xdp,lost_between_veth_and_xdp,loss_before_xdp_pct,rejected_pct,reference,napi_run_pct,napi_wait_pct,napi_sleeps_per_ms,napi_preempt_per_ms,gen_spin_per_sent,gen_resets,gen_late_mean_ns,gen_gap_pct,gen_calls,gen_limited,gen_burst,packets_forwarded,forwarded_pps,forwarded_gbps,packets_lost,loss_in_pipeline,loss_in_pipeline_pct,loss_total_pct,pipeline_hit,pipeline_miss,pipeline_drop,not_forwarded_by_decision,decision_pct,loss_after_xdp,loss_after_xdp_pct,unaccounted_in_pipeline,e2e_samples,e2e_sample_every,e2e_spin_correction_us,e2e_over_range,e2e_negative,e2e_no_stamp,e2e_percentile_clipped,e2e_latency_p50_us,e2e_latency_p90_us,e2e_latency_p99_us,e2e_latency_mean_us,e2e_latency_min_us,e2e_latency_max_us,e2e_latency_p50_raw_us,host_throttle_core,host_throttle_pkg,host_pkg_temp_c,host_dut_temp_c,host_dut_busy_pct,host_dut_mhz,host_smi,host_powerclamp,host_on_ac,host_off_target,host_disturbed,instr_pkt,cycles_pkt,ipc,llc_miss_pkt,br_miss_pkt,dut_ghz_busy,egress_cycles_pkt,egress_ipc
rxonly,64,1,500000,0.256,2000,1,0.3002,0.423,150127,150119,8,150119,150119,500026,499999,256013639,0.256,0.352,0.256,8,0,0.005,0.005,True,18.51,0.0,73.722,0.0,36.75,0,65.0,0.0,0,False,False,,,,,,,,,,,,,,,,0,8,,0,0,0,False,,,,,,,,0,0,49.0,44.0,26.7,3487,0,0,True,False,False,1607.0,2426.4,0.662,0.049,1.554,1.213,3.7,0.391
baseline,64,1,500000,0.256,2000,1,0.3002,0.423,150123,150116,7,150116,0,500014,499991,256007439,0.256,0.352,0.256,7,0,0.005,0.005,False,14.49,0.0,71.047,0.0,35.38,0,70.9,0.0,0,False,False,150121,500007,0.256,2,-5,-0.003,0.001,150124,0,0,0,0.0,3,0.002,-8,18785,8,,0,0,0,False,12.0,17.0,19.0,12.08,5.0,38.0,12.0,0,0,49.0,44.0,22.9,3454,0,0,True,False,False,1849.0,2092.4,0.884,0.199,0.899,1.046,2710.0,0.577
p1_static,64,1,500000,0.256,2000,1,0.3004,0.427,150244,150163,81,150163,0,500127,499857,256065165,0.2561,0.3521,0.2559,81,0,0.054,0.054,False,17.37,0.0,68.839,0.0,34.25,0,75.5,0.0,0,False,False,150235,500097,0.256,9,-72,-0.048,0.006,150170,0,0,0,0.0,-65,-0.043,-7,18814,8,,0,0,0,False,13.0,18.0,20.0,12.85,6.0,48.0,13.0,0,0,49.0,44.0,25.1,3425,0,0,True,False,False,2422.7,2253.2,1.075,0.205,0.898,1.126,2635.3,0.58
hardcoded,64,1,500000,0.256,2000,1,0.3003,0.428,150149,150149,0,150163,0,499959,500006,255979210,0.256,0.352,0.256,-14,-14,-0.009,0.0,False,18.15,0.0,69.289,0.0,34.48,0,76.5,0.0,0,False,False,150142,499936,0.256,7,21,0.014,0.005,150164,0,0,0,0.0,22,0.015,-1,18798,8,,0,0,0,False,13.0,18.0,20.0,12.99,5.0,39.0,13.0,0,0,49.0,44.0,25.4,3460,0,0,True,False,False,2627.8,2319.9,1.133,0.202,0.89,1.16,2642.8,0.578
template,64,1,500000,0.256,2000,1,0.3004,0.421,150178,150178,0,150185,0,500001,500024,256000778,0.256,0.352,0.256,-7,-7,-0.005,0.0,False,28.22,0.01,71.009,0.0,35.36,0,68.0,0.0,0,False,False,150177,499998,0.256,1,8,0.005,0.001,150191,0,0,0,0.0,14,0.009,-6,18799,8,,0,0,0,False,13.0,18.0,21.0,13.54,6.0,43.0,13.0,0,0,49.0,44.0,35.8,3407,0,0,True,False,False,5838.4,3097.6,1.885,0.214,1.007,1.549,2708.1,0.599
modular,64,1,500000,0.256,2000,1,0.3003,0.419,150154,150141,13,150141,0,500043,500000,256022436,0.256,0.352,0.256,13,0,0.009,0.009,False,36.13,0.01,70.024,0.0,34.87,0,72.2,0.0,0,False,False,150153,500040,0.256,1,-12,-0.008,0.001,150137,0,0,0,0.0,-16,-0.011,4,18794,8,,0,0,0,False,16.0,21.0,24.0,16.0,8.0,56.0,16.0,0,0,49.0,44.0,42.4,3384,0,0,True,False,False,7784.1,3577.8,2.176,0.209,1.069,1.789,2780.8,0.562
rxonly,64,1,1000000,0.512,1000,1,0.3004,0.422,300355,300355,0,300444,300441,999898,1000194,511947791,0.5119,0.7039,0.5121,-89,-89,-0.03,0.0,True,31.76,0.0,64.081,0.0,15.41,0,84.7,0.0,0,False,False,,,,,,,,,,,,,,,,0,16,,0,0,0,False,,,,,,,,0,0,49.0,44.0,36.6,3478,0,0,True,False,False,957.5,1597.5,0.599,0.035,1.206,1.598,1.4,0.421
baseline,64,1,1000000,0.512,1000,1,0.3003,0.426,300313,300307,6,300307,0,999999,999979,511999756,0.512,0.704,0.512,6,0,0.002,0.002,False,18.59,0.01,58.382,0.0,13.95,0,94.0,0.0,0,False,False,300298,999949,0.512,15,9,0.003,0.005,300305,0,0,0,0.0,7,0.002,2,18795,16,,0,0,0,False,16.0,21.0,24.0,16.56,9.0,43.0,16.0,0,0,49.0,44.0,24.7,3428,0,0,True,False,False,1147.7,1094.9,1.048,0.089,0.438,1.095,1748.5,0.521
p1_static,64,1,1000000,0.512,1000,1,0.3004,0.421,300355,300355,0,300416,0,999852,1000055,511924688,0.5119,0.7039,0.512,-61,-61,-0.02,0.0,False,24.62,0.0,57.051,0.0,13.61,0,95.1,0.0,0,False,False,300361,999872,0.5119,-6,55,0.018,-0.002,300437,0,0,0,0.0,76,0.025,-21,18810,16,,0,0,0,False,18.0,23.0,26.0,17.96,10.0,46.0,18.0,0,0,49.0,45.0,29.8,3453,0,0,True,False,False,1751.6,1297.9,1.35,0.084,0.44,1.298,1759.6,0.514
hardcoded,64,1,1000000,0.512,1000,1,0.3003,0.423,300323,300323,0,300342,0,999931,999994,511964937,0.512,0.704,0.512,-19,-19,-0.006,0.0,False,26.14,0.0,58.596,0.0,14.0,0,90.7,0.0,0,False,False,300328,999948,0.512,-5,14,0.005,-0.002,300372,0,0,0,0.0,44,0.015,-30,18802,16,,0,0,0,False,18.0,22.0,25.0,17.58,10.0,50.0,18.0,0,0,49.0,45.0,31.1,3474,0,0,True,False,False,1962.5,1361.8,1.441,0.087,0.433,1.362,1692.5,0.539
template,64,1,1000000,0.512,1000,1,0.3003,0.42,300286,300286,0,300316,0,999980,1000080,511990022,0.512,0.704,0.512,-30,-30,-0.01,0.0,False,44.9,0.0,54.853,0.0,13.08,0,92.9,0.0,0,False,False,300297,1000017,0.512,-11,19,0.006,-0.004,300317,0,0,0,0.0,20,0.007,-1,18794,16,,0,0,0,False,22.0,27.0,31.0,22.29,11.0,66.0,22.0,0,0,49.0,44.0,47.6,3375,0,0,True,False,False,5060.6,1976.1,2.561,0.085,0.51,1.976,1774.1,0.502
modular,64,1,1000000,0.512,1000,1,0.3003,0.419,300314,300291,23,300291,0,1000101,1000025,512052170,0.5121,0.7041,0.512,23,0,0.008,0.008,False,59.14,0.0,42.457,0.0,14.14,0,85.6,0.0,0,False,False,300310,1000088,0.512,4,-19,-0.006,0.001,300288,0,0,0,0.0,-22,-0.007,3,18793,16,,0,0,0,False,26.0,38.0,46.0,26.85,11.0,82.0,26.0,0,0,50.0,44.0,57.1,3462,0,0,True,False,False,6971.0,2378.7,2.931,0.074,0.469,2.379,1517.6,0.526
rxonly,64,1,1500000,0.768,667,1,0.3003,0.424,450160,450160,0,450218,450217,1499073,1499266,767525615,0.7675,1.0553,0.7676,-58,-58,-0.013,0.0,True,42.21,0.0,55.339,0.0,8.45,3,98.7,0.0,0,False,False,,,,,,,,,,,,,,,,0,32,,0,0,0,False,,,,,,,,0,0,49.0,44.0,44.1,3487,0,0,True,False,False,733.9,1264.5,0.58,0.033,1.088,1.896,1.2,0.44
baseline,64,1,1500000,0.768,667,1,0.3003,0.422,450234,450219,15,450219,0,1499293,1499243,767638194,0.7676,1.0555,0.7676,15,0,0.003,0.003,False,21.81,0.0,44.749,0.0,6.65,1,117.3,0.0,0,False,False,450226,1499266,0.7676,8,-7,-0.002,0.002,450219,0,0,0,0.0,-7,-0.002,0,14090,32,,0,0,0,False,23.0,28.0,31.0,22.91,14.0,47.0,23.0,0,0,49.0,44.0,25.8,3433,0,0,True,False,False,902.6,738.7,1.222,0.051,0.308,1.107,1418.8,0.48
p1_static,64,1,1500000,0.768,667,1,0.3003,0.423,450240,450240,0,450313,0,1499057,1499300,767517352,0.7675,1.0553,0.7676,-73,-73,-0.016,0.0,False,31.55,0.01,46.676,0.0,6.99,1,112.6,0.0,0,False,False,450221,1498994,0.7675,19,92,0.02,0.004,450317,0,0,0,0.0,96,0.021,-4,14095,32,,0,0,0,False,24.0,29.0,33.0,24.06,12.0,57.0,24.0,0,0,49.0,44.0,34.2,3438,0,0,True,False,False,1525.5,973.8,1.567,0.057,0.314,1.46,1382.0,0.501
hardcoded,64,1,1500000,0.768,667,1,0.3003,0.416,450359,450284,75,450284,0,1499698,1499449,767845766,0.7678,1.0558,0.7677,75,0,0.017,0.017,False,33.62,0.0,48.954,0.0,7.38,0,109.8,0.0,0,False,False,450346,1499655,0.7678,13,-62,-0.014,0.003,450163,0,0,0,0.0,-183,-0.041,121,14093,32,,0,0,0,False,23.0,28.0,32.0,23.54,10.0,64.0,23.0,0,0,49.0,44.0,36.6,3445,0,0,True,False,False,1739.3,1032.5,1.685,0.063,0.322,1.548,1372.8,0.51
template,64,1,1500000,0.768,667,1,0.3003,0.426,450182,450103,79,450103,0,1499331,1499068,767657578,0.7677,1.0555,0.7675,79,0,0.018,0.018,False,58.37,0.01,21.698,0.003,8.16,2,92.0,0.0,0,False,False,450167,1499281,0.7676,15,-64,-0.014,0.003,450067,0,0,0,0.0,-100,-0.022,36,14085,32,,0,0,0,False,38.0,53.0,58.0,38.14,9.0,85.0,38.0,0,0,50.0,45.0,52.7,3451,0,0,True,False,False,4721.1,1464.3,3.224,0.035,0.253,2.195,1042.2,0.545
modular,64,1,1500000,0.768,667,1,0.3003,0.419,450242,450208,34,450208,0,1499393,1499280,767689543,0.7677,1.0556,0.7676,34,0,0.008,0.008,False,81.59,0.01,14.053,0.007,8.18,0,96.4,0.0,0,False,False,450224,1499333,0.7677,18,-16,-0.004,0.004,450186,0,0,0,0.0,-38,-0.008,22,14089,32,,0,0,0,False,36.0,56.0,65.0,37.71,13.0,78.0,36.0,0,0,50.0,45.0,71.9,3461,0,0,True,False,False,6692.5,1955.9,3.422,0.047,0.225,2.933,1086.8,0.53
rxonly,64,1,2000000,1.024,500,1,0.3003,0.419,600531,600480,51,600480,600510,2000051,1999881,1024026423,1.024,1.408,1.0239,51,0,0.008,0.008,True,51.38,0.0,48.818,0.0,5.25,2,111.5,0.0,0,False,False,,,,,,,,,,,,,,,,0,32,,0,0,0,False,,,,,,,,0,0,49.0,44.0,51.4,3491,0,0,True,False,False,635.6,1083.6,0.587,0.024,1.107,2.167,0.8,0.378
baseline,64,1,2000000,1.024,500,1,0.3003,0.418,600670,600613,57,600613,0,2000108,1999918,1024055532,1.0241,1.4081,1.024,57,0,0.009,0.009,False,26.3,0.0,43.424,0.0,4.57,2,116.8,0.0,0,False,False,600654,2000055,1.024,16,-41,-0.007,0.003,600608,0,0,0,0.0,-46,-0.008,5,18798,32,,0,0,0,False,25.0,30.0,33.0,25.12,11.0,55.0,25.0,0,0,49.0,44.0,29.7,3429,0,0,True,False,False,830.1,626.9,1.324,0.054,0.265,1.254,1119.7,0.548
p1_static,64,1,2000000,1.024,500,1,0.3004,0.419,600815,600703,112,600703,0,2000330,1999957,1024169276,1.0242,1.4082,1.024,112,0,0.019,0.019,False,37.5,0.0,23.459,0.0,4.39,2,120.2,0.0,0,False,False,600775,2000197,1.0241,40,-72,-0.012,0.007,600723,0,0,0,0.0,-52,-0.009,-20,18809,32,,0,0,0,False,37.0,46.0,50.0,37.01,13.0,72.0,37.0,0,0,49.0,45.0,36.3,3373,0,0,True,False,False,1370.1,731.6,1.873,0.032,0.216,1.463,1068.4,0.505
hardcoded,64,1,2000000,1.024,500,1,0.3003,0.418,600726,600602,124,600602,0,2000284,1999871,1024145718,1.0241,1.4082,1.0239,124,0,0.021,0.021,False,39.08,0.0,20.851,0.0,4.26,1,122.3,0.0,0,False,False,600705,2000214,1.0241,21,-103,-0.017,0.003,600600,0,0,0,0.0,-105,-0.017,2,18806,32,,0,0,0,False,39.0,48.0,51.0,39.18,13.0,72.0,39.0,0,0,49.0,45.0,36.9,3422,0,0,True,False,False,1564.7,756.8,2.067,0.03,0.206,1.514,1075.1,0.5
template,64,1,2000000,1.024,500,1,0.3003,0.423,600524,600524,0,600537,0,1999832,1999875,1023914235,1.0239,1.4079,1.0239,-13,-13,-0.002,0.0,False,77.47,0.0,14.529,0.007,4.88,7,109.6,0.0,0,False,False,600523,1999829,1.0239,1,14,0.002,0.0,600535,0,0,0,0.0,12,0.002,2,18790,32,,0,0,0,False,33.0,48.0,56.0,33.67,9.0,73.0,33.0,0,0,50.0,45.0,67.4,3376,0,0,True,False,False,4657.9,1352.1,3.445,0.042,0.197,2.704,991.2,0.537
modular,64,1,2000000,1.024,500,1,0.3003,0.417,600571,569657,30914,569657,0,1999819,1896879,1023907352,1.0239,1.4079,0.9712,30914,0,5.147,5.147,False,100.22,0.0,0.0,0.01,4.76,8,129.8,0.0,0,False,False,569568,1896583,0.9711,31003,89,0.015,5.162,569657,0,0,0,0.0,89,0.015,0,17831,32,,0,0,0,False,147.0,160.0,170.0,148.32,123.0,206.0,147.0,0,0,51.0,45.0,85.6,3470,0,0,True,False,False,6618.7,1831.9,3.613,0.068,0.152,3.475,1141.9,0.498
rxonly,64,1,2500000,1.28,400,1,0.3003,0.428,750579,750579,0,750709,750731,2499447,2499880,1279717002,1.2797,1.7596,1.2799,-130,-130,-0.017,0.0,True,58.97,0.01,45.065,0.003,3.63,19,121.0,0.0,0,False,False,,,,,,,,,,,,,,,,0,64,,0,0,0,False,,,,,,,,0,0,50.0,44.0,56.1,3489,0,0,True,False,False,582.2,963.7,0.604,0.066,1.059,2.409,0.7,0.331
baseline,64,1,2500000,1.28,400,1,0.3003,0.427,750818,750750,68,750750,0,2500062,2499836,1280032132,1.28,1.76,1.2799,68,0,0.009,0.009,False,31.13,0.01,35.875,0.007,2.69,8,127.5,0.0,0,False,False,750793,2499979,1.28,25,-43,-0.006,0.003,750695,0,0,0,0.0,-98,-0.013,55,11749,64,,0,0,0,False,25.0,30.0,36.0,25.34,12.0,55.0,25.0,0,0,49.0,44.0,32.6,3433,0,0,True,False,False,781.0,552.1,1.415,0.097,0.23,1.38,982.9,0.563
p1_static,64,1,2500000,1.28,400,1,0.3004,0.423,750941,750858,83,750858,0,2499948,2499672,1279973620,1.28,1.76,1.2798,83,0,0.011,0.011,False,44.28,0.01,20.983,0.007,3.07,7,125.1,0.0,0,False,False,751001,2500148,1.2801,-60,-143,-0.019,-0.008,750860,0,0,0,0.0,-141,-0.019,-2,11757,64,,0,0,0,False,36.0,45.0,50.0,36.28,11.0,66.0,36.0,0,0,49.0,44.0,41.3,3439,0,0,True,False,False,1338.8,684.1,1.957,0.081,0.199,1.71,903.7,0.56
hardcoded,64,1,2500000,1.28,400,1,0.3004,0.423,750829,750829,0,750845,0,2499794,2499847,1279894719,1.2799,1.7599,1.2799,-16,-16,-0.002,0.0,False,47.65,0.0,20.139,0.0,3.02,8,126.3,0.0,0,False,False,750819,2499761,1.2799,10,26,0.003,0.001,750842,0,0,0,0.0,23,0.003,3,11754,64,,0,0,0,False,35.0,44.0,49.0,35.17,8.0,63.0,35.0,0,0,50.0,44.0,44.2,3442,0,0,True,False,False,1541.3,727.2,2.119,0.095,0.195,1.818,900.4,0.561
template,64,1,2500000,1.28,400,1,0.3003,0.417,750777,750777,0,750854,0,2499826,2500082,1279911001,1.2799,1.7599,1.28,-77,-77,-0.01,0.0,False,93.0,0.01,5.191,0.01,2.98,8,116.3,0.0,0,False,False,750781,2499839,1.2799,-4,73,0.01,-0.001,750854,0,0,0,0.0,73,0.01,0,11748,64,,0,0,0,False,28.0,43.0,54.0,29.28,9.0,81.0,28.0,0,0,50.0,45.0,80.6,3458,0,0,True,False,False,4616.6,1304.1,3.54,0.041,0.157,3.26,919.8,0.571
modular,64,1,2500000,1.28,400,1,0.3003,0.426,750516,572051,178465,572051,0,2499271,1904970,1279626765,1.2796,1.7595,0.9753,178465,0,23.779,23.779,False,99.9,0.0,0.0,0.007,3.65,31,272.1,0.0,0,False,False,572007,1904823,0.9753,178509,44,0.006,23.785,572053,0,0,0,0.0,46,0.006,-2,8953,64,,0,0,0,False,141.0,160.0,170.0,143.45,131.0,193.0,141.0,0,0,51.0,45.0,84.1,3484,0,0,True,False,False,6619.3,1826.9,3.623,0.063,0.151,3.48,1038.9,0.54
rxonly,64,1,3000000,1.536,333,1,0.3003,0.422,901485,901471,14,901471,901469,3002318,3002272,1537187270,1.5372,2.1136,1.5372,14,0,0.002,0.002,True,63.52,0.0,41.56,0.003,2.56,39,126.2,0.0,0,False,False,,,,,,,,,,,,,,,,0,64,,0,0,0,False,,,,,,,,0,0,50.0,45.0,60.4,3487,0,0,True,False,False,542.9,845.7,0.642,0.054,1.077,2.539,0.7,0.314
baseline,64,1,3000000,1.536,333,1,0.3003,0.426,901696,901696,0,901789,0,3002434,3002743,1537246299,1.5372,2.1137,1.5374,-93,-93,-0.01,0.0,False,36.22,0.01,35.006,0.003,2.02,23,128.3,0.0,0,False,False,901687,3002404,1.5372,9,102,0.011,0.001,901752,0,0,0,0.0,65,0.007,37,14110,64,,0,0,0,False,26.0,31.0,37.0,26.19,9.0,55.0,26.0,0,0,49.0,45.0,36.5,3438,0,0,True,False,False,751.1,513.5,1.463,0.09,0.211,1.542,827.7,0.633
p1_static,64,1,3000000,1.536,333,1,0.3005,0.423,901939,901939,0,902288,0,3001773,3002935,1536908133,1.5369,2.1132,1.5375,-349,-349,-0.039,0.0,False,53.8,0.0,20.132,0.0,2.09,22,129.9,0.0,0,False,False,901959,3001840,1.5369,-20,329,0.036,-0.002,902423,0,0,0,0.0,464,0.051,-135,14126,64,,0,0,0,False,33.0,43.0,48.0,33.01,8.0,64.0,33.0,0,0,50.0,45.0,49.4,3397,0,0,True,False,False,1322.5,670.3,1.973,0.101,0.186,2.013,797.3,0.609
hardcoded,64,1,3000000,1.536,333,1,0.3005,0.425,901989,901989,0,902887,0,3001646,3004635,1536843159,1.5368,2.1132,1.5384,-898,-898,-0.1,0.0,False,55.85,0.0,20.26,0.003,2.33,17,119.5,0.0,0,False,False,901923,3001427,1.5367,66,964,0.107,0.007,902808,0,0,0,0.0,885,0.098,79,14132,64,,0,0,0,False,31.0,40.0,45.0,30.76,8.0,56.0,31.0,0,0,50.0,45.0,50.9,3449,0,0,True,False,False,1530.0,702.1,2.179,0.033,0.188,2.11,761.9,0.643
template,64,1,3000000,1.536,333,1,0.3004,0.428,901811,822721,79090,822721,0,3002207,2738910,1537130335,1.5371,2.1136,1.4023,79090,0,8.77,8.77,False,99.87,0.0,0.0,0.01,2.51,28,144.3,0.0,0,False,False,822480,2738107,1.4019,79331,241,0.027,8.797,822746,0,0,0,0.0,266,0.029,-25,12875,64,,0,0,0,False,106.0,113.0,120.0,105.4,90.0,159.0,106.0,0,0,50.0,45.0,84.0,3447,0,0,True,False,False,4600.9,1260.0,3.651,0.021,0.138,3.451,821.4,0.651
modular,64,1,3000000,1.536,333,1,0.3003,0.419,901375,572292,329083,572292,0,3001487,1905674,1536761735,1.5368,2.113,0.9757,329083,0,36.509,36.509,False,99.89,0.01,0.0,0.01,2.95,551,351.5,0.0,0,False,False,572237,1905491,0.9756,329138,55,0.006,36.515,572286,0,0,0,0.0,49,0.005,6,8958,64,,0,0,0,False,146.0,149.0,157.0,145.89,137.0,205.0,146.0,0,0,51.0,45.0,85.4,3477,0,0,True,False,False,6618.9,1822.2,3.632,0.028,0.151,3.473,921.7,0.616
rxonly,64,1,3500000,1.792,286,1,0.3002,0.427,1049571,1049571,0,1049730,1049709,3495872,3496401,1789886539,1.7899,2.4611,1.7902,-159,-159,-0.015,0.0,True,70.11,0.02,39.47,0.007,1.91,26,125.5,0.0,0,False,False,,,,,,,,,,,,,,,,0,64,,0,0,0,False,,,,,,,,0,0,50.0,45.0,65.0,3481,0,0,True,False,False,526.3,786.4,0.669,0.022,0.963,2.75,0.6,0.384
baseline,64,1,3500000,1.792,286,1,0.3003,0.42,1049720,1049720,0,1049857,0,3495708,3496164,1789802884,1.7898,2.461,1.79,-137,-137,-0.013,0.0,False,41.0,0.01,34.817,0.007,1.56,20,119.4,0.0,0,False,False,1049689,3495605,1.7898,31,168,0.016,0.003,1049855,0,0,0,0.0,166,0.016,2,16424,64,,0,0,0,False,24.0,28.0,31.0,23.57,9.0,55.0,24.0,0,0,50.0,45.0,40.5,3459,0,0,True,False,False,735.2,486.4,1.511,0.035,0.203,1.701,728.8,0.701
p1_static,64,1,3500000,1.792,286,1,0.3004,0.421,1050089,1050082,7,1050082,0,3496029,3496005,1789966877,1.79,2.4612,1.79,7,0,0.001,0.001,False,61.34,0.0,20.502,0.003,1.6,21,120.5,0.0,0,False,False,1050023,3495809,1.7899,66,59,0.006,0.006,1050121,0,0,0,0.0,98,0.009,-39,16440,64,,0,0,0,False,29.0,39.0,44.0,28.87,6.0,62.0,29.0,0,0,50.0,44.0,55.8,3430,0,0,True,False,False,1315.1,651.3,2.019,0.025,0.178,2.277,698.7,0.682
hardcoded,64,1,3500000,1.792,286,1,0.3004,0.434,1050153,1050153,0,1050267,0,3495974,3496354,1789939148,1.7899,2.4612,1.7901,-114,-114,-0.011,0.0,False,65.76,0.0,21.252,0.01,1.61,27,117.1,0.0,0,False,False,1050078,3495725,1.7898,75,189,0.018,0.007,1050178,0,0,0,0.0,100,0.01,89,16438,64,,0,0,0,False,27.0,38.0,44.0,27.03,7.0,59.0,27.0,0,0,50.0,44.0,58.3,3416,0,0,True,False,False,1521.3,696.1,2.186,0.03,0.18,2.434,678.6,0.707
template,64,1,3500000,1.792,286,1,0.3004,0.423,1048716,818720,229996,818720,0,3491558,2725817,1787677781,1.7877,2.4581,1.3956,229996,0,21.931,21.931,False,99.88,0.0,0.0,0.01,2.07,1139,323.7,0.0,0,False,False,818507,2725108,1.3953,230209,213,0.02,21.952,818748,0,0,0,0.0,241,0.023,-28,12813,64,,0,0,0,False,102.0,115.0,126.0,103.93,89.0,165.0,102.0,0,0,50.0,45.0,84.9,3437,0,0,True,False,False,4602.7,1253.7,3.671,0.026,0.135,3.417,808.8,0.685
modular,64,1,3500000,1.792,286,1,0.3004,0.423,1041454,570731,470723,570731,0,3467258,1900104,1775236301,1.7752,2.4409,0.9729,470723,0,45.199,45.199,False,99.87,0.01,0.0,0.013,2.71,4845,440.5,0.0,0,False,False,570688,1899961,0.9728,470766,43,0.004,45.203,570733,0,0,0,0.0,45,0.004,-2,8935,64,,0,0,0,False,150.0,154.0,169.0,150.8,142.0,200.0,150.0,0,0,51.0,45.0,84.3,3476,0,0,True,False,False,6619.5,1824.2,3.629,0.033,0.151,3.466,871.7,0.653
rxonly,64,1,4000000,2.048,250,1,0.3004,0.425,1200669,1200669,0,1200941,1200906,3997558,3998464,2046750030,2.0468,2.8143,2.0472,-272,-272,-0.023,0.0,True,74.64,0.01,34.476,0.0,1.4,57,124.3,0.0,0,False,False,,,,,,,,,,,,,,,,0,64,,0,0,0,False,,,,,,,,0,0,50.0,45.0,68.2,3409,0,0,True,False,False,500.5,703.6,0.711,0.02,0.93,2.813,0.5,0.371
baseline,64,1,4000000,2.048,250,1,0.3003,0.424,1200925,1200925,0,1200962,0,3999165,3999289,2047572952,2.0476,2.8154,2.0476,-37,-37,-0.003,0.0,False,46.03,0.0,34.813,0.003,1.24,40,115.5,0.0,0,False,False,1200899,3999079,2.0475,26,63,0.005,0.002,1200938,0,0,0,0.0,39,0.003,24,18792,64,,0,0,0,False,22.0,27.0,33.0,22.38,7.0,56.0,22.0,0,0,50.0,45.0,44.8,3444,0,0,True,False,False,724.2,468.1,1.547,0.034,0.194,1.872,646.4,0.767
p1_static,64,1,4000000,2.048,250,1,0.3004,0.422,1201037,1201037,0,1201400,0,3998217,3999425,2047087197,2.0471,2.8147,2.0477,-363,-363,-0.03,0.0,False,69.57,0.01,20.463,0.007,1.27,38,112.9,0.0,0,False,False,1200997,3998084,2.047,40,403,0.034,0.003,1201563,0,0,0,0.0,566,0.047,-163,18805,64,,0,0,0,False,24.0,36.0,42.0,24.62,5.0,61.0,24.0,0,0,50.0,45.0,62.9,3407,0,0,True,False,False,1307.0,637.4,2.051,0.03,0.17,2.549,603.4,0.777
hardcoded,64,1,4000000,2.048,250,1,0.3003,0.418,1200932,1200932,0,1201080,0,3998917,3999409,2047445572,2.0474,2.8152,2.0477,-148,-148,-0.012,0.0,False,74.43,0.01,17.572,0.013,1.29,42,113.0,0.0,0,False,False,1200894,3998790,2.0474,38,186,0.015,0.003,1201153,0,0,0,0.0,259,0.022,-73,18793,64,,0,0,0,False,23.0,35.0,41.0,23.82,6.0,61.0,23.0,0,0,50.0,45.0,67.0,3401,0,0,True,False,False,1507.9,670.9,2.248,0.029,0.167,2.683,614.9,0.765
template,64,1,4000000,2.048,250,1,0.3003,0.43,1190685,834433,356252,834433,0,3964407,2778259,2029776394,2.0298,2.7909,1.4225,356252,0,29.92,29.92,False,100.21,0.01,0.0,0.01,1.63,4620,340.6,0.0,0,False,False,834480,2778416,1.4225,356205,-47,-0.004,29.916,834419,0,0,0,0.0,-61,-0.005,14,13064,64,,0,0,0,False,101.0,113.0,121.0,103.16,86.0,171.0,101.0,0,0,51.0,45.0,83.2,3475,0,0,True,False,False,4601.8,1247.2,3.69,0.051,0.073,3.465,780.9,0.699
modular,64,1,4000000,2.048,250,1,0.3003,0.427,1172630,571639,600991,571639,0,3904237,1903255,1998969492,1.999,2.7486,0.9745,600991,0,51.252,51.252,False,99.88,0.0,0.0,0.01,2.14,7897,427.0,0.0,0,False,False,571520,1902859,0.9743,601110,119,0.01,51.262,571642,0,0,0,0.0,122,0.01,-3,8949,64,,0,0,0,False,145.0,149.0,160.0,145.88,129.0,197.0,145.0,0,0,51.0,45.0,84.0,3478,0,0,True,False,False,6619.5,1823.5,3.63,0.03,0.15,3.471,807.6,0.7
rxonly,64,1,5000000,2.56,200,1,0.3002,0.419,1500847,1500437,410,1500437,1500438,4999215,4997849,2559598348,2.5596,3.5194,2.5589,410,0,0.027,0.027,True,76.56,0.0,28.216,0.007,0.99,45,120.5,0.0,0,False,False,,,,,,,,,,,,,,,,0,128,,0,0,0,False,,,,,,,,0,0,50.0,45.0,69.9,3492,0,0,True,False,False,469.9,576.8,0.815,0.015,0.729,2.883,0.4,0.44
baseline,64,1,5000000,2.56,200,1,0.3003,0.426,1500890,1500890,0,1501224,0,4997207,4998319,2558570351,2.5586,3.518,2.5591,-334,-334,-0.022,0.0,False,57.05,0.01,34.487,0.01,0.84,68,110.5,0.0,0,False,False,1500853,4997084,2.5585,37,371,0.025,0.002,1501276,0,0,0,0.0,423,0.028,-52,11747,128,,0,0,0,False,18.0,24.0,34.0,18.26,4.0,53.0,18.0,0,0,50.0,45.0,54.0,3406,0,0,True,False,False,709.5,447.7,1.585,0.025,0.188,2.238,480.6,0.986
p1_static,64,1,5000000,2.56,200,1,0.3004,0.421,1501397,1501397,0,1501490,0,4998278,4998588,2559118662,2.5591,3.5188,2.5593,-93,-93,-0.006,0.0,False,85.32,0.01,11.529,0.007,0.84,71,109.6,0.0,0,False,False,1501345,4998105,2.559,52,145,0.01,0.003,1501476,0,0,0,0.0,131,0.009,14,11753,128,,0,0,0,False,18.0,30.0,37.0,19.1,5.0,52.0,18.0,0,0,50.0,45.0,74.5,3382,0,0,True,False,False,1286.4,596.5,2.157,0.02,0.15,2.981,498.4,0.955
hardcoded,64,1,5000000,2.56,200,1,0.3003,0.421,1500749,1500749,0,1500754,0,4996786,4996802,2558354435,2.5584,3.5177,2.5584,-5,-5,-0.0,0.0,False,91.54,0.0,6.762,0.01,0.83,68,108.2,0.0,0,False,False,1500678,4996549,2.5582,71,76,0.005,0.005,1500709,0,0,0,0.0,31,0.002,45,11745,128,,0,0,0,False,18.0,29.0,37.0,19.03,5.0,55.0,18.0,0,0,50.0,45.0,79.2,3402,0,0,True,False,False,1485.2,634.0,2.343,0.021,0.146,3.168,517.7,0.937
template,64,1,5000000,2.56,200,1,0.3004,0.42,1408834,835813,573021,835813,0,4689974,2782401,2401266976,2.4013,3.3017,1.4246,573021,0,40.673,40.673,False,99.86,0.01,0.0,0.01,1.26,11950,428.3,0.0,0,True,False,835456,2781212,1.424,573378,357,0.025,40.699,835850,0,0,0,0.0,394,0.028,-37,6541,128,,0,0,0,False,105.0,111.0,117.0,103.22,88.0,161.0,105.0,0,0,51.0,46.0,85.3,3482,0,0,True,False,False,4602.9,1249.3,3.684,0.026,0.135,3.476,707.6,0.777
modular,64,1,5000000,2.56,200,1,0.3004,0.431,1446853,577698,869155,577698,0,4816187,1923002,2465887810,2.4659,3.3906,0.9846,869155,0,60.072,60.072,False,100.19,0.01,0.0,0.013,1.61,9054,325.4,0.0,0,False,False,577552,1922516,0.9843,869301,146,0.01,60.082,577709,0,0,0,0.0,157,0.011,-11,4521,128,,0,0,0,False,146.0,151.0,164.0,147.08,139.0,187.0,146.0,0,0,50.0,46.0,83.1,3477,0,0,True,False,False,6619.4,1807.1,3.663,0.031,0.151,3.475,745.4,0.754
rxonly,64,1,6000000,3.072,167,1,0.3003,0.426,1796596,1796239,357,1796239,1796274,5982004,5980816,3062786474,3.0628,4.2113,3.0622,357,0,0.02,0.02,True,76.67,0.01,26.271,0.01,0.71,297,123.2,0.0,0,False,False,,,,,,,,,,,,,,,,0,128,,0,0,0,False,,,,,,,,0,0,50.0,45.0,68.8,3484,0,0,True,False,False,457.0,481.4,0.949,0.016,0.56,2.879,0.2,0.431
baseline,64,1,6000000,3.072,167,1,0.3003,0.428,1796755,1796755,0,1796848,0,5982243,5982552,3062908453,3.0629,4.2115,3.0631,-93,-93,-0.005,0.0,False,65.69,0.01,29.902,0.013,0.56,106,116.2,0.0,0,False,False,1796660,5981926,3.0627,95,188,0.01,0.005,1796808,0,0,0,0.0,148,0.008,40,14060,128,,0,0,0,False,16.0,26.0,34.0,16.92,4.0,93.0,16.0,0,0,50.0,45.0,60.8,3424,0,0,True,False,False,693.2,420.1,1.65,0.021,0.167,2.513,389.6,1.173
p1_static,64,1,6000000,3.072,167,1,0.3004,0.423,1795819,1795628,191,1795628,0,5979050,5978414,3061273792,3.0613,4.2093,3.0609,191,0,0.011,0.011,False,98.72,0.0,0.946,0.01,0.62,183,99.0,0.0,0,False,False,1795406,5977675,3.0606,413,222,0.012,0.023,1795665,0,0,0,0.0,259,0.014,-37,14051,128,,0,0,0,False,16.0,29.0,40.0,17.85,5.0,66.0,16.0,0,0,50.0,46.0,83.8,3463,0,0,True,False,False,1270.8,574.4,2.212,0.019,0.127,3.434,463.3,1.085
hardcoded,64,1,6000000,3.072,167,1,0.3004,0.432,1792987,1715061,77926,1715061,0,5967831,5708459,3055529547,3.0555,4.2014,2.9227,77926,0,4.346,4.346,False,100.18,0.01,0.0,0.01,0.56,935,136.6,0.0,0,False,False,1714270,5705827,2.9214,78717,791,0.044,4.39,1715232,0,0,0,0.0,962,0.054,-171,13424,128,,0,0,0,False,50.0,53.0,57.0,49.42,38.0,78.0,50.0,0,0,50.0,46.0,83.3,3458,0,0,True,False,False,1476.4,606.4,2.435,0.017,0.075,3.462,468.2,1.097
template,64,1,6000000,3.072,167,1,0.3003,0.421,1629634,838246,791388,838246,0,5426340,2791183,2778286180,2.7783,3.8201,1.4291,791388,0,48.562,48.562,False,100.22,0.0,0.0,0.007,0.92,14170,394.0,0.0,0,True,False,838154,2790877,1.4289,791480,92,0.006,48.568,838260,0,0,0,0.0,106,0.007,-14,6560,128,,0,0,0,False,96.0,106.0,116.0,97.33,83.0,150.0,96.0,0,0,51.0,45.0,85.2,3444,0,0,True,False,False,4602.8,1240.6,3.71,0.024,0.134,3.463,700.1,0.782
modular,64,1,6000000,3.072,167,1,0.3003,0.423,1679489,573236,1106253,573236,0,5592312,1908744,2863263833,2.8633,3.937,0.9773,1106253,0,65.868,65.868,False,99.88,0.01,0.0,0.013,1.22,12455,351.2,0.0,0,True,False,573168,1908517,0.9772,1106321,68,0.004,65.872,573247,0,0,0,0.0,79,0.005,-11,4486,128,,0,0,0,False,153.0,159.0,167.0,153.87,147.0,193.0,153.0,0,0,51.0,45.0,84.6,3446,0,0,True,False,False,6619.7,1804.4,3.669,0.028,0.151,3.444,729.2,0.77
rxonly,64,1,7000000,3.584,143,1,0.3002,0.426,2097883,2097883,0,2098057,2098127,6987154,6987734,3577423103,3.5774,4.919,3.5777,-174,-174,-0.008,0.0,True,78.22,0.01,28.13,0.01,0.53,389,125.2,0.0,0,False,False,,,,,,,,,,,,,,,,0,128,,0,0,0,False,,,,,,,,0,0,50.0,45.0,69.9,3484,0,0,True,False,False,449.6,421.5,1.067,0.012,0.437,2.946,0.2,0.455
baseline,64,1,7000000,3.584,143,1,0.3004,0.425,2096329,2096329,0,2097000,0,6979403,6981637,3573454649,3.5735,4.9135,3.5746,-671,-671,-0.032,0.0,False,75.46,0.01,19.144,0.01,0.35,408,134.0,0.0,0,False,False,2096277,6979230,3.5734,52,723,0.034,0.002,2096916,0,0,0,0.0,639,0.03,84,16405,128,,0,0,0,False,14.0,26.0,33.0,15.44,3.0,52.0,14.0,0,0,50.0,45.0,67.3,3425,0,0,True,False,False,676.3,394.2,1.716,0.017,0.147,2.752,342.8,1.344
p1_static,64,1,7000000,3.584,143,1,0.3004,0.427,2035299,1846074,189225,1846074,0,6774497,6144661,3468542809,3.4685,4.7692,3.1461,189225,0,9.297,9.297,False,99.85,0.01,0.0,0.01,0.36,6955,254.7,0.0,0,False,False,1845660,6143283,3.1454,189639,414,0.02,9.318,1846136,0,0,0,0.0,476,0.023,-62,14450,128,,0,0,0,False,47.0,51.0,56.0,46.95,19.0,88.0,47.0,0,0,50.0,45.0,84.1,3469,0,0,True,False,False,1270.0,563.6,2.253,0.017,0.138,3.463,446.5,1.139
hardcoded,64,1,7000000,3.584,143,1,0.3004,0.424,1973794,1716145,257649,1716145,0,6570874,5713145,3364287660,3.3643,4.6259,2.9251,257649,0,13.053,13.053,False,99.87,0.0,0.0,0.01,0.35,10302,329.3,0.0,0,True,False,1715536,5711118,2.9241,258258,609,0.031,13.084,1716230,0,0,0,0.0,694,0.035,-85,13431,128,,0,0,0,False,50.0,54.0,59.0,49.82,35.0,78.0,50.0,0,0,51.0,45.0,84.6,3458,0,0,True,False,False,1476.2,607.0,2.432,0.017,0.134,3.468,464.6,1.104
template,64,1,7000000,3.584,143,1,0.3004,0.425,1857365,841236,1016129,841236,0,6183357,2800560,3165879290,3.1659,4.3531,1.4339,1016129,0,54.708,54.708,False,100.2,0.01,0.0,0.01,0.6,16508,381.9,0.0,0,True,False,841264,2800653,1.4339,1016101,-28,-0.002,54.707,841258,0,0,0,0.0,-6,-0.0,-22,6585,128,,0,0,0,False,104.0,107.0,114.0,103.77,91.0,147.0,104.0,0,0,51.0,46.0,84.2,3426,0,0,True,False,False,4602.9,1237.5,3.72,0.025,0.135,3.466,677.1,0.813
modular,64,1,7000000,3.584,143,1,0.3002,0.437,1887489,577245,1310244,577245,0,6286649,1922626,3218764568,3.2188,4.4258,0.9844,1310244,0,69.417,69.417,False,99.92,0.0,0.0,0.01,0.85,15752,342.4,0.0,0,True,False,577264,1922690,0.9844,1310225,-19,-0.001,69.416,577242,0,0,0,0.0,-22,-0.001,3,4516,128,,0,0,0,False,137.0,161.0,167.0,144.38,128.0,198.0,137.0,0,0,51.0,46.0,82.4,3477,0,0,True,False,False,6619.1,1804.6,3.668,0.029,0.151,3.47,742.8,0.755
rxonly,64,1,8000000,4.096,125,1,0.3003,0.424,2399096,2399095,1,2399095,2399180,7988944,7988940,4090339353,4.0903,5.6242,4.0903,1,0,0.0,0.0,True,77.25,0.01,26.57,0.003,0.39,1836,139.6,0.0,0,False,False,,,,,,,,,,,,,,,,0,128,,0,0,0,False,,,,,,,,0,0,50.0,45.0,69.3,3473,0,0,True,False,False,441.5,362.3,1.218,0.01,0.339,2.895,0.2,0.414
baseline,64,1,8000000,4.096,125,1,0.3004,0.424,2376702,2376557,145,2376557,0,7911688,7911205,4050784293,4.0508,5.5698,4.0505,145,0,0.006,0.006,False,87.24,0.01,9.587,0.013,0.15,12704,262.4,0.0,0,False,False,2376389,7910646,4.0503,313,168,0.007,0.013,2376602,0,0,0,0.0,213,0.009,-45,18601,128,,0,0,0,False,14.0,25.0,32.0,15.05,3.0,64.0,14.0,0,0,50.0,45.0,75.4,3362,0,0,True,False,False,666.2,380.7,1.75,0.016,0.133,3.012,344.8,1.416
p1_static,64,1,8000000,4.096,125,1,0.3004,0.422,2216158,1852377,363781,1852377,0,7376487,6165641,3776761690,3.7768,5.193,3.1568,363781,0,16.415,16.415,False,99.85,0.0,0.0,0.01,0.18,16425,404.6,0.0,0,True,False,1852288,6165345,3.1567,363870,89,0.004,16.419,1852439,0,0,0,0.0,151,0.007,-62,14502,128,,0,0,0,False,47.0,51.0,55.0,46.47,36.0,82.0,47.0,0,0,51.0,46.0,84.9,3443,0,0,True,False,False,1269.9,558.3,2.275,0.015,0.138,3.442,433.5,1.175
hardcoded,64,1,8000000,4.096,125,1,0.3004,0.419,2209634,1725654,483980,1725654,0,7355537,5744441,3766035172,3.766,5.1783,2.9412,483980,0,21.903,21.903,False,99.86,0.0,0.0,0.01,0.22,15324,396.5,0.0,0,True,False,1725616,5744314,2.9411,484018,38,0.002,21.905,1725704,0,0,0,0.0,88,0.004,-50,13510,128,,0,0,0,False,50.0,56.0,60.0,50.6,32.0,88.0,50.0,0,0,51.0,46.0,85.2,3469,0,0,True,False,False,1476.2,603.2,2.447,0.017,0.138,3.465,449.4,1.145
template,64,1,8000000,4.096,125,1,0.3003,0.422,2088599,836245,1252354,836245,0,6954264,2784387,3560583215,3.5606,4.8958,1.4256,1252354,0,59.961,59.961,False,99.89,0.0,0.0,0.01,0.37,20256,395.8,0.0,0,True,False,836210,2784270,1.4255,1252389,35,0.002,59.963,836240,0,0,0,0.0,30,0.001,5,6545,128,,0,0,0,False,95.0,107.0,117.0,96.76,87.0,155.0,95.0,0,0,51.0,46.0,84.9,3447,0,0,True,False,False,4602.3,1232.8,3.733,0.025,0.135,3.432,658.4,0.827
modular,64,1,8000000,4.096,125,1,0.3003,0.428,2061917,575323,1486594,575323,0,6866507,1915915,3515651726,3.5157,4.834,0.9809,1486594,0,72.098,72.098,False,99.9,0.01,0.0,0.01,0.59,18695,353.4,0.0,0,True,False,575406,1916192,0.9811,1486511,-83,-0.004,72.094,575311,0,0,0,0.0,-95,-0.005,12,4503,128,,0,0,0,False,138.0,162.0,170.0,144.06,125.0,200.0,138.0,0,0,51.0,46.0,83.6,3460,0,0,True,False,False,6619.1,1799.9,3.678,0.027,0.151,3.448,777.7,0.724
rxonly,64,1,9000000,4.608,111,1,0.3003,0.418,2700614,2700614,0,2700779,2700766,8993527,8994076,4604685974,4.6047,6.3314,4.605,-165,-165,-0.006,0.0,True,76.79,0.0,26.855,0.007,0.28,2298,147.7,0.0,0,False,False,,,,,,,,,,,,,,,,0,256,,0,0,0,False,,,,,,,,0,0,50.0,45.0,70.0,3461,0,0,True,False,False,436.5,320.0,1.364,0.008,0.281,2.878,0.2,0.449
baseline,64,1,9000000,4.608,111,1,0.3004,0.421,2660406,2660022,384,2660022,0,8856609,8855331,4534584116,4.5346,6.2351,4.5339,384,0,0.014,0.014,False,95.17,0.0,3.386,0.007,0.07,21753,274.7,0.0,0,False,False,2659334,8853040,4.5328,1072,688,0.026,0.04,2659947,0,0,0,0.0,613,0.023,75,10406,256,,0,0,0,False,12.0,23.0,32.0,13.43,3.0,69.0,12.0,0,0,51.0,45.0,81.8,3402,0,0,True,False,False,660.1,370.7,1.781,0.016,0.124,3.283,335.0,1.487
p1_static,64,1,9000000,4.608,111,1,0.3005,0.419,2302547,1894408,408139,1894408,0,7663163,6304826,3923539808,3.9235,5.3949,3.2281,408139,0,17.726,17.726,False,99.77,0.0,0.053,0.01,0.03,42492,804.9,0.0,0,True,False,1894154,6303980,3.2276,408393,254,0.011,17.737,1894451,0,0,0,0.0,297,0.013,-43,7416,256,,0,0,0,False,45.0,51.0,54.0,44.99,8.0,76.0,45.0,0,0,51.0,46.0,85.4,3458,0,0,True,False,False,1269.3,548.4,2.314,0.015,0.128,3.458,413.6,1.208
hardcoded,64,1,9000000,4.608,111,1,0.3004,0.422,2275815,1729952,545863,1729952,0,7576513,5759257,3879175050,3.8792,5.3339,2.9487,545863,0,23.985,23.985,False,99.85,0.01,0.003,0.013,0.07,33328,659.7,0.0,0,True,False,1729652,5758258,2.9482,546163,300,0.013,23.999,1730028,0,0,0,0.0,376,0.017,-76,6771,256,,0,0,0,False,49.0,56.0,60.0,49.51,22.0,84.0,49.0,0,0,51.0,46.0,84.8,3390,0,0,True,False,False,1475.8,586.7,2.515,0.015,0.139,3.379,447.9,1.13
template,64,1,9000000,4.608,111,1,0.3003,0.42,2341898,807830,1534068,807830,0,7798045,2689910,3992599299,3.9926,5.4898,1.3772,1534068,0,65.505,65.505,False,99.89,0.0,0.0,0.01,0.26,25898,415.4,0.0,0,True,False,807744,2689623,1.3771,1534154,86,0.004,65.509,807836,0,0,0,0.0,92,0.004,-6,3161,256,,0,0,0,False,99.0,108.0,115.0,100.99,89.0,136.0,99.0,0,0,50.0,46.0,85.1,3339,0,0,True,False,False,4602.7,1224.5,3.759,0.025,0.135,3.294,653.7,0.834
modular,64,1,9000000,4.608,111,1,0.3003,0.421,2261819,560351,1701468,560351,0,7530739,1865691,3855738805,3.8557,5.3016,0.9552,1701468,0,75.226,75.226,False,99.88,0.01,0.0,0.01,0.35,27307,388.9,0.0,0,True,False,560419,1865918,0.9554,1701400,-68,-0.003,75.223,560350,0,0,0,0.0,-69,-0.003,1,2194,256,,0,0,0,False,144.0,161.0,171.0,147.85,135.0,200.0,144.0,0,0,51.0,46.0,85.1,3388,0,0,True,False,False,6619.1,1797.1,3.683,0.028,0.151,3.353,783.9,0.719
rxonly,64,1,10000000,5.12,100,1,0.3003,0.427,2994716,2994716,0,2994731,2994822,9972849,9972899,5106099027,5.1061,7.0209,5.1061,-15,-15,-0.001,0.0,True,80.7,0.01,22.881,0.01,0.21,4194,156.8,0.0,0,False,False,,,,,,,,,,,,,,,,0,256,,0,0,0,False,,,,,,,,0,0,50.0,45.0,70.9,3452,0,0,True,False,False,429.9,298.0,1.443,0.008,0.245,2.972,0.2,0.41
baseline,64,1,10000000,5.12,100,1,0.3004,0.419,2859413,2807639,51774,2807639,0,9519851,9347479,4874163743,4.8742,6.702,4.7859,51774,0,1.811,1.811,False,99.47,0.0,0.203,0.01,0.0,295451,1252.6,0.0,0,False,False,2807040,9345485,4.7849,52373,599,0.021,1.832,2807700,0,0,0,0.0,660,0.023,-61,10984,256,,0,0,0,False,29.0,32.0,35.0,27.4,4.0,65.0,29.0,0,0,51.0,45.0,85.0,3437,0,0,True,False,False,657.3,367.2,1.79,0.015,0.081,3.433,331.4,1.543
p1_static,64,1,10000000,5.12,100,1,0.3004,0.418,2363341,1869540,493801,1869540,0,7867670,6223784,4028247501,4.0282,5.5388,3.1866,493801,0,20.894,20.894,False,100.2,0.01,0.0,0.013,0.0,135146,1116.9,0.0,0,True,False,1869280,6222919,3.1861,494061,260,0.011,20.905,1869534,0,0,0,0.0,254,0.011,6,7317,256,,0,0,0,False,45.0,52.0,56.0,45.44,29.0,78.0,45.0,0,0,51.0,46.0,85.4,3414,0,0,True,False,False,1269.2,551.0,2.304,0.014,0.089,3.429,420.9,1.181
hardcoded,64,1,10000000,5.12,100,1,0.3004,0.421,2394074,1741162,652912,1741162,0,7970445,5796745,4080868015,4.0809,5.6112,2.9679,652912,0,27.272,27.272,False,99.83,0.01,0.03,0.01,0.01,100757,955.4,0.0,0,True,False,1740791,5795509,2.9673,653283,371,0.015,27.288,1741229,0,0,0,0.0,438,0.018,-67,6814,256,,0,0,0,False,49.0,54.0,59.0,48.75,19.0,83.0,49.0,0,0,51.0,46.0,84.8,3443,0,0,True,False,False,1475.7,593.2,2.488,0.015,0.136,3.439,442.1,1.143
template,64,1,10000000,5.12,100,1,0.3003,0.427,2488329,843640,1644689,843640,0,8285038,2808949,4241939638,4.2419,5.8327,1.4382,1644689,0,66.096,66.096,False,100.21,0.01,0.0,0.01,0.09,46785,614.7,0.0,0,True,False,843376,2808070,1.4377,1644953,264,0.011,66.107,843664,0,0,0,0.0,288,0.012,-24,3301,256,,0,0,0,False,103.0,106.0,113.0,103.43,94.0,152.0,103.0,0,0,51.0,46.0,83.9,3464,0,0,True,False,False,4603.0,1230.0,3.742,0.025,0.135,3.455,658.9,0.83
modular,64,1,10000000,5.12,100,1,0.3004,0.421,2455737,580344,1875393,580344,0,8175336,1932009,4185772390,4.1858,5.7554,0.9892,1875393,0,76.368,76.368,False,100.2,0.0,0.0,0.01,0.25,31545,413.6,0.0,0,True,False,580165,1931413,0.9889,1875572,179,0.007,76.375,580370,0,0,0,0.0,205,0.008,-26,2271,256,,0,0,0,False,136.0,160.0,166.0,140.82,127.0,201.0,136.0,0,0,51.0,46.0,85.0,3472,0,0,True,False,False,6619.7,1792.6,3.693,0.028,0.152,3.463,778.4,0.721
rxonly,64,1,11000000,5.632,91,1,0.3003,0.421,3287278,3286953,325,3286953,3287030,10947521,10946438,5605130898,5.6051,7.7071,5.6046,325,0,0.01,0.01,True,78.86,0.02,24.238,0.017,0.15,8576,185.5,0.0,0,False,False,,,,,,,,,,,,,,,,0,256,,0,0,0,False,,,,,,,,0,0,50.0,45.0,70.4,3437,0,0,True,False,False,427.4,264.2,1.618,0.008,0.196,2.892,0.2,0.374
baseline,64,1,11000000,5.632,91,1,0.3003,0.429,2838011,2787528,50483,2787528,0,9449911,9281814,4838354645,4.8384,6.6527,4.7523,50483,0,1.779,1.779,False,99.51,0.01,0.14,0.01,0.0,1220240,1435.1,0.0,0,True,False,2786968,9279950,4.7513,51043,560,0.02,1.799,2787573,0,0,0,0.0,605,0.021,-45,10903,256,,0,0,0,False,28.0,33.0,35.0,27.14,4.0,67.0,28.0,0,0,51.0,45.0,82.9,3408,0,0,True,False,False,657.7,363.2,1.811,0.015,0.084,3.372,339.8,1.526
p1_static,64,1,11000000,5.632,91,1,0.3004,0.421,2344787,1894758,450029,1894758,0,7805388,6307319,3996358697,3.9964,5.495,3.2293,450029,0,19.193,19.193,False,99.86,0.01,0.0,0.013,0.0,737286,1326.9,0.0,0,True,False,1894360,6305994,3.2287,450427,398,0.017,19.21,1894793,0,0,0,0.0,433,0.018,-35,7415,256,,0,0,0,False,45.0,51.0,55.0,45.19,35.0,82.0,45.0,0,0,51.0,46.0,84.9,3476,0,0,True,False,False,1269.0,548.4,2.314,0.014,0.093,3.459,410.7,1.209
hardcoded,64,1,11000000,5.632,91,1,0.3003,0.42,2390581,1747283,643298,1747283,0,7960291,5818201,4075669445,4.0757,5.604,2.9789,643298,0,26.91,26.91,False,99.89,0.0,0.0,0.01,0.0,713246,1280.2,0.0,0,True,False,1747200,5817925,2.9788,643381,83,0.003,26.913,1747514,0,0,0,0.0,314,0.013,-231,6836,256,,0,0,0,False,49.0,53.0,57.0,48.66,39.0,71.0,49.0,0,0,51.0,46.0,85.2,3475,0,0,True,False,False,1476.4,597.6,2.47,0.016,0.134,3.477,437.3,1.177
template,64,1,11000000,5.632,91,1,0.3003,0.425,2541553,843199,1698354,843199,0,8462716,2807635,4332910850,4.3329,5.9578,1.4375,1698354,0,66.823,66.823,False,99.88,0.01,0.0,0.017,0.01,153775,951.2,0.0,0,True,False,843124,2807385,1.4374,1698429,75,0.003,66.826,843217,0,0,0,0.0,93,0.004,-18,3300,256,,0,0,0,False,102.0,106.0,113.0,102.65,96.0,139.0,102.0,0,0,51.0,46.0,84.6,3462,0,0,True,False,False,4602.9,1229.7,3.743,0.024,0.135,3.452,659.5,0.826
modular,64,1,11000000,5.632,91,1,0.3003,0.417,2643096,576241,2066855,576241,0,8800719,1918710,4505968481,4.506,6.1957,0.9824,2066855,0,78.198,78.198,False,100.22,0.01,0.0,0.01,0.06,93909,743.5,0.0,0,True,False,576140,1918373,0.9822,2066956,101,0.004,78.202,576253,0,0,0,0.0,113,0.004,-12,2255,256,,0,0,0,False,143.0,147.0,159.0,143.83,139.0,190.0,143.0,0,0,51.0,46.0,85.6,3470,0,0,True,False,False,6619.5,1808.8,3.66,0.028,0.151,3.471,767.2,0.729
rxonly,64,1,12000000,6.144,83,1,0.3003,0.42,3601209,3601141,68,3601141,3601266,11991595,11991368,6139696740,6.1397,8.4421,6.1396,68,0,0.002,0.002,True,76.17,0.01,26.053,0.013,0.09,7622,195.6,0.0,0,False,False,,,,,,,,,,,,,,,,0,256,,0,0,0,False,,,,,,,,0,0,51.0,45.0,69.0,3446,0,0,True,False,False,425.4,237.5,1.791,0.008,0.16,2.848,0.2,0.4
baseline,64,1,12000000,6.144,83,1,0.3003,0.422,2862070,2828228,33842,2828228,0,9530174,9417486,4879449386,4.8794,6.7092,4.8218,33842,0,1.182,1.182,False,99.44,0.0,0.203,0.01,0.0,2751586,1322.1,0.0,0,True,False,2827521,9415132,4.8205,34549,707,0.025,1.207,2828280,0,0,0,0.0,759,0.027,-52,11062,256,,0,0,0,False,29.0,32.0,35.0,26.15,3.0,82.0,29.0,0,0,51.0,45.0,84.1,3462,0,0,True,False,False,657.1,365.1,1.8,0.013,0.085,3.439,326.8,1.558
p1_static,64,1,12000000,6.144,83,1,0.3004,0.43,2349599,1876099,473500,1876099,0,7821805,6245525,4004764345,4.0048,5.5066,3.1977,473500,0,20.152,20.152,False,100.19,0.01,0.0,0.013,0.0,1505259,1276.3,0.0,0,True,False,1875589,6243828,3.1968,474010,510,0.022,20.174,1876085,0,0,0,0.0,496,0.021,14,7341,256,,0,0,0,False,45.0,51.0,55.0,45.28,33.0,81.0,45.0,0,0,51.0,46.0,83.6,3447,0,0,True,False,False,1269.1,550.2,2.307,0.014,0.093,3.436,417.1,1.19
hardcoded,64,1,12000000,6.144,83,1,0.3003,0.425,2408045,1752437,655608,1752437,0,8017844,5834927,4105136485,4.1051,5.6446,2.9875,655608,0,27.226,27.226,False,99.88,0.01,0.0,0.01,0.0,1318260,1239.9,0.0,0,True,False,1752288,5834431,2.9872,655757,149,0.006,27.232,1752449,0,0,0,0.0,161,0.007,-12,6858,256,,0,0,0,False,49.0,54.0,58.0,49.16,38.0,82.0,49.0,0,0,51.0,46.0,84.2,3473,0,0,True,False,False,1475.7,593.8,2.485,0.015,0.139,3.465,433.3,1.169
template,64,1,12000000,6.144,83,1,0.3003,0.425,2683342,844209,1839133,844209,0,8935759,2811288,4575108997,4.5751,6.2908,1.4394,1839133,0,68.539,68.539,False,99.89,0.01,0.0,0.013,0.0,353025,1039.6,0.0,0,True,False,844163,2811135,1.4393,1839179,46,0.002,68.541,844207,0,0,0,0.0,44,0.002,2,3303,256,,0,0,0,False,99.0,102.0,109.0,99.08,88.0,129.0,99.0,0,0,51.0,46.0,84.0,3464,0,0,True,False,False,4602.5,1231.0,3.739,0.025,0.135,3.461,648.4,0.844
modular,64,1,12000000,6.144,83,1,0.3003,0.419,2762419,584579,2177840,584579,0,9198963,1946670,4709869361,4.7099,6.4761,0.9967,2177840,0,78.838,78.838,False,100.23,0.01,0.0,0.01,0.01,292575,911.0,0.0,0,True,False,584496,1946394,0.9966,2177923,83,0.003,78.841,584575,0,0,0,0.0,79,0.003,4,2287,256,,0,0,0,False,147.0,150.0,158.0,146.87,141.0,190.0,147.0,0,0,51.0,46.0,85.4,3477,0,0,True,False,False,6619.0,1784.4,3.709,0.028,0.151,3.474,758.8,0.737
modular,64,2,500000,0.256,2000,1,0.3003,0.421,150135,150135,0,150171,0,499948,500068,255973792,0.256,0.352,0.256,-36,-36,-0.024,0.0,False,36.29,0.01,69.507,0.0,34.64,0,75.6,0.0,0,False,False,150137,499955,0.256,-2,34,0.023,-0.001,150177,0,0,0,0.0,40,0.027,-6,18795,8,,0,0,0,False,16.0,21.0,25.0,16.04,8.0,55.0,16.0,0,0,50.0,46.0,43.1,3316,0,0,True,False,False,7795.6,3580.9,2.177,0.323,1.093,1.791,2799.9,0.565
template,64,2,500000,0.256,2000,1,0.3003,0.422,150171,150171,0,150189,0,500002,500062,256001357,0.256,0.352,0.256,-18,-18,-0.012,0.0,False,28.38,0.0,71.059,0.0,35.4,0,69.0,0.0,0,False,False,150170,499999,0.256,1,19,0.013,0.001,150189,0,0,0,0.0,19,0.013,0,18799,8,,0,0,0,False,14.0,19.0,22.0,14.04,6.0,38.0,14.0,0,0,50.0,45.0,35.6,3403,0,0,True,False,False,5797.1,3066.6,1.89,0.303,0.931,1.533,2703.8,0.589
hardcoded,64,2,500000,0.256,2000,1,0.3003,0.429,150143,150143,0,150181,0,499916,500043,255957306,0.256,0.3519,0.256,-38,-38,-0.025,0.0,False,18.21,0.0,70.707,0.0,35.22,0,74.7,0.0,0,False,False,150146,499926,0.256,-3,35,0.023,-0.002,150189,0,0,0,0.0,43,0.029,-8,18798,8,,0,0,0,False,12.0,17.0,20.0,12.26,5.0,35.0,12.0,0,0,50.0,45.0,25.9,3450,0,0,True,False,False,2679.8,2359.7,1.136,0.311,0.923,1.18,2695.3,0.591
p1_static,64,2,500000,0.256,2000,1,0.3003,0.429,150173,150153,20,150153,0,500084,500017,256043097,0.256,0.3521,0.256,20,0,0.013,0.013,False,17.44,0.0,71.0,0.0,35.37,0,72.6,0.0,0,False,False,150164,500054,0.256,9,-11,-0.007,0.006,150145,0,0,0,0.0,-19,-0.013,8,18798,8,,0,0,0,False,12.0,17.0,20.0,12.5,5.0,41.0,12.0,0,0,50.0,45.0,25.3,3438,0,0,True,False,False,2461.2,2300.7,1.07,0.307,0.909,1.15,2705.1,0.583
baseline,64,2,500000,0.256,2000,1,0.3004,0.425,150170,150170,0,150249,0,499899,500162,255948619,0.2559,0.3519,0.2561,-79,-79,-0.053,0.0,False,14.53,0.0,71.774,0.0,35.75,0,69.6,0.0,0,False,False,150171,499902,0.256,-1,78,0.052,-0.001,150251,0,0,0,0.0,80,0.053,-2,18807,8,,0,0,0,False,12.0,17.0,19.0,12.12,5.0,42.0,12.0,0,2,50.0,45.0,23.2,3449,0,0,True,False,True,1869.7,2112.0,0.885,0.308,0.928,1.056,2653.7,0.603
rxonly,64,2,500000,0.256,2000,1,0.3002,0.422,150087,150077,10,150077,150076,500012,499979,256006535,0.256,0.352,0.256,10,0,0.007,0.007,True,18.23,0.0,75.801,0.0,37.82,0,69.8,0.0,0,False,False,,,,,,,,,,,,,,,,0,8,,0,0,0,False,,,,,,,,0,0,50.0,45.0,27.1,3483,0,0,True,False,False,1696.3,2468.1,0.687,0.153,1.647,1.234,3.7,0.481
modular,64,2,1000000,0.512,1000,1,0.3003,0.418,300325,300325,0,300334,0,999963,999993,511981184,0.512,0.704,0.512,-9,-9,-0.003,0.0,False,58.87,0.0,42.812,0.0,14.53,1,86.7,0.0,0,False,False,300333,999989,0.512,-8,1,0.0,-0.003,300344,0,0,0,0.0,11,0.004,-10,18801,16,,0,0,0,False,26.0,38.0,47.0,27.22,10.0,78.0,26.0,0,0,50.0,45.0,57.5,3461,0,0,True,False,False,6981.6,2381.0,2.932,0.131,0.476,2.381,1537.9,0.527
template,64,2,1000000,0.512,1000,1,0.3003,0.428,300297,300285,12,300285,0,1000037,999997,512019101,0.512,0.704,0.512,12,0,0.004,0.004,False,45.15,0.0,59.057,0.0,14.16,0,87.0,0.0,0,False,False,300283,999990,0.512,14,2,0.001,0.005,300290,0,0,0,0.0,7,0.002,-5,18795,16,,0,0,0,False,21.0,26.0,30.0,20.91,12.0,66.0,21.0,0,0,50.0,45.0,47.3,3431,0,0,True,False,False,5094.3,2032.9,2.506,0.131,0.481,2.033,1697.0,0.546
hardcoded,64,2,1000000,0.512,1000,1,0.3004,0.419,300358,300358,0,300458,0,999794,1000127,511894758,0.5119,0.7039,0.5121,-100,-100,-0.033,0.0,False,25.87,0.0,58.475,0.0,13.98,0,93.8,0.0,0,False,False,300364,999814,0.5119,-6,94,0.031,-0.002,300477,0,0,0,0.0,113,0.038,-19,18817,16,,0,0,0,False,17.0,23.0,26.0,17.72,9.0,46.0,17.0,0,0,50.0,45.0,31.6,3440,0,0,True,False,False,1966.2,1354.9,1.451,0.132,0.442,1.355,1748.7,0.526
p1_static,64,2,1000000,0.512,1000,1,0.3003,0.416,300297,300297,0,300342,0,999879,1000029,511938267,0.5119,0.7039,0.512,-45,-45,-0.015,0.0,False,24.74,0.0,58.645,0.0,14.03,0,93.8,0.0,0,False,False,300284,999836,0.5119,13,58,0.019,0.004,300358,0,0,0,0.0,74,0.025,-16,18801,16,,0,0,0,False,17.0,22.0,25.0,16.9,9.0,45.0,17.0,0,0,50.0,45.0,30.6,3433,0,0,True,False,False,1766.8,1320.6,1.338,0.137,0.449,1.321,1740.9,0.532
baseline,64,2,1000000,0.512,1000,1,0.3003,0.419,300335,300335,0,300366,0,999993,1000096,511996525,0.512,0.704,0.512,-31,-31,-0.01,0.0,False,18.57,0.0,58.321,0.0,13.94,1,91.2,0.0,0,False,False,300326,999963,0.512,9,40,0.013,0.003,300349,0,0,0,0.0,23,0.008,17,18799,16,,0,0,0,False,17.0,21.0,25.0,16.68,8.0,45.0,17.0,0,0,50.0,45.0,25.3,3426,0,0,True,False,False,1149.3,1103.4,1.042,0.151,0.445,1.103,1716.1,0.539
rxonly,64,2,1000000,0.512,1000,1,0.3003,0.419,300296,300242,54,300242,300245,1000093,999913,512047862,0.512,0.7041,0.512,54,0,0.018,0.018,True,30.43,0.0,65.538,0.0,15.78,0,85.2,0.0,0,False,False,,,,,,,,,,,,,,,,0,16,,0,0,0,False,,,,,,,,0,0,50.0,45.0,36.1,3481,0,0,True,False,False,983.5,1574.2,0.625,0.071,1.321,1.574,1.2,0.445
modular,64,2,1500000,0.768,667,1,0.3003,0.425,450217,450192,25,450192,0,1499202,1499118,767591442,0.7676,1.0554,0.7675,25,0,0.006,0.006,False,81.46,0.0,13.646,0.003,8.16,3,98.8,0.0,0,False,False,450248,1499305,0.7676,-31,-56,-0.012,-0.007,450186,0,0,0,0.0,-62,-0.014,6,14090,32,,0,0,0,False,37.0,57.0,67.0,38.61,12.0,93.0,37.0,0,0,51.0,45.0,71.2,3441,0,0,True,False,False,6692.9,1949.3,3.434,0.049,0.226,2.922,1129.9,0.516
template,64,2,1500000,0.768,667,1,0.3003,0.428,450257,450253,4,450253,0,1499254,1499241,767618540,0.7676,1.0555,0.7676,4,0,0.001,0.001,False,58.17,0.0,23.755,0.003,8.21,0,90.8,0.0,0,False,False,450248,1499224,0.7676,9,5,0.001,0.002,450262,0,0,0,0.0,14,0.003,-9,14092,32,,0,0,0,False,36.0,50.0,57.0,36.22,9.0,75.0,36.0,0,0,50.0,45.0,52.9,3449,0,0,True,False,False,4733.4,1474.7,3.21,0.062,0.258,2.211,1026.7,0.564
hardcoded,64,2,1500000,0.768,667,1,0.3003,0.424,450291,450090,201,450090,0,1499466,1498797,767726996,0.7677,1.0556,0.7674,201,0,0.045,0.045,False,33.41,0.0,46.08,0.0,6.91,3,113.9,0.0,0,False,False,450271,1499400,0.7677,20,-181,-0.04,0.004,450092,0,0,0,0.0,-179,-0.04,-2,14091,32,,0,0,0,False,25.0,30.0,36.0,25.03,11.0,60.0,25.0,0,0,50.0,45.0,35.7,3404,0,0,True,False,False,1727.8,1010.8,1.709,0.081,0.315,1.515,1377.5,0.503
p1_static,64,2,1500000,0.768,667,1,0.3004,0.431,450417,450140,277,450140,0,1499596,1498673,767793257,0.7678,1.0557,0.7673,277,0,0.061,0.061,False,31.05,0.01,47.48,0.0,7.13,3,113.4,0.0,0,False,False,450375,1499456,0.7677,42,-235,-0.052,0.009,450123,0,0,0,0.0,-252,-0.056,17,14099,32,,0,0,0,False,24.0,29.0,33.0,24.01,13.0,60.0,24.0,0,0,50.0,45.0,33.2,3382,0,0,True,False,False,1529.0,946.4,1.616,0.087,0.32,1.418,1430.3,0.493
baseline,64,2,1500000,0.768,667,1,0.3003,0.421,450231,450231,0,450274,0,1499092,1499235,767535264,0.7675,1.0554,0.7676,-43,-43,-0.01,0.0,False,21.83,0.0,51.166,0.0,7.75,1,101.3,0.0,0,False,False,450219,1499052,0.7675,12,55,0.012,0.003,450279,0,0,0,0.0,60,0.013,-5,14091,32,,0,0,0,False,20.0,25.0,28.0,20.08,12.0,52.0,20.0,0,0,50.0,45.0,26.9,3420,0,0,True,False,False,936.1,774.9,1.208,0.082,0.335,1.162,1305.8,0.548
rxonly,64,2,1500000,0.768,667,1,0.3003,0.423,450234,450234,0,450242,450253,1499133,1499160,767556319,0.7676,1.0554,0.7676,-8,-8,-0.002,0.0,True,40.75,0.0,56.518,0.0,8.65,3,98.7,0.0,0,False,False,,,,,,,,,,,,,,,,0,32,,0,0,0,False,,,,,,,,0,0,50.0,45.0,43.5,3491,0,0,True,False,False,756.1,1247.3,0.606,0.048,1.229,1.87,1.2,0.365
modular,64,2,2000000,1.024,500,1,0.3003,0.422,600568,571140,29428,571140,0,1999771,1901781,1023882802,1.0239,1.4078,0.9737,29428,0,4.9,4.9,False,99.88,0.01,0.0,0.013,4.75,2,122.0,0.0,0,False,False,571131,1901751,0.9737,29437,9,0.001,4.902,571163,0,0,0,0.0,32,0.005,-23,17883,32,,0,0,0,False,147.0,160.0,169.0,148.28,116.0,207.0,147.0,0,0,51.0,45.0,84.8,3485,0,0,True,False,False,6619.2,1828.2,3.621,0.027,0.151,3.477,1127.6,0.509
template,64,2,2000000,1.024,500,1,0.3003,0.423,600570,600570,0,600580,0,2000044,2000077,1024022752,1.024,1.408,1.024,-10,-10,-0.002,0.0,False,75.19,0.0,15.945,0.003,4.9,2,107.0,0.0,0,False,False,600568,2000037,1.024,2,12,0.002,0.0,600608,0,0,0,0.0,40,0.007,-28,18794,32,,0,0,0,False,33.0,48.0,56.0,33.57,10.0,69.0,33.0,0,0,50.0,45.0,66.4,3465,0,0,True,False,False,4664.2,1371.3,3.401,0.042,0.201,2.743,971.1,0.547
hardcoded,64,2,2000000,1.024,500,1,0.3004,0.424,600713,600556,157,600556,0,1999984,1999462,1023992204,1.024,1.408,1.0237,157,0,0.026,0.026,False,39.15,0.01,21.814,0.007,4.47,2,120.4,0.0,0,False,False,600709,1999971,1.024,4,-153,-0.025,0.001,600507,0,0,0,0.0,-202,-0.034,49,18800,32,,0,0,0,False,38.0,47.0,50.0,37.6,13.0,73.0,38.0,0,0,50.0,45.0,37.1,3414,0,0,True,False,False,1572.6,767.5,2.049,0.049,0.212,1.535,1059.3,0.513
p1_static,64,2,2000000,1.024,500,1,0.3003,0.421,600717,600622,95,600622,0,2000101,1999784,1024051862,1.0241,1.4081,1.0239,95,0,0.016,0.016,False,36.97,0.0,23.084,0.0,4.44,2,121.4,0.0,0,False,False,600678,1999971,1.024,39,-56,-0.009,0.006,600667,0,0,0,0.0,-11,-0.002,-45,18805,32,,0,0,0,False,38.0,46.0,50.0,37.34,13.0,69.0,38.0,0,0,50.0,45.0,35.7,3419,0,0,True,False,False,1370.1,733.1,1.869,0.049,0.216,1.466,1080.6,0.501
baseline,64,2,2000000,1.024,500,1,0.3003,0.426,600573,600449,124,600449,0,1999996,1999583,1023998335,1.024,1.408,1.0238,124,0,0.021,0.021,False,26.1,0.0,42.126,0.0,4.41,3,124.2,0.0,0,False,False,600551,1999923,1.024,22,-102,-0.017,0.004,600491,0,0,0,0.0,-60,-0.01,-42,18794,32,,0,0,0,False,26.0,31.0,35.0,26.37,11.0,58.0,26.0,0,0,50.0,45.0,29.0,3405,0,0,True,False,False,827.0,619.5,1.335,0.056,0.265,1.239,1161.4,0.524
rxonly,64,2,2000000,1.024,500,1,0.3003,0.425,600537,600516,21,600516,600531,1999983,1999913,1023991706,1.024,1.408,1.024,21,0,0.003,0.003,True,51.73,0.0,49.132,0.0,5.3,5,113.3,0.0,0,False,False,,,,,,,,,,,,,,,,0,32,,0,0,0,False,,,,,,,,0,0,50.0,45.0,51.4,3400,0,0,True,False,False,648.4,1066.9,0.608,0.042,1.124,2.134,0.8,0.369
modular,64,2,2500000,1.28,400,1,0.3003,0.421,750633,580358,170275,580358,0,2499518,1932523,1279753558,1.2798,1.7597,0.9895,170275,0,22.684,22.684,False,100.22,0.0,0.0,0.01,3.66,9,211.5,0.0,0,False,False,580288,1932290,0.9893,170345,70,0.009,22.694,580361,0,0,0,0.0,73,0.01,-3,9083,64,,0,0,0,False,142.0,147.0,156.0,142.28,128.0,184.0,142.0,0,0,51.0,45.0,85.1,3464,0,0,True,False,False,6619.2,1797.7,3.682,0.027,0.089,3.474,1061.2,0.536
template,64,2,2500000,1.28,400,1,0.3003,0.418,750646,750646,0,750711,0,2499676,2499893,1279834499,1.2798,1.7598,1.2799,-65,-65,-0.009,0.0,False,92.53,0.01,5.388,0.01,2.91,5,124.5,0.0,0,False,False,750679,2499786,1.2799,-33,32,0.004,-0.004,750693,0,0,0,0.0,14,0.002,18,11747,64,,0,0,0,False,28.0,42.0,53.0,29.11,9.0,80.0,28.0,0,0,51.0,45.0,79.9,3473,0,0,True,False,False,4617.8,1303.4,3.543,0.03,0.157,3.258,956.9,0.548
hardcoded,64,2,2500000,1.28,400,1,0.3004,0.427,750699,750699,0,750789,0,2499313,2499613,1279648556,1.2796,1.7595,1.2798,-90,-90,-0.012,0.0,False,47.78,0.01,20.768,0.0,3.13,6,115.2,0.0,0,False,False,750654,2499163,1.2796,45,135,0.018,0.006,750728,0,0,0,0.0,74,0.01,61,11753,64,,0,0,0,False,34.0,43.0,48.0,34.33,10.0,58.0,34.0,0,0,50.0,45.0,43.8,3408,0,0,True,False,False,1546.0,727.4,2.125,0.038,0.198,1.818,868.1,0.588
p1_static,64,2,2500000,1.28,400,1,0.3003,0.43,750766,750671,95,750671,0,2499769,2499453,1279882145,1.2799,1.7598,1.2797,95,0,0.013,0.013,False,43.83,0.0,21.706,0.0,3.15,10,121.0,0.0,0,False,False,750767,2499773,1.2799,-1,-96,-0.013,-0.0,750699,0,0,0,0.0,-68,-0.009,-28,11751,64,,0,0,0,False,35.0,44.0,48.0,35.0,9.0,67.0,35.0,0,0,50.0,45.0,40.6,3413,0,0,True,False,False,1345.6,676.5,1.989,0.041,0.204,1.691,877.6,0.582
baseline,64,2,2500000,1.28,400,1,0.3003,0.422,750569,750569,0,750716,0,2499556,2500046,1279772940,1.2798,1.7597,1.28,-147,-147,-0.02,0.0,False,30.67,0.0,34.954,0.003,2.59,7,133.9,0.0,0,False,False,750556,2499513,1.2798,13,160,0.021,0.002,750688,0,0,0,0.0,132,0.018,28,11745,64,,0,0,0,False,26.0,31.0,36.0,26.36,11.0,55.0,26.0,0,0,50.0,45.0,32.2,3402,0,0,True,False,False,778.6,537.4,1.449,0.044,0.229,1.344,1009.0,0.545
rxonly,64,2,2500000,1.28,400,1,0.3002,0.423,750582,750543,39,750543,750566,2499950,2499820,1279974405,1.28,1.76,1.2799,39,0,0.005,0.005,True,59.78,0.0,44.082,0.003,3.52,8,121.2,0.0,0,False,False,,,,,,,,,,,,,,,,0,64,,0,0,0,False,,,,,,,,0,0,50.0,45.0,57.2,3486,0,0,True,False,False,587.0,972.4,0.604,0.032,1.076,2.431,0.7,0.382
modular,64,2,3000000,1.536,333,1,0.3003,0.417,901663,575831,325832,575831,0,3002117,1917248,1537084224,1.5371,2.1135,0.9816,325832,0,36.137,36.137,False,99.88,0.01,0.0,0.01,3.08,53,359.0,0.0,0,False,False,575616,1916533,0.9813,326047,215,0.024,36.161,575854,0,0,0,0.0,238,0.026,-23,9013,64,,0,0,0,False,155.0,159.0,171.0,154.05,132.0,214.0,155.0,0,0,51.0,46.0,85.6,3472,0,0,True,False,False,6620.0,1811.7,3.654,0.026,0.15,3.473,937.9,0.609
template,64,2,3000000,1.536,333,1,0.3003,0.426,901679,832885,68794,832885,0,3002245,2773188,1537149905,1.5371,2.1136,1.4199,68794,0,7.63,7.63,False,99.88,0.01,0.0,0.013,2.38,76,178.8,0.0,0,False,False,832894,2773218,1.4199,68785,-9,-0.001,7.629,832883,0,0,0,0.0,-11,-0.001,2,13039,64,,0,0,0,False,102.0,108.0,115.0,101.46,75.0,142.0,102.0,0,0,51.0,46.0,84.2,3478,0,0,True,False,False,4600.0,1251.8,3.675,0.019,0.14,3.472,833.2,0.626
hardcoded,64,2,3000000,1.536,333,1,0.3004,0.417,902044,902044,0,902379,0,3002528,3003643,1537294571,1.5373,2.1138,1.5379,-335,-335,-0.037,0.0,False,58.63,0.01,20.674,0.01,2.32,14,121.5,0.0,0,False,False,902016,3002435,1.5372,28,363,0.04,0.003,902370,0,0,0,0.0,354,0.039,9,14127,64,,0,0,0,False,30.0,40.0,45.0,30.02,7.0,55.0,30.0,0,0,50.0,46.0,53.6,3283,0,0,True,True,True,1532.3,689.8,2.221,0.027,0.19,2.072,761.6,0.645
p1_static,64,2,3000000,1.536,333,1,0.3004,0.418,902280,902102,178,902102,0,3003172,3002580,1537624347,1.5376,2.1142,1.5373,178,0,0.02,0.02,False,51.91,0.0,20.979,0.003,2.43,8,116.8,0.0,0,False,False,902235,3003022,1.5375,45,-133,-0.015,0.005,902178,0,0,0,0.0,-57,-0.006,-76,14128,64,,0,0,0,False,31.0,40.0,44.0,30.99,7.0,59.0,31.0,0,0,50.0,46.0,48.1,3444,0,0,True,False,False,1328.1,657.7,2.019,0.032,0.191,1.975,756.6,0.652
baseline,64,2,3000000,1.536,333,1,0.3003,0.428,901615,901615,0,901903,0,3002068,3003027,1537059278,1.5371,2.1135,1.5376,-288,-288,-0.032,0.0,False,35.74,0.0,33.972,0.0,1.91,11,131.3,0.0,0,False,False,901609,3002048,1.537,6,294,0.033,0.001,901891,0,0,0,0.0,282,0.031,12,14111,64,,0,0,0,False,27.0,32.0,35.0,26.77,9.0,56.0,27.0,0,0,50.0,46.0,35.7,3433,0,0,True,False,False,752.0,503.3,1.494,0.037,0.212,1.511,846.0,0.618
rxonly,64,2,3000000,1.536,333,1,0.3004,0.43,901843,901843,0,901989,901969,3002262,3002748,1537158529,1.5372,2.1136,1.5374,-146,-146,-0.016,0.0,True,63.34,0.0,42.648,0.007,2.64,26,121.4,0.0,0,False,False,,,,,,,,,,,,,,,,0,64,,0,0,0,False,,,,,,,,0,0,50.0,46.0,59.4,3450,0,0,True,False,False,552.4,837.5,0.66,0.027,1.066,2.515,0.5,0.374
modular,64,2,3500000,1.792,286,1,0.3004,0.424,1039926,573554,466372,573554,0,3461827,1909313,1772455656,1.7725,2.4371,0.9776,466372,0,44.847,44.847,False,99.86,0.01,0.0,0.013,2.62,5950,533.4,0.0,0,False,False,573294,1908448,0.9771,466632,260,0.025,44.872,573567,0,0,0,0.0,273,0.026,-13,8978,64,,0,0,0,False,152.0,156.0,166.0,152.67,142.0,190.0,152.0,0,0,51.0,46.0,84.5,3463,0,0,True,False,False,6619.6,1820.2,3.637,0.027,0.151,3.475,885.5,0.642
template,64,2,3500000,1.792,286,1,0.3003,0.429,1044453,827265,217188,827265,0,3478191,2754921,1780834213,1.7808,2.4486,1.4105,217188,0,20.794,20.794,False,99.9,0.01,0.0,0.01,2.01,3069,352.3,0.0,0,False,False,827432,2755477,1.4108,217021,-167,-0.016,20.778,827247,0,0,0,0.0,-185,-0.018,18,12948,64,,0,0,0,False,102.0,114.0,123.0,103.65,88.0,148.0,102.0,0,0,51.0,46.0,83.6,3456,0,0,True,False,False,4601.6,1252.5,3.674,0.023,0.136,3.45,815.5,0.675
hardcoded,64,2,3500000,1.792,286,1,0.3003,0.421,1050132,1050132,0,1050138,0,3496567,3496587,1790242318,1.7902,2.4616,1.7903,-6,-6,-0.001,0.0,False,65.95,0.01,20.817,0.007,1.66,32,118.1,0.0,0,False,False,1050145,3496610,1.7903,-13,-7,-0.001,-0.001,1049992,0,0,0,0.0,-153,-0.015,146,16435,64,,0,0,0,False,27.0,38.0,44.0,27.04,6.0,63.0,27.0,0,0,50.0,45.0,59.7,3388,0,0,True,False,False,1522.0,688.5,2.211,0.023,0.181,2.407,687.2,0.701
p1_static,64,2,3500000,1.792,286,1,0.3004,0.434,1050112,1050112,0,1050238,0,3495680,3496099,1789788171,1.7898,2.461,1.79,-126,-126,-0.012,0.0,False,61.24,0.0,20.532,0.0,1.6,25,120.9,0.0,0,False,False,1050081,3495576,1.7897,31,157,0.015,0.003,1050321,0,0,0,0.0,240,0.023,-83,16440,64,,0,0,0,False,29.0,39.0,44.0,29.1,6.0,61.0,29.0,0,0,50.0,45.0,54.2,3419,0,0,True,False,False,1316.1,651.1,2.021,0.027,0.18,2.276,702.1,0.679
baseline,64,2,3500000,1.792,286,1,0.3003,0.428,1049896,1049896,0,1049926,0,3495963,3496063,1789933193,1.7899,2.4612,1.79,-30,-30,-0.003,0.0,False,40.8,0.01,34.134,0.003,1.51,40,125.6,0.0,0,False,False,1049803,3495653,1.7898,93,123,0.012,0.009,1049985,0,0,0,0.0,182,0.017,-59,16428,64,,0,0,0,False,24.0,29.0,32.0,24.47,7.0,49.0,24.0,0,0,50.0,45.0,39.7,3430,0,0,True,False,False,732.3,480.9,1.523,0.032,0.201,1.681,754.1,0.671
rxonly,64,2,3500000,1.792,286,1,0.3003,0.419,1049751,1049619,132,1049619,1049585,3496000,3495560,1789952266,1.79,2.4612,1.7897,132,0,0.013,0.013,True,68.73,0.01,39.338,0.007,1.89,27,124.8,0.0,0,False,False,,,,,,,,,,,,,,,,0,64,,0,0,0,False,,,,,,,,0,0,50.0,45.0,65.4,3478,0,0,True,False,False,525.3,772.9,0.68,0.023,0.992,2.702,0.5,0.391
modular,64,2,4000000,2.048,250,1,0.3003,0.418,1172874,572300,600574,572300,0,3905640,1905744,1999687921,1.9997,2.7496,0.9757,600574,0,51.205,51.205,False,99.89,0.01,0.0,0.01,2.19,7876,435.4,0.0,0,False,False,572326,1905830,0.9758,600548,-26,-0.002,51.203,572285,0,0,0,0.0,-41,-0.003,15,8958,64,,0,0,0,False,146.0,149.0,163.0,146.17,138.0,195.0,146.0,0,0,51.0,46.0,85.4,3465,0,0,True,False,False,6619.0,1813.5,3.65,0.027,0.151,3.456,826.5,0.687
template,64,2,4000000,2.048,250,1,0.3003,0.421,1175515,787188,388327,787188,0,3914686,2621484,2004319457,2.0043,2.7559,1.3422,388327,0,33.035,33.035,False,99.9,0.0,0.0,0.007,1.75,7695,442.8,0.0,0,False,False,787136,2621311,1.3421,388379,52,0.004,33.039,787185,0,0,0,0.0,49,0.004,3,12318,64,,0,0,0,False,107.0,115.0,122.0,106.82,91.0,140.0,107.0,0,0,51.0,46.0,85.2,3319,0,0,True,False,False,4602.4,1245.9,3.694,0.022,0.135,3.266,811.8,0.684
hardcoded,64,2,4000000,2.048,250,1,0.3004,0.431,1200858,1200858,0,1201172,0,3997733,3998778,2046839350,2.0468,2.8144,2.0474,-314,-314,-0.026,0.0,False,75.99,0.0,16.945,0.007,1.3,37,111.0,0.0,0,False,False,1200742,3997346,2.0466,116,430,0.036,0.01,1201223,0,0,0,0.0,481,0.04,-51,18800,64,,0,0,0,False,22.0,34.0,40.0,22.68,5.0,59.0,22.0,0,0,50.0,45.0,66.1,3366,0,0,True,False,False,1507.2,674.1,2.236,0.022,0.168,2.695,606.9,0.783
p1_static,64,2,4000000,2.048,250,1,0.3003,0.422,1200674,1200494,180,1200494,0,3998525,3997925,2047244850,2.0472,2.815,2.0469,180,0,0.015,0.015,False,68.83,0.01,20.491,0.01,1.31,48,113.2,0.0,0,False,False,1200568,3998172,2.0471,106,-74,-0.006,0.009,1200395,0,0,0,0.0,-173,-0.014,99,18786,64,,0,0,0,False,24.0,35.0,41.0,24.66,5.0,55.0,24.0,0,0,50.0,45.0,62.1,3362,0,0,True,False,False,1307.1,619.8,2.109,0.021,0.171,2.478,613.3,0.769
baseline,64,2,4000000,2.048,250,1,0.3003,0.427,1201238,1201101,137,1201101,0,3999629,3999173,2047810479,2.0478,2.8157,2.0476,137,0,0.011,0.011,False,45.62,0.0,33.419,0.003,1.15,44,118.7,0.0,0,False,False,1201199,3999499,2.0477,39,-98,-0.008,0.003,1201034,0,0,0,0.0,-165,-0.014,67,18799,64,,0,0,0,False,23.0,27.0,31.0,22.77,8.0,59.0,23.0,0,0,50.0,45.0,43.9,3428,0,0,True,False,False,721.3,460.9,1.565,0.028,0.197,1.843,666.8,0.739
rxonly,64,2,4000000,2.048,250,1,0.3003,0.416,1200558,1200558,0,1200794,1200761,3997706,3998492,2046825637,2.0468,2.8144,2.0472,-236,-236,-0.02,0.0,True,76.24,0.0,35.803,0.0,1.45,70,122.9,0.0,0,False,False,,,,,,,,,,,,,,,,0,64,,0,0,0,False,,,,,,,,0,0,50.0,45.0,70.9,3471,0,0,True,False,False,505.9,733.3,0.69,0.019,0.94,2.932,0.4,0.41
modular,64,2,5000000,2.56,200,1,0.3003,0.425,1424891,578344,846547,578344,0,4744512,1925733,2429190609,2.4292,3.3401,0.986,846547,0,59.411,59.411,False,99.89,0.0,0.0,0.01,1.64,9778,352.9,0.0,0,True,False,578373,1925830,0.986,846518,-29,-0.002,59.409,578333,0,0,0,0.0,-40,-0.003,11,4527,128,,0,0,0,False,139.0,161.0,168.0,143.64,128.0,203.0,139.0,0,0,51.0,46.0,84.2,3465,0,0,True,False,False,6619.0,1794.7,3.688,0.027,0.151,3.456,788.0,0.714
template,64,2,5000000,2.56,200,1,0.3003,0.432,1432300,831453,600847,831453,0,4769729,2768837,2442101346,2.4421,3.3579,1.4176,600847,0,41.95,41.95,False,99.9,0.01,0.0,0.013,1.27,12219,430.4,0.0,0,False,False,831517,2769050,1.4178,600783,-64,-0.004,41.945,831456,0,0,0,0.0,-61,-0.004,-3,6507,128,,0,0,0,False,104.0,108.0,116.0,104.54,92.0,146.0,104.0,0,0,51.0,46.0,83.0,3460,0,0,True,False,False,4602.6,1248.9,3.685,0.024,0.136,3.458,732.0,0.757
hardcoded,64,2,5000000,2.56,200,1,0.3005,0.42,1501387,1500629,758,1500629,0,4996699,4994176,2558309918,2.5583,3.5177,2.557,758,0,0.05,0.05,False,91.79,0.0,6.626,0.01,0.83,62,108.8,0.0,0,False,False,1501253,4996253,2.5581,134,-624,-0.042,0.009,1500673,0,0,0,0.0,-580,-0.039,-44,11753,128,,0,0,0,False,18.0,30.0,37.0,19.34,5.0,80.0,18.0,0,0,51.0,46.0,79.2,3387,0,0,True,False,False,1485.4,631.2,2.354,0.018,0.145,3.152,530.8,0.919
p1_static,64,2,5000000,2.56,200,1,0.3003,0.43,1500520,1500520,0,1500777,0,4995960,4996816,2557931844,2.5579,3.5172,2.5584,-257,-257,-0.017,0.0,False,84.41,0.0,12.226,0.007,0.87,58,107.7,0.0,0,False,False,1500501,4995897,2.5579,19,276,0.018,0.001,1500871,0,0,0,0.0,370,0.025,-94,11744,128,,0,0,0,False,19.0,30.0,37.0,19.46,5.0,50.0,19.0,0,0,51.0,46.0,72.8,3408,0,0,True,False,False,1287.1,596.7,2.157,0.018,0.151,2.981,511.7,0.923
baseline,64,2,5000000,2.56,200,1,0.3003,0.418,1500841,1500841,0,1500876,0,4997384,4997501,2558660848,2.5587,3.5182,2.5587,-35,-35,-0.002,0.0,False,56.64,0.0,34.02,0.003,0.84,91,112.4,0.0,0,False,False,1500887,4997537,2.5587,-46,-11,-0.001,-0.003,1500929,0,0,0,0.0,42,0.003,-53,11746,128,,0,0,0,False,18.0,24.0,35.0,18.75,4.0,51.0,18.0,0,0,50.0,46.0,53.9,3430,0,0,True,False,False,708.5,443.1,1.599,0.019,0.188,2.215,484.2,0.976
rxonly,64,2,5000000,2.56,200,1,0.3003,0.432,1500619,1500619,0,1500862,1500915,4997355,4998164,2558645828,2.5586,3.5181,2.5591,-243,-243,-0.016,0.0,True,76.47,0.01,28.163,0.007,1.0,92,120.3,0.0,0,False,False,,,,,,,,,,,,,,,,0,128,,0,0,0,False,,,,,,,,0,0,50.0,46.0,67.3,3457,0,0,True,False,False,471.5,576.8,0.817,0.012,0.728,2.883,0.3,0.399
modular,64,2,6000000,3.072,167,1,0.3003,0.424,1645576,576386,1069190,576386,0,5479378,1919229,2805441903,2.8054,3.8575,0.9826,1069190,0,64.974,64.974,False,99.89,0.01,0.0,0.013,1.22,12984,354.5,0.0,0,True,False,576368,1919169,0.9826,1069208,18,0.001,64.975,576380,0,0,0,0.0,12,0.001,6,4512,128,,0,0,0,False,138.0,160.0,168.0,144.92,128.0,198.0,138.0,0,0,51.0,46.0,84.2,3454,0,0,True,False,False,6619.0,1807.0,3.663,0.029,0.151,3.468,754.6,0.744
template,64,2,6000000,3.072,167,1,0.3003,0.424,1662556,838187,824369,838187,0,5536059,2791035,2834462381,2.8345,3.8974,1.429,824369,0,49.584,49.584,False,99.89,0.0,0.0,0.01,0.95,14310,387.4,0.0,0,True,False,838272,2791318,1.4292,824284,-85,-0.005,49.579,838178,0,0,0,0.0,-94,-0.006,9,6560,128,,0,0,0,False,101.0,104.0,110.0,101.22,92.0,137.0,101.0,0,0,51.0,46.0,84.5,3483,0,0,True,False,False,4602.5,1244.8,3.697,0.024,0.135,3.474,682.8,0.81
hardcoded,64,2,6000000,3.072,167,1,0.3004,0.429,1777062,1693990,83072,1693990,0,5916311,5639742,3029151266,3.0292,4.1651,2.8875,83072,0,4.675,4.675,False,99.86,0.0,0.003,0.01,0.59,2632,183.7,0.0,0,False,False,1693643,5638587,2.887,83419,347,0.02,4.694,1694051,0,0,0,0.0,408,0.023,-61,13259,128,,0,0,0,False,50.0,56.0,61.0,50.64,15.0,87.0,50.0,0,0,51.0,45.0,83.9,3427,0,0,True,False,False,1475.7,611.4,2.414,0.015,0.138,3.448,482.9,1.043
p1_static,64,2,6000000,3.072,167,1,0.3004,0.424,1794511,1794511,0,1795166,0,5972940,5975120,3058145404,3.0581,4.2049,3.0593,-655,-655,-0.037,0.0,False,98.57,0.0,1.148,0.007,0.61,219,104.0,0.0,0,False,False,1794528,5972996,3.0582,-17,638,0.036,-0.001,1795301,0,0,0,0.0,773,0.043,-135,14049,128,,0,0,0,False,16.0,28.0,38.0,17.66,4.0,64.0,16.0,0,0,51.0,45.0,83.3,3461,0,0,True,False,False,1271.0,574.2,2.214,0.031,0.125,3.431,469.5,1.054
baseline,64,2,6000000,3.072,167,1,0.3004,0.417,1796009,1796009,0,1796608,0,5979007,5981002,3061252081,3.0613,4.2092,3.0623,-599,-599,-0.033,0.0,False,64.8,0.01,27.934,0.007,0.59,127,110.8,0.0,0,False,False,1796049,5979141,3.0613,-40,559,0.031,-0.002,1796631,0,0,0,0.0,582,0.032,-23,14056,128,,0,0,0,False,17.0,29.0,34.0,18.38,4.0,49.0,17.0,0,0,50.0,46.0,60.8,3454,0,0,True,False,False,690.4,415.0,1.664,0.033,0.164,2.482,393.7,1.152
rxonly,64,2,6000000,3.072,167,1,0.3003,0.423,1796083,1796083,0,1796278,1796296,5981166,5981815,3062357101,3.0624,4.2107,3.0627,-195,-195,-0.011,0.0,True,79.17,0.01,25.662,0.01,0.69,278,125.1,0.0,0,False,False,,,,,,,,,,,,,,,,0,128,,0,0,0,False,,,,,,,,0,0,50.0,46.0,71.2,3476,0,0,True,False,False,456.0,495.7,0.92,0.033,0.585,2.965,0.3,0.31
modular,64,2,7000000,3.584,143,1,0.3003,0.421,1937622,572773,1364849,572773,0,6452229,1907318,3303541370,3.3035,4.5424,0.9765,1364849,0,70.439,70.439,False,99.89,0.0,0.0,0.01,0.89,11771,291.1,0.0,0,True,False,572736,1907195,0.9765,1364886,37,0.002,70.441,572767,0,0,0,0.0,31,0.002,6,4483,128,,0,0,0,False,147.0,154.0,166.0,148.44,139.0,194.0,147.0,0,0,51.0,46.0,84.9,3451,0,0,True,False,False,6619.0,1803.8,3.669,0.05,0.089,3.44,722.2,0.771
template,64,2,7000000,3.584,143,1,0.3004,0.421,1851751,835243,1016508,835243,0,6164598,2780577,3156274641,3.1563,4.3399,1.4237,1016508,0,54.894,54.894,False,99.87,0.01,0.0,0.01,0.62,16599,391.4,0.0,0,True,False,835079,2780032,1.4234,1016672,164,0.009,54.903,835259,0,0,0,0.0,180,0.01,-16,6538,128,,0,0,0,False,94.0,99.0,115.0,95.11,88.0,140.0,94.0,0,0,51.0,46.0,85.0,3454,0,0,True,False,False,4602.7,1245.0,3.697,0.042,0.135,3.462,691.0,0.795
hardcoded,64,2,7000000,3.584,143,1,0.3004,0.421,1980226,1706275,273951,1706275,0,6591639,5679730,3374919644,3.3749,4.6405,2.908,273951,0,13.834,13.834,False,99.85,0.01,0.0,0.013,0.35,11269,344.2,0.0,0,True,False,1706188,5679441,2.9079,274038,87,0.004,13.839,1706382,0,0,0,0.0,194,0.01,-107,13358,128,,0,0,0,False,50.0,56.0,61.0,50.22,39.0,81.0,50.0,0,0,51.0,46.0,84.8,3455,0,0,True,False,False,1476.4,607.4,2.431,0.023,0.137,3.45,466.5,1.098
p1_static,64,2,7000000,3.584,143,1,0.3004,0.417,2016746,1840700,176046,1840700,0,6713217,6127206,3437167281,3.4372,4.7261,3.1371,176046,0,8.729,8.729,False,100.19,0.01,0.0,0.01,0.35,7622,267.1,0.0,0,False,False,1840305,6125891,3.1365,176441,395,0.02,8.749,1840806,0,0,0,0.0,501,0.025,-106,14408,128,,0,0,0,False,46.0,51.0,57.0,46.54,29.0,83.0,46.0,0,0,51.0,46.0,85.8,3431,0,0,True,False,False,1269.7,561.8,2.26,0.026,0.139,3.442,452.6,1.115
baseline,64,2,7000000,3.584,143,1,0.3004,0.419,2094209,2094209,0,2094542,0,6971272,6972381,3569291754,3.5693,4.9078,3.5699,-333,-333,-0.016,0.0,False,76.51,0.01,18.855,0.01,0.33,750,147.8,0.0,0,False,False,2094183,6971186,3.5692,26,359,0.017,0.001,2094589,0,0,0,0.0,406,0.019,-47,16391,128,,0,0,0,False,14.0,25.0,33.0,15.37,3.0,68.0,14.0,0,0,51.0,45.0,68.8,3381,0,0,True,False,False,675.6,394.6,1.712,0.028,0.146,2.751,346.8,1.328
rxonly,64,2,7000000,3.584,143,1,0.3003,0.426,2097165,2097118,47,2097118,2097202,6983972,6983816,3575794089,3.5758,4.9167,3.5757,47,0,0.002,0.002,True,81.06,0.01,24.377,0.01,0.54,457,128.5,0.0,0,False,False,,,,,,,,,,,,,,,,0,128,,0,0,0,False,,,,,,,,0,0,50.0,45.0,72.3,3467,0,0,True,False,False,447.4,432.3,1.035,0.024,0.491,3.019,0.3,0.311
modular,64,2,8000000,4.096,125,1,0.3004,0.421,2144665,569697,1574968,569697,0,7139737,1896560,3655545750,3.6555,5.0264,0.971,1574968,0,73.437,73.437,False,99.86,0.01,0.0,0.01,0.62,15730,305.8,0.0,0,True,False,569644,1896384,0.9709,1575021,53,0.002,73.439,569695,0,0,0,0.0,51,0.002,2,4460,128,,0,0,0,False,153.0,166.0,177.0,154.85,132.0,212.0,153.0,0,0,51.0,46.0,84.7,3432,0,0,True,False,False,6619.4,1805.4,3.666,0.047,0.151,3.424,723.4,0.773
template,64,2,8000000,4.096,125,1,0.3003,0.42,2109603,836838,1272765,836838,0,7025745,2786975,3597181938,3.5972,4.9461,1.4269,1272765,0,60.332,60.332,False,100.24,0.0,0.0,0.01,0.41,20102,410.0,0.0,0,True,False,836894,2787161,1.427,1272709,-56,-0.003,60.329,836690,0,0,0,0.0,-204,-0.01,148,6547,128,,0,0,0,False,105.0,109.0,117.0,105.09,86.0,146.0,105.0,0,0,51.0,46.0,85.0,3456,0,0,True,False,False,4601.7,1241.8,3.706,0.039,0.135,3.461,668.2,0.824
hardcoded,64,2,8000000,4.096,125,1,0.3005,0.419,2110783,1712148,398635,1712148,0,7024865,5698174,3596731319,3.5967,4.9455,2.9175,398635,0,18.886,18.886,False,100.17,0.01,0.0,0.01,0.17,25853,524.2,0.0,0,True,False,1711569,5696247,2.9165,399214,579,0.027,18.913,1712215,0,0,0,0.0,646,0.031,-67,13403,128,,0,0,0,False,49.0,55.0,60.0,49.59,35.0,89.0,49.0,0,0,51.0,46.0,85.2,3411,0,0,True,False,False,1475.5,599.7,2.46,0.021,0.135,3.417,459.4,1.096
p1_static,64,2,8000000,4.096,125,1,0.3004,0.419,2193195,1852323,340872,1852323,0,7300158,6165549,3737681085,3.7377,5.1393,3.1568,340872,0,15.542,15.542,False,99.76,0.0,0.06,0.01,0.18,17411,419.7,0.0,0,True,False,1851449,6162639,3.1553,341746,874,0.04,15.582,1852388,0,0,0,0.0,939,0.043,-65,14496,128,,0,0,0,False,45.0,50.0,56.0,45.62,15.0,128.0,45.0,0,0,51.0,46.0,85.4,3432,0,0,True,False,False,1270.0,559.7,2.269,0.027,0.09,3.451,436.5,1.167
baseline,64,2,8000000,4.096,125,1,0.3004,0.426,2385053,2385053,0,2385323,0,7939454,7940353,4065000595,4.065,5.5894,4.0655,-270,-270,-0.011,0.0,False,85.49,0.0,11.115,0.007,0.2,2146,156.5,0.0,0,False,False,2384795,7938595,4.0646,258,528,0.022,0.011,2385284,0,0,0,0.0,489,0.021,39,18667,128,,0,0,0,False,14.0,25.0,32.0,14.94,3.0,62.0,14.0,0,0,51.0,46.0,73.8,3436,0,0,True,False,False,667.0,382.8,1.743,0.021,0.136,3.039,335.1,1.435
rxonly,64,2,8000000,4.096,125,1,0.3002,0.42,2397089,2397089,0,2397161,2397196,7983831,7984070,4087721472,4.0877,5.6206,4.0878,-72,-72,-0.003,0.0,True,77.72,0.01,26.342,0.003,0.39,1714,136.4,0.0,0,False,False,,,,,,,,,,,,,,,,0,128,,0,0,0,False,,,,,,,,0,0,50.0,46.0,70.6,3468,0,0,True,False,False,440.9,365.2,1.207,0.027,0.341,2.916,0.3,0.312
modular,64,2,9000000,4.608,111,1,0.3004,0.422,2344212,573884,1770328,573884,0,7804481,1910606,3995894747,3.9959,5.4944,0.9782,1770328,0,75.519,75.519,False,100.2,0.01,0.0,0.01,0.37,23113,378.5,0.0,0,True,False,573824,1910407,0.9781,1770388,60,0.003,75.522,573889,0,0,0,0.0,65,0.003,-5,2246,256,,0,0,0,False,146.0,151.0,162.0,147.15,141.0,191.0,146.0,0,0,51.0,46.0,84.8,3443,0,0,True,False,False,6619.3,1806.8,3.663,0.05,0.151,3.452,724.9,0.767
template,64,2,9000000,4.608,111,1,0.3003,0.424,2265412,832848,1432564,832848,0,7543934,2773425,3862494334,3.8625,5.3109,1.42,1432564,0,63.236,63.236,False,99.89,0.01,0.0,0.01,0.24,26190,447.9,0.0,0,True,False,832797,2773255,1.4199,1432615,51,0.002,63.239,832840,0,0,0,0.0,43,0.002,8,3258,256,,0,0,0,False,105.0,111.0,122.0,105.22,88.0,147.0,105.0,0,0,51.0,46.0,84.3,3446,0,0,True,False,False,4602.6,1240.2,3.711,0.051,0.135,3.44,682.7,0.798
hardcoded,64,2,9000000,4.608,111,1,0.3005,0.428,2301552,1709758,591794,1709758,0,7658492,5689277,3921148054,3.9211,5.3916,2.9129,591794,0,25.713,25.713,False,99.79,0.0,0.007,0.007,0.03,42307,832.1,0.0,0,True,False,1708718,5685817,2.9111,592834,1040,0.045,25.758,1709908,0,0,0,0.0,1190,0.052,-150,6691,256,,0,0,0,False,50.0,54.0,59.0,49.46,19.0,76.0,50.0,0,0,51.0,46.0,84.1,3411,0,0,True,False,False,1476.5,599.4,2.463,0.028,0.137,3.41,447.9,1.15
p1_static,64,2,9000000,4.608,111,1,0.3004,0.429,2336041,1881527,454514,1881527,0,7777331,6264127,3981993742,3.982,5.4752,3.2072,454514,0,19.457,19.457,False,100.12,0.01,0.04,0.013,0.05,33123,661.0,0.0,0,True,False,1880811,6261743,3.206,455230,716,0.031,19.487,1881565,0,0,0,0.0,754,0.032,-38,7360,256,,0,0,0,False,45.0,51.0,55.0,45.22,10.0,83.0,45.0,0,0,51.0,46.0,83.4,3456,0,0,True,False,False,1269.4,554.3,2.29,0.019,0.086,3.472,415.7,1.2
baseline,64,2,9000000,4.608,111,1,0.3004,0.429,2660744,2659408,1336,2659408,0,8858643,8854195,4535625670,4.5356,6.2365,4.5333,1336,0,0.05,0.05,False,96.69,0.0,2.374,0.007,0.06,18475,259.4,0.0,0,False,False,2658805,8852188,4.5323,1939,603,0.023,0.073,2659595,0,0,0,0.0,790,0.03,-187,10403,256,,0,0,0,False,12.0,25.0,33.0,13.5,3.0,59.0,12.0,0,0,51.0,46.0,80.5,3457,0,0,True,False,False,659.3,378.5,1.742,0.026,0.124,3.351,334.5,1.492
rxonly,64,2,9000000,4.608,111,1,0.3003,0.425,2701905,2701689,216,2701689,2701629,8997719,8997000,4606832502,4.6068,6.3344,4.6065,216,0,0.008,0.008,True,80.42,0.01,23.694,0.007,0.29,1999,141.1,0.0,0,False,False,,,,,,,,,,,,,,,,0,256,,0,0,0,False,,,,,,,,0,0,51.0,46.0,71.8,3465,0,0,True,False,False,434.3,331.2,1.311,0.006,0.308,2.98,0.1,0.482
modular,64,2,10000000,5.12,100,1,0.3003,0.42,2618999,580693,2038306,580693,0,8721024,1933653,4465164539,4.4652,6.1396,0.99,2038306,0,77.828,77.828,False,99.89,0.0,0.0,0.01,0.26,24764,377.0,0.0,0,True,False,580628,1933437,0.9899,2038371,65,0.002,77.83,580708,0,0,0,0.0,80,0.003,-15,2273,256,,0,0,0,False,146.0,151.0,162.0,146.38,140.0,180.0,146.0,0,0,52.0,46.0,85.2,3466,0,0,True,False,False,6619.6,1787.1,3.704,0.026,0.151,3.456,692.3,0.802
template,64,2,10000000,5.12,100,1,0.3003,0.42,2443608,838390,1605218,838390,0,8136859,2791716,4166072128,4.1661,5.7283,1.4294,1605218,0,65.69,65.69,False,100.22,0.01,0.0,0.007,0.11,41396,565.2,0.0,0,True,False,838320,2791483,1.4292,1605288,70,0.003,65.693,838385,0,0,0,0.0,65,0.003,5,3281,256,,0,0,0,False,106.0,110.0,116.0,104.87,83.0,139.0,106.0,0,0,51.0,46.0,85.0,3454,0,0,True,False,False,4602.4,1239.6,3.713,0.024,0.135,3.461,677.4,0.807
hardcoded,64,2,10000000,5.12,100,1,0.3004,0.419,2413907,1730897,683010,1730897,0,8036598,5762659,4114738470,4.1147,5.6578,2.9505,683010,0,28.295,28.295,False,99.83,0.0,0.03,0.01,0.01,143485,1039.7,0.0,0,True,False,1730668,5761897,2.9501,683239,229,0.009,28.304,1731046,0,0,0,0.0,378,0.016,-149,6775,256,,0,0,0,False,49.0,56.0,60.0,49.48,7.0,77.0,49.0,0,0,51.0,46.0,85.4,3436,0,0,True,False,False,1476.2,597.2,2.472,0.016,0.134,3.442,442.6,1.152
p1_static,64,2,10000000,5.12,100,1,0.3003,0.419,2329303,1856889,472414,1856889,0,7755704,6182743,3970920763,3.9709,5.46,3.1656,472414,0,20.281,20.281,False,99.82,0.01,0.02,0.01,0.0,159981,1147.0,0.0,0,True,False,1856724,6182193,3.1653,472579,165,0.007,20.288,1856902,0,0,0,0.0,178,0.008,-13,7264,256,,0,0,0,False,45.0,52.0,57.0,45.93,18.0,80.0,45.0,0,0,50.0,46.0,85.2,3421,0,0,True,False,False,1269.0,553.1,2.294,0.015,0.089,3.42,420.9,1.175
baseline,64,2,10000000,5.12,100,1,0.3004,0.422,2826492,2800125,26367,2800125,0,9409683,9321904,4817757723,4.8178,6.6244,4.7728,26367,0,0.933,0.933,False,99.57,0.01,0.15,0.007,0.0,253306,1401.2,0.0,0,True,False,2800419,9322883,4.7733,26073,-294,-0.01,0.922,2800131,0,0,0,0.0,-288,-0.01,-6,10959,256,,0,0,0,False,28.0,32.0,35.0,27.51,6.0,55.0,28.0,0,0,51.0,46.0,84.2,3434,0,0,True,False,False,657.2,368.3,1.784,0.015,0.089,3.433,332.2,1.529
rxonly,64,2,10000000,5.12,100,1,0.3003,0.419,2996093,2996093,0,2996404,2996399,9977743,9978779,5108604686,5.1086,7.0243,5.1091,-311,-311,-0.01,0.0,True,79.06,0.0,24.657,0.01,0.21,5816,158.9,0.0,0,False,False,,,,,,,,,,,,,,,,0,256,,0,0,0,False,,,,,,,,0,0,51.0,46.0,70.6,3463,0,0,True,False,False,430.7,292.8,1.471,0.007,0.235,2.922,0.2,0.421
modular,64,2,11000000,5.632,91,1,0.3003,0.421,2652262,579392,2072870,579392,0,8832654,1929511,4522318850,4.5223,6.2182,0.9879,2072870,0,78.155,78.155,False,99.9,0.0,0.0,0.01,0.08,88185,700.5,0.0,0,True,False,579469,1929767,0.988,2072793,-77,-0.003,78.152,579371,0,0,0,0.0,-98,-0.004,21,2268,256,,0,0,0,False,154.0,158.0,167.0,154.46,134.0,209.0,154.0,0,0,51.0,47.0,85.1,3470,0,0,True,False,False,6618.6,1793.0,3.691,0.027,0.151,3.46,765.8,0.73
template,64,2,11000000,5.632,91,1,0.3003,0.422,2585490,842089,1743401,842089,0,8609253,2804016,4407937827,4.4079,6.0609,1.4357,1743401,0,67.43,67.43,False,99.89,0.01,0.0,0.01,0.03,81906,800.1,0.0,0,True,False,841984,2803667,1.4355,1743506,105,0.004,67.434,842089,0,0,0,0.0,105,0.004,0,3295,256,,0,0,0,False,99.0,102.0,110.0,99.67,92.0,135.0,99.0,0,0,51.0,47.0,84.7,3468,0,0,True,False,False,4602.5,1234.3,3.729,0.025,0.135,3.461,674.1,0.812
hardcoded,64,2,11000000,5.632,91,1,0.3005,0.422,2371259,1708804,662455,1708804,0,7892117,5687308,4040763980,4.0408,5.5561,2.9119,662455,0,27.937,27.937,False,100.16,0.0,0.003,0.01,0.0,666858,1275.9,0.0,0,True,False,1708976,5687880,2.9122,662283,-172,-0.007,27.93,1708854,0,0,0,0.0,-122,-0.005,-50,6690,256,,0,0,0,False,50.0,56.0,61.0,50.01,22.0,77.0,50.0,0,0,51.0,46.0,84.7,3419,0,0,True,False,False,1476.3,598.8,2.466,0.016,0.137,3.405,451.4,1.134
p1_static,64,2,11000000,5.632,91,1,0.3004,0.422,2334563,1868030,466533,1868030,0,7771688,6218614,3979104684,3.9791,5.4713,3.1839,466533,0,19.984,19.984,False,99.85,0.0,0.003,0.01,0.0,736773,1321.2,0.0,0,True,False,1868177,6219104,3.1842,466386,-147,-0.006,19.977,1868028,0,0,0,0.0,-149,-0.006,2,7311,256,,0,0,0,False,45.0,52.0,56.0,45.7,18.0,78.0,45.0,0,0,51.0,46.0,84.8,3419,0,0,True,False,False,1269.0,550.8,2.304,0.014,0.093,3.425,418.9,1.184
baseline,64,2,11000000,5.632,91,1,0.3004,0.426,2827189,2801382,25807,2801382,0,9412165,9326249,4819028646,4.819,6.6262,4.775,25807,0,0.913,0.913,False,99.39,0.01,0.22,0.01,0.0,1310896,1438.0,0.0,0,True,False,2800588,9323606,4.7737,26601,794,0.028,0.941,2801424,0,0,0,0.0,836,0.03,-42,10960,256,,0,0,0,False,25.0,31.0,34.0,20.81,3.0,64.0,25.0,0,0,51.0,46.0,83.8,3427,0,0,True,False,False,657.6,367.6,1.789,0.017,0.101,3.428,336.2,1.525
rxonly,64,2,11000000,5.632,91,1,0.3003,0.426,3292306,3292306,0,3292755,3292753,10964031,10965527,5613584287,5.6136,7.7187,5.6143,-449,-449,-0.014,0.0,True,80.26,0.01,22.489,0.007,0.15,4373,169.1,0.0,0,False,False,,,,,,,,,,,,,,,,0,256,,0,0,0,False,,,,,,,,0,0,51.0,46.0,70.7,3430,0,0,True,False,False,425.7,267.7,1.59,0.008,0.211,2.935,0.1,0.467
modular,64,2,12000000,6.144,83,1,0.3004,0.42,2855729,580526,2275203,580526,0,9507325,1932693,4867750658,4.8678,6.6932,0.9895,2275203,0,79.672,79.672,False,100.2,0.01,0.0,0.01,0.01,361665,922.2,0.0,0,True,False,580368,1932167,0.9893,2275361,158,0.006,79.677,580544,0,0,0,0.0,176,0.006,-18,2272,256,,0,0,0,False,156.0,159.0,170.0,155.8,149.0,208.0,156.0,0,0,51.0,46.0,85.0,3453,0,0,True,False,False,6619.4,1794.1,3.69,0.027,0.151,3.467,696.6,0.803
template,64,2,12000000,6.144,83,1,0.3003,0.432,2755209,815711,1939498,815711,0,9173856,2716024,4697014464,4.697,6.4584,1.3906,1939498,0,70.394,70.394,False,99.88,0.01,0.0,0.013,0.0,333142,1003.4,0.0,0,True,False,815792,2716294,1.3907,1939417,-81,-0.003,70.391,815699,0,0,0,0.0,-93,-0.003,12,3192,256,,0,0,0,False,95.0,112.0,129.0,99.66,88.0,158.0,95.0,0,0,51.0,46.0,83.1,3367,0,0,True,False,False,4602.6,1227.4,3.75,0.025,0.135,3.334,645.0,0.843
hardcoded,64,2,12000000,6.144,83,1,0.3004,0.418,2358122,1678301,679821,1678301,0,7850848,5587533,4019634342,4.0196,5.527,2.8608,679821,0,28.829,28.829,False,99.85,0.0,0.003,0.007,0.0,1279773,1238.3,0.0,0,True,False,1678234,5587310,2.8607,679888,67,0.003,28.832,1678283,0,0,0,0.0,49,0.002,18,6569,256,,0,0,0,False,51.0,58.0,63.0,51.17,18.0,99.0,51.0,0,0,51.0,45.0,85.5,3324,0,0,True,False,False,1475.9,591.5,2.495,0.016,0.134,3.305,459.6,1.108
p1_static,64,2,12000000,6.144,83,1,0.3003,0.421,2388234,1804454,583780,1804454,0,7952592,6008660,4071727279,4.0717,5.5986,3.0764,583780,0,24.444,24.444,False,100.21,0.01,0.003,0.013,0.0,1335586,1247.2,0.0,0,True,False,1804312,6008187,3.0762,583922,142,0.006,24.45,1804474,0,0,0,0.0,162,0.007,-20,7060,256,,0,0,0,False,47.0,55.0,60.0,47.81,19.0,75.0,47.0,0,0,51.0,45.0,85.2,3299,0,0,True,True,True,1269.2,541.4,2.344,0.014,0.089,3.253,434.1,1.151
baseline,64,2,12000000,6.144,83,1,0.3004,0.421,2832571,2805216,27355,2805216,0,9429094,9338034,4827696194,4.8277,6.6381,4.7811,27355,0,0.966,0.966,False,99.66,0.01,0.206,0.01,0.0,2729404,1323.5,0.0,0,True,False,2804336,9335105,4.7796,28235,880,0.031,0.997,2805290,0,0,0,0.0,954,0.034,-74,10975,256,,0,0,0,False,29.0,33.0,36.0,29.25,10.0,64.0,29.0,0,0,51.0,46.0,84.8,3415,0,0,True,False,False,656.8,364.1,1.804,0.014,0.092,3.4,326.6,1.541
rxonly,64,2,12000000,6.144,83,1,0.3004,0.425,3607963,3607963,0,3608786,3609010,12010009,12012749,6149125106,6.1491,8.455,6.1505,-823,-823,-0.023,0.0,True,79.35,0.0,23.351,0.007,0.1,4262,173.7,0.0,0,False,False,,,,,,,,,,,,,,,,0,256,,0,0,0,False,,,,,,,,0,0,51.0,46.0,70.7,3424,0,0,True,False,False,423.8,241.2,1.757,0.007,0.17,2.898,0.2,0.392
rxonly,64,3,500000,0.256,2000,1,0.3003,0.424,150153,150149,4,150149,150147,500025,500011,256012927,0.256,0.352,0.256,4,0,0.003,0.003,True,18.38,0.0,76.023,0.0,37.93,0,67.7,0.0,0,False,False,,,,,,,,,,,,,,,,0,8,,0,0,0,False,,,,,,,,0,0,50.0,44.0,26.8,3463,0,0,True,False,False,1606.9,2440.9,0.658,0.152,1.602,1.22,3.1,0.386
baseline,64,3,500000,0.256,2000,1,0.3002,0.426,150095,150095,0,150095,0,500001,500001,256000720,0.256,0.352,0.256,0,0,0.0,0.0,False,14.33,0.0,69.353,0.0,34.52,0,76.2,0.0,0,False,False,150088,499978,0.256,7,7,0.005,0.005,150103,0,0,0,0.0,15,0.01,-8,18781,8,,0,0,0,False,12.0,17.0,20.0,12.29,5.0,41.0,12.0,0,0,50.0,44.0,22.7,3455,0,0,True,False,False,1837.2,2069.3,0.888,0.299,0.913,1.035,2665.8,0.584
p1_static,64,3,500000,0.256,2000,1,0.3003,0.425,150157,150157,0,150189,0,499963,500069,255981241,0.256,0.352,0.256,-32,-32,-0.021,0.0,False,18.17,0.01,71.39,0.0,35.57,0,74.0,0.0,0,False,False,150161,499976,0.256,-4,28,0.019,-0.003,150192,0,0,0,0.0,31,0.021,-3,18801,8,,0,0,0,False,13.0,18.0,20.0,12.9,5.0,37.0,13.0,0,0,50.0,45.0,26.1,3319,0,0,True,False,False,2488.2,2270.2,1.096,0.306,0.924,1.135,2736.0,0.582
hardcoded,64,3,500000,0.256,2000,1,0.3003,0.423,150169,150121,48,150121,0,500101,499941,256051763,0.2561,0.3521,0.256,48,0,0.032,0.032,False,18.36,0.01,70.795,0.0,35.25,0,75.8,0.0,0,False,False,150161,500074,0.256,8,-40,-0.027,0.005,150115,0,0,0,0.0,-46,-0.031,6,18796,8,,0,0,0,False,13.0,18.0,21.0,13.1,6.0,39.0,13.0,0,0,50.0,45.0,26.6,3435,0,0,True,False,False,2697.4,2377.3,1.135,0.304,0.925,1.189,2719.0,0.586
template,64,3,500000,0.256,2000,1,0.3003,0.419,150129,150129,0,150142,0,500004,500047,256002172,0.256,0.352,0.256,-13,-13,-0.009,0.0,False,27.82,0.0,68.279,0.0,33.98,0,74.0,0.0,0,False,False,150128,500000,0.256,1,14,0.009,0.001,150143,0,0,0,0.0,15,0.01,-1,18788,8,,0,0,0,False,15.0,20.0,23.0,14.9,7.0,50.0,15.0,0,0,50.0,45.0,35.1,3415,0,0,True,False,False,5765.8,3006.5,1.918,0.309,0.925,1.503,2729.7,0.568
modular,64,3,500000,0.256,2000,1,0.3003,0.421,150162,150162,0,150177,0,499958,500008,255978803,0.256,0.352,0.256,-15,-15,-0.01,0.0,False,36.05,0.0,70.198,0.0,34.98,0,71.2,0.0,0,False,False,150158,499945,0.256,4,19,0.013,0.003,150181,0,0,0,0.0,23,0.015,-4,18801,8,,0,0,0,False,15.0,20.0,23.0,15.42,8.0,48.0,15.0,0,0,50.0,45.0,42.4,3409,0,0,True,False,False,7836.6,3624.3,2.162,0.309,1.097,1.812,2686.8,0.603
rxonly,64,3,1000000,0.512,1000,1,0.3002,0.424,300240,300240,0,300247,300249,999971,999994,511985333,0.512,0.704,0.512,-7,-7,-0.002,0.0,True,31.65,0.01,65.442,0.0,15.76,1,84.5,0.0,0,False,False,,,,,,,,,,,,,,,,0,16,,0,0,0,False,,,,,,,,0,0,50.0,44.0,36.6,3490,0,0,True,False,False,958.8,1607.1,0.597,0.076,1.227,1.607,1.6,0.44
baseline,64,3,1000000,0.512,1000,1,0.3004,0.422,300345,300345,0,300478,0,999778,1000221,511886545,0.5119,0.7038,0.5121,-133,-133,-0.044,0.0,False,18.67,0.01,60.217,0.0,14.43,0,93.5,0.0,0,False,False,300354,999808,0.5119,-9,124,0.041,-0.003,300515,0,0,0,0.0,161,0.054,-37,18806,16,,0,0,0,False,16.0,20.0,23.0,15.63,6.0,46.0,16.0,0,0,50.0,44.0,25.2,3458,0,0,True,False,False,1168.9,1122.0,1.042,0.149,0.448,1.122,1726.5,0.541
p1_static,64,3,1000000,0.512,1000,1,0.3003,0.418,300357,300308,49,300308,0,1000122,999959,512062815,0.5121,0.7041,0.512,49,0,0.016,0.016,False,25.1,0.0,58.737,0.0,14.05,0,90.4,0.0,0,False,False,300353,1000109,0.5121,4,-45,-0.015,0.001,300293,0,0,0,0.0,-60,-0.02,15,18803,16,,0,0,0,False,17.0,22.0,26.0,17.31,9.0,51.0,17.0,0,0,50.0,45.0,31.0,3425,0,0,True,False,False,1769.1,1329.0,1.331,0.14,0.444,1.329,1686.5,0.548
hardcoded,64,3,1000000,0.512,1000,1,0.3003,0.422,300306,300306,0,300346,0,999866,999999,511931704,0.5119,0.7039,0.512,-40,-40,-0.013,0.0,False,26.34,0.01,57.857,0.0,13.83,0,96.9,0.0,0,False,False,300302,999853,0.5119,4,44,0.015,0.001,300360,0,0,0,0.0,58,0.019,-14,18802,16,,0,0,0,False,18.0,23.0,26.0,18.07,9.0,52.0,18.0,0,0,50.0,45.0,31.7,3446,0,0,True,False,False,1975.5,1372.6,1.439,0.139,0.451,1.373,1775.4,0.519
template,64,3,1000000,0.512,1000,1,0.3003,0.421,300345,300264,81,300264,0,1000160,999890,512082077,0.5121,0.7041,0.5119,81,0,0.027,0.027,False,45.05,0.01,54.516,0.0,13.01,1,93.5,0.0,0,False,False,300334,1000123,0.5121,11,-70,-0.023,0.004,300260,0,0,0,0.0,-74,-0.025,4,18797,16,,0,0,0,False,22.0,27.0,32.0,22.05,11.0,60.0,22.0,0,0,50.0,45.0,47.1,3428,0,0,True,False,False,5056.3,1987.0,2.545,0.13,0.479,1.987,1735.9,0.51
modular,64,3,1000000,0.512,1000,1,0.3003,0.419,300319,300319,0,300321,0,1000012,1000019,512006567,0.512,0.704,0.512,-2,-2,-0.001,0.0,False,59.92,0.0,47.45,0.0,14.6,1,81.8,0.0,0,False,False,300318,1000009,0.512,1,3,0.001,0.0,300332,0,0,0,0.0,14,0.005,-11,18796,16,,0,0,0,False,24.0,36.0,45.0,25.68,10.0,86.0,24.0,0,0,50.0,45.0,59.4,3424,0,0,True,False,False,7014.3,2437.4,2.878,0.128,0.495,2.437,1533.0,0.551
rxonly,64,3,1500000,0.768,667,1,0.3003,0.424,450178,450133,45,450133,450128,1499222,1499072,767601946,0.7676,1.0555,0.7675,45,0,0.01,0.01,True,43.76,0.0,55.133,0.0,8.42,1,101.5,0.0,0,False,False,,,,,,,,,,,,,,,,0,32,,0,0,0,False,,,,,,,,0,0,50.0,44.0,45.3,3470,0,0,True,False,False,740.3,1302.9,0.568,0.051,1.148,1.953,1.0,0.403
baseline,64,3,1500000,0.768,667,1,0.3003,0.422,450247,450202,45,450202,0,1499431,1499281,767709001,0.7677,1.0556,0.7676,45,0,0.01,0.01,False,21.75,0.0,48.299,0.0,7.26,0,110.8,0.0,0,False,False,450233,1499385,0.7677,14,-31,-0.007,0.003,450170,0,0,0,0.0,-63,-0.014,32,14089,32,,0,0,0,False,21.0,26.0,30.0,21.31,12.0,54.0,21.0,0,0,50.0,44.0,26.4,3435,0,0,True,False,False,929.7,762.5,1.219,0.088,0.326,1.143,1380.1,0.514
p1_static,64,3,1500000,0.768,667,1,0.3004,0.418,450343,450343,0,450349,0,1499344,1499364,767664524,0.7677,1.0555,0.7677,-6,-6,-0.001,0.0,False,31.69,0.0,47.709,0.0,7.17,0,106.4,0.0,0,False,False,450303,1499211,0.7676,40,46,0.01,0.009,450310,0,0,0,0.0,7,0.002,39,14099,32,,0,0,0,False,23.0,29.0,33.0,23.41,13.0,55.0,23.0,0,0,50.0,45.0,35.0,3423,0,0,True,False,False,1527.7,981.9,1.556,0.088,0.316,1.472,1348.9,0.518
hardcoded,64,3,1500000,0.768,667,1,0.3004,0.417,450390,450390,0,450420,0,1499283,1499383,767633294,0.7676,1.0555,0.7677,-30,-30,-0.007,0.0,False,33.45,0.01,48.368,0.0,7.29,1,110.0,0.0,0,False,False,450374,1499230,0.7676,16,46,0.01,0.004,450420,0,0,0,0.0,46,0.01,0,14103,32,,0,0,0,False,24.0,29.0,33.0,23.69,11.0,62.0,24.0,0,0,50.0,45.0,36.5,3426,0,0,True,False,False,1739.6,1026.8,1.694,0.087,0.321,1.54,1372.4,0.509
template,64,3,1500000,0.768,667,1,0.3003,0.422,450211,450211,0,450272,0,1499281,1499484,767632184,0.7676,1.0555,0.7677,-61,-61,-0.014,0.0,False,57.59,0.0,18.939,0.003,8.03,0,101.5,0.0,0,False,False,450202,1499251,0.7676,9,70,0.016,0.002,450252,0,0,0,0.0,50,0.011,20,14089,32,,0,0,0,False,41.0,55.0,60.0,41.47,11.0,75.0,41.0,0,0,50.0,45.0,52.6,3424,0,0,True,False,False,4711.3,1428.7,3.298,0.068,0.236,2.142,1125.0,0.496
modular,64,3,1500000,0.768,667,1,0.3003,0.417,450278,450278,0,450327,0,1499268,1499432,767625689,0.7676,1.0555,0.7677,-49,-49,-0.011,0.0,False,81.77,0.01,12.872,0.01,7.93,1,94.6,0.0,0,False,False,450284,1499288,0.7676,-6,43,0.01,-0.001,450306,0,0,0,0.0,22,0.005,21,14094,32,,0,0,0,False,38.0,57.0,67.0,39.27,12.0,98.0,38.0,0,0,51.0,45.0,72.4,3437,0,0,True,False,False,6689.3,1950.0,3.43,0.054,0.222,2.924,1117.5,0.521
rxonly,64,3,2000000,1.024,500,1,0.3003,0.416,600518,600518,0,600622,600650,1999735,2000081,1023864373,1.0239,1.4078,1.024,-104,-104,-0.017,0.0,True,52.99,0.0,47.836,0.0,5.13,7,115.0,0.0,0,False,False,,,,,,,,,,,,,,,,0,32,,0,0,0,False,,,,,,,,0,0,50.0,45.0,52.8,3470,0,0,True,False,False,637.9,1108.5,0.575,0.04,1.073,2.217,1.1,0.291
baseline,64,3,2000000,1.024,500,1,0.3003,0.419,600827,600459,368,600459,0,2000520,1999295,1024266564,1.0243,1.4084,1.0236,368,0,0.061,0.061,False,25.8,0.0,40.548,0.0,4.2,4,128.9,0.0,0,False,False,600786,2000384,1.0242,41,-327,-0.054,0.007,600497,0,0,0,0.0,-289,-0.048,-38,18800,32,,0,0,0,False,27.0,32.0,36.0,27.01,10.0,56.0,27.0,0,0,50.0,45.0,29.1,3386,0,0,True,False,False,828.2,610.9,1.356,0.065,0.263,1.221,1161.1,0.521
p1_static,64,3,2000000,1.024,500,1,0.3004,0.422,600809,600809,0,600868,0,1999964,2000160,1023981693,1.024,1.408,1.0241,-59,-59,-0.01,0.0,False,37.11,0.0,25.246,0.0,4.47,3,115.2,0.0,0,False,False,600803,1999944,1.024,6,65,0.011,0.001,600886,0,0,0,0.0,83,0.014,-18,18813,32,,0,0,0,False,36.0,45.0,49.0,35.6,10.0,70.0,36.0,0,0,50.0,45.0,36.0,3422,0,0,True,False,False,1379.8,746.9,1.848,0.055,0.222,1.494,1044.3,0.521
hardcoded,64,3,2000000,1.024,500,1,0.3006,0.436,601182,601140,42,601140,0,1999888,1999748,1023942782,1.0239,1.4079,1.0239,42,0,0.007,0.007,False,39.25,0.0,22.435,0.003,4.54,2,113.5,0.0,0,False,False,601144,1999761,1.0239,38,-4,-0.001,0.006,601173,0,0,0,0.0,29,0.005,-33,18839,32,,0,0,0,False,37.0,46.0,49.0,36.53,7.0,66.0,37.0,0,0,50.0,45.0,36.4,3429,0,0,True,False,False,1572.2,772.8,2.034,0.056,0.212,1.545,1032.3,0.526
template,64,3,2000000,1.024,500,1,0.3003,0.416,600730,600675,55,600675,0,2000161,1999978,1024082776,1.0241,1.4081,1.024,55,0,0.009,0.009,False,75.67,0.0,15.043,0.003,4.74,0,115.6,0.0,0,False,False,600717,2000118,1.0241,13,-42,-0.007,0.002,600701,0,0,0,0.0,-16,-0.003,-26,18802,32,,0,0,0,False,34.0,49.0,57.0,34.31,10.0,77.0,34.0,0,0,50.0,45.0,67.7,3429,0,0,True,False,False,4660.2,1365.2,3.414,0.043,0.196,2.73,1014.4,0.518
modular,64,3,2000000,1.024,500,1,0.3003,0.42,600522,568709,31813,568709,0,1999973,1894023,1023986208,1.024,1.408,0.9697,31813,0,5.298,5.298,False,99.91,0.0,0.0,0.007,4.69,2,122.8,0.0,0,False,False,568640,1893793,0.9696,31882,69,0.011,5.309,568713,0,0,0,0.0,73,0.012,-4,17800,32,,0,0,0,False,147.0,159.0,165.0,147.88,125.0,201.0,147.0,0,0,51.0,45.0,85.3,3476,0,0,True,False,False,6619.1,1835.8,3.606,0.026,0.151,3.477,1123.9,0.512
rxonly,64,3,2500000,1.28,400,1,0.3003,0.424,750468,750468,0,750720,750705,2499252,2500091,1279617402,1.2796,1.7595,1.28,-252,-252,-0.034,0.0,True,59.36,0.01,44.622,0.0,3.57,9,121.4,0.0,0,False,False,,,,,,,,,,,,,,,,0,64,,0,0,0,False,,,,,,,,0,0,50.0,45.0,57.1,3479,0,0,True,False,False,584.8,966.6,0.605,0.03,1.063,2.417,0.5,0.441
baseline,64,3,2500000,1.28,400,1,0.3003,0.422,750643,750643,0,750720,0,2499479,2499736,1279733583,1.2797,1.7596,1.2799,-77,-77,-0.01,0.0,False,30.85,0.01,35.585,0.003,2.65,3,128.0,0.0,0,False,False,750606,2499356,1.2797,37,114,0.015,0.005,750648,0,0,0,0.0,42,0.006,72,11747,64,,0,0,0,False,26.0,32.0,36.0,26.36,11.0,65.0,26.0,0,0,50.0,45.0,32.4,3437,0,0,True,False,False,778.1,541.2,1.438,0.04,0.229,1.353,1017.4,0.541
p1_static,64,3,2500000,1.28,400,1,0.3004,0.423,750825,750825,0,750828,0,2499728,2499738,1279861038,1.2799,1.7598,1.2799,-3,-3,-0.0,0.0,False,44.32,0.0,20.775,0.0,3.03,8,127.2,0.0,0,False,False,750774,2499558,1.2798,51,54,0.007,0.007,750915,0,0,0,0.0,141,0.019,-87,11754,64,,0,0,0,False,36.0,45.0,49.0,36.15,9.0,71.0,36.0,0,0,50.0,44.0,41.6,3433,0,0,True,False,False,1340.2,684.5,1.958,0.055,0.201,1.711,893.8,0.568
hardcoded,64,3,2500000,1.28,400,1,0.3004,0.416,750885,750885,0,751074,0,2499384,2500013,1279684925,1.2797,1.7596,1.28,-189,-189,-0.025,0.0,False,48.26,0.0,20.933,0.0,3.13,5,122.3,0.0,0,False,False,750942,2499574,1.2798,-57,132,0.018,-0.008,751052,0,0,0,0.0,110,0.015,22,11758,64,,0,0,0,False,34.0,44.0,48.0,33.99,7.0,67.0,34.0,0,0,50.0,44.0,45.2,3390,0,0,True,False,False,1546.6,727.5,2.126,0.052,0.199,1.819,873.0,0.582
template,64,3,2500000,1.28,400,1,0.3004,0.425,750634,750634,0,750974,0,2499074,2500206,1279525971,1.2795,1.7593,1.2801,-340,-340,-0.045,0.0,False,92.86,0.0,5.207,0.007,3.02,7,117.5,0.0,0,False,False,750626,2499047,1.2795,8,348,0.046,0.001,751013,0,0,0,0.0,387,0.052,-39,11749,64,,0,0,0,False,29.0,43.0,52.0,29.55,9.0,80.0,29.0,0,0,50.0,45.0,79.0,3450,0,0,True,False,False,4618.0,1296.3,3.562,0.04,0.156,3.241,949.4,0.553
modular,64,3,2500000,1.28,400,1,0.3003,0.423,750543,573994,176549,573994,0,2499562,1911594,1279776028,1.2798,1.7597,0.9787,176549,0,23.523,23.523,False,99.91,0.0,0.0,0.007,3.69,21,278.0,0.0,0,False,False,573906,1911301,0.9786,176637,88,0.012,23.535,574002,0,0,0,0.0,96,0.013,-8,8982,64,,0,0,0,False,142.0,162.0,169.0,144.82,130.0,195.0,142.0,0,0,51.0,45.0,84.8,3493,0,0,True,False,False,6619.3,1822.9,3.631,0.027,0.15,3.485,1021.7,0.558
rxonly,64,3,3000000,1.536,333,1,0.3003,0.425,901482,901482,0,901521,901543,3001969,3002099,1537008579,1.537,2.1134,1.5371,-39,-39,-0.004,0.0,True,65.56,0.0,41.705,0.003,2.57,25,125.1,0.0,0,False,False,,,,,,,,,,,,,,,,0,64,,0,0,0,False,,,,,,,,0,0,50.0,45.0,61.5,3491,0,0,True,False,False,551.5,871.0,0.633,0.036,1.057,2.615,0.6,0.387
baseline,64,3,3000000,1.536,333,1,0.3003,0.416,901445,901406,39,901406,0,3002209,3002079,1537131434,1.5371,2.1136,1.5371,39,0,0.004,0.004,False,36.06,0.0,34.467,0.0,1.95,12,132.4,0.0,0,False,False,901432,3002166,1.5371,13,-26,-0.003,0.001,901444,0,0,0,0.0,12,0.001,-38,14102,64,,0,0,0,False,27.0,32.0,34.0,26.51,9.0,54.0,27.0,0,0,50.0,45.0,37.0,3436,0,0,True,False,False,756.3,511.0,1.48,0.031,0.216,1.534,852.7,0.618
p1_static,64,3,3000000,1.536,333,1,0.3004,0.433,902126,902126,0,902143,0,3002858,3002915,1537463703,1.5375,2.114,1.5375,-17,-17,-0.002,0.0,False,53.36,0.0,20.578,0.007,2.32,19,120.0,0.0,0,False,False,902085,3002722,1.5374,41,58,0.006,0.005,902094,0,0,0,0.0,9,0.001,49,14122,64,,0,0,0,False,31.0,40.0,45.0,30.91,7.0,60.0,31.0,0,0,50.0,45.0,48.1,3401,0,0,True,False,False,1326.6,667.3,1.988,0.03,0.19,2.004,748.1,0.656
hardcoded,64,3,3000000,1.536,333,1,0.3004,0.432,902000,901793,207,901793,0,3003108,3002419,1537591392,1.5376,2.1142,1.5372,207,0,0.023,0.023,False,56.81,0.0,19.74,0.0,2.08,16,126.3,0.0,0,False,False,901935,3002891,1.5375,65,-142,-0.016,0.007,901747,0,0,0,0.0,-188,-0.021,46,14119,64,,0,0,0,False,32.0,42.0,47.0,32.25,8.0,63.0,32.0,0,0,50.0,45.0,50.6,3432,0,0,True,False,False,1529.4,706.8,2.164,0.036,0.188,2.122,799.2,0.61
template,64,3,3000000,1.536,333,1,0.3003,0.419,901684,826598,75086,826598,0,3002514,2752486,1537287576,1.5373,2.1138,1.4093,75086,0,8.327,8.327,False,99.89,0.01,0.0,0.01,2.39,54,159.0,0.0,0,False,False,826550,2752326,1.4092,75134,48,0.005,8.333,826599,0,0,0,0.0,49,0.005,-1,12937,64,,0,0,0,False,100.0,106.0,113.0,99.86,83.0,164.0,100.0,0,0,51.0,46.0,85.7,3477,0,0,True,False,False,4600.6,1259.5,3.653,0.022,0.139,3.467,827.4,0.637
modular,64,3,3000000,1.536,333,1,0.3003,0.419,901194,572600,328594,572600,0,3000690,1906576,1536353481,1.5364,2.1125,0.9762,328594,0,36.462,36.462,False,99.89,0.01,0.0,0.01,3.16,644,359.2,0.0,0,False,False,572438,1906037,0.9759,328756,162,0.018,36.48,572618,0,0,0,0.0,180,0.02,-18,8963,64,,0,0,0,False,139.0,148.0,167.0,141.06,129.0,210.0,139.0,0,0,51.0,46.0,85.6,3475,0,0,True,False,False,6619.6,1825.7,3.626,0.029,0.151,3.481,943.9,0.601
rxonly,64,3,3500000,1.792,286,1,0.3003,0.425,1049486,1049486,0,1049611,1049636,3494917,3495334,1789397960,1.7894,2.4604,1.7896,-125,-125,-0.012,0.0,True,70.62,0.0,39.655,0.0,1.92,33,123.4,0.0,0,False,False,,,,,,,,,,,,,,,,0,64,,0,0,0,False,,,,,,,,0,0,50.0,45.0,65.8,3478,0,0,True,False,False,526.6,792.1,0.665,0.022,0.921,2.769,0.5,0.433
baseline,64,3,3500000,1.792,286,1,0.3004,0.417,1049844,1049844,0,1050066,0,3495056,3495795,1789468704,1.7895,2.4605,1.7898,-222,-222,-0.021,0.0,False,41.03,0.01,34.893,0.01,1.57,24,118.7,0.0,0,False,False,1049826,3494996,1.7894,18,240,0.023,0.002,1050060,0,0,0,0.0,234,0.022,6,16432,64,,0,0,0,False,23.0,28.0,32.0,23.48,8.0,52.0,23.0,0,0,50.0,45.0,40.8,3430,0,0,True,False,False,733.8,485.2,1.512,0.037,0.199,1.696,701.6,0.724
p1_static,64,3,3500000,1.792,286,1,0.3004,0.438,1050051,1050051,0,1050252,0,3495223,3495892,1789554280,1.7896,2.4606,1.7899,-201,-201,-0.019,0.0,False,61.26,0.0,20.594,0.007,1.61,31,121.6,0.0,0,False,False,1049968,3494946,1.7894,83,284,0.027,0.008,1050280,0,0,0,0.0,312,0.03,-28,16442,64,,0,0,0,False,29.0,39.0,44.0,29.05,7.0,60.0,29.0,0,0,50.0,45.0,53.7,3412,0,0,True,False,False,1315.7,647.9,2.031,0.033,0.181,2.265,703.1,0.678
hardcoded,64,3,3500000,1.792,286,1,0.3003,0.423,1049987,1049857,130,1049857,0,3496372,3495939,1790142815,1.7901,2.4614,1.7899,130,0,0.012,0.012,False,65.83,0.0,20.589,0.007,1.62,17,119.8,0.0,0,False,False,1049832,3495856,1.7899,155,25,0.002,0.015,1049679,0,0,0,0.0,-153,-0.015,178,16431,64,,0,0,0,False,27.0,39.0,44.0,27.72,6.0,59.0,27.0,0,0,50.0,45.0,59.2,3409,0,0,True,False,False,1519.2,691.0,2.198,0.024,0.178,2.416,695.3,0.685
template,64,3,3500000,1.792,286,1,0.3003,0.423,1048326,824419,223907,824419,0,3490886,2745284,1787333977,1.7873,2.4576,1.4056,223907,0,21.359,21.359,False,99.89,0.0,0.0,0.01,2.05,1335,330.6,0.0,0,False,False,824483,2745497,1.4057,223843,-64,-0.006,21.352,824430,0,0,0,0.0,-53,-0.005,-11,12904,64,,0,0,0,False,101.0,115.0,120.0,103.43,89.0,155.0,101.0,0,0,51.0,46.0,84.9,3457,0,0,True,False,False,4602.3,1256.9,3.662,0.024,0.135,3.451,802.3,0.686
modular,64,3,3500000,1.792,286,1,0.3004,0.421,1041927,574547,467380,574547,0,3468884,1912837,1776069090,1.7761,2.4421,0.9794,467380,0,44.857,44.857,False,100.2,0.01,0.0,0.01,2.69,4699,437.2,0.0,0,False,False,574446,1912501,0.9792,467481,101,0.01,44.867,574563,0,0,0,0.0,117,0.011,-16,8994,64,,0,0,0,False,153.0,157.0,165.0,153.53,130.0,210.0,153.0,0,0,51.0,46.0,85.1,3484,0,0,True,False,False,6619.8,1817.1,3.643,0.031,0.15,3.476,871.4,0.65
rxonly,64,3,4000000,2.048,250,1,0.3003,0.427,1200369,1200369,0,1200558,1200534,3997060,3997690,2046495214,2.0465,2.8139,2.0468,-189,-189,-0.016,0.0,True,75.82,0.0,36.116,0.0,1.36,51,123.2,0.0,0,False,False,,,,,,,,,,,,,,,,0,64,,0,0,0,False,,,,,,,,0,0,50.0,45.0,68.9,3486,0,0,True,False,False,504.4,729.5,0.691,0.021,0.949,2.916,0.4,0.358
baseline,64,3,4000000,2.048,250,1,0.3003,0.427,1201087,1201087,0,1201175,0,3999360,3999653,2047672409,2.0477,2.8155,2.0478,-88,-88,-0.007,0.0,False,45.81,0.01,34.06,0.003,1.19,31,115.3,0.0,0,False,False,1201081,3999340,2.0477,6,94,0.008,0.0,1201135,0,0,0,0.0,54,0.004,40,18794,64,,0,0,0,False,22.0,27.0,31.0,22.5,8.0,53.0,22.0,0,0,50.0,45.0,44.1,3442,0,0,True,False,False,721.9,465.8,1.55,0.032,0.195,1.863,641.7,0.769
p1_static,64,3,4000000,2.048,250,1,0.3004,0.427,1201142,1201142,0,1201408,0,3998786,3999672,2047378798,2.0474,2.8151,2.0478,-266,-266,-0.022,0.0,False,69.9,0.01,20.421,0.007,1.26,43,113.5,0.0,0,False,False,1201054,3998493,2.0472,88,354,0.029,0.007,1201344,0,0,0,0.0,290,0.024,64,18804,64,,0,0,0,False,24.0,35.0,41.0,24.26,5.0,64.0,24.0,0,0,50.0,45.0,62.2,3394,0,0,True,False,False,1306.8,634.6,2.059,0.024,0.17,2.538,605.3,0.775
hardcoded,64,3,4000000,2.048,250,1,0.3004,0.423,1201086,1201086,0,1201366,0,3998024,3998956,2046988669,2.047,2.8146,2.0475,-280,-280,-0.023,0.0,False,74.25,0.0,17.875,0.003,1.27,49,113.2,0.0,0,False,False,1200994,3997718,2.0468,92,372,0.031,0.008,1201435,0,0,0,0.0,441,0.037,-69,18804,64,,0,0,0,False,23.0,34.0,41.0,23.52,5.0,57.0,23.0,0,0,50.0,45.0,65.8,3408,0,0,True,False,False,1508.4,668.4,2.257,0.025,0.168,2.673,607.3,0.775
template,64,3,4000000,2.048,250,1,0.3003,0.427,1191652,827681,363971,827681,0,3968561,2756428,2031903660,2.0319,2.7939,1.4113,363971,0,30.543,30.543,False,99.9,0.0,0.0,0.01,1.7,4406,342.4,0.0,0,False,False,827600,2756158,1.4112,364052,81,0.007,30.55,827692,0,0,0,0.0,92,0.008,-11,12950,64,,0,0,0,False,103.0,108.0,116.0,103.0,62.0,143.0,103.0,0,0,51.0,46.0,84.1,3453,0,0,True,False,False,4602.5,1252.4,3.675,0.022,0.135,3.452,765.9,0.718
modular,64,3,4000000,2.048,250,1,0.3004,0.424,1171352,576823,594529,576823,0,3898984,1920023,1996280018,1.9963,2.7449,0.9831,594529,0,50.756,50.756,False,99.85,0.0,0.0,0.01,2.24,8778,445.1,0.0,0,False,False,576555,1919131,0.9826,594797,268,0.023,50.779,576851,0,0,0,0.0,296,0.025,-28,9031,64,,0,0,0,False,152.0,156.0,165.0,152.29,140.0,199.0,152.0,0,0,51.0,46.0,84.3,3477,0,0,True,False,False,6619.8,1805.4,3.667,0.029,0.151,3.466,850.2,0.662
rxonly,64,3,5000000,2.56,200,1,0.3003,0.424,1500462,1500462,0,1500693,1500684,4996417,4997186,2558165571,2.5582,3.5175,2.5586,-231,-231,-0.015,0.0,True,75.07,0.01,29.806,0.007,1.01,99,120.4,0.0,0,False,False,,,,,,,,,,,,,,,,0,128,,0,0,0,False,,,,,,,,0,0,50.0,45.0,68.2,3458,0,0,True,False,False,472.8,569.9,0.83,0.014,0.707,2.848,0.3,0.444
baseline,64,3,5000000,2.56,200,1,0.3004,0.429,1501132,1500889,243,1500889,0,4997841,4997032,2558894798,2.5589,3.5185,2.5585,243,0,0.016,0.016,False,56.58,0.0,33.787,0.003,0.84,60,113.3,0.0,0,False,False,1500916,4997122,2.5585,216,-27,-0.002,0.014,1500862,0,0,0,0.0,-54,-0.004,27,11746,128,,0,0,0,False,19.0,25.0,36.0,19.4,6.0,52.0,19.0,0,0,50.0,45.0,52.6,3424,0,0,True,False,False,706.1,441.0,1.601,0.022,0.184,2.204,501.4,0.938
p1_static,64,3,5000000,2.56,200,1,0.3005,0.421,1501521,1501521,0,1501913,0,4997272,4998576,2558603335,2.5586,3.5181,2.5593,-392,-392,-0.026,0.0,False,84.9,0.01,12.058,0.01,0.87,57,107.3,0.0,0,False,False,1501524,4997282,2.5586,-3,389,0.026,-0.0,1501879,0,0,0,0.0,355,0.024,34,11757,128,,0,0,0,False,18.0,29.0,36.0,18.84,5.0,48.0,18.0,0,0,51.0,46.0,74.1,3420,0,0,True,False,False,1287.2,599.5,2.147,0.022,0.15,2.997,504.6,0.945
hardcoded,64,3,5000000,2.56,200,1,0.3004,0.421,1501491,1501491,0,1501785,0,4997913,4998891,2558931531,2.5589,3.5185,2.5594,-294,-294,-0.02,0.0,False,90.4,0.01,7.706,0.01,0.86,108,106.8,0.0,0,False,False,1501437,4997733,2.5588,54,348,0.023,0.004,1501755,0,0,0,0.0,318,0.021,30,11753,128,,0,0,0,False,18.0,30.0,37.0,19.22,5.0,62.0,18.0,0,0,51.0,46.0,78.4,3421,0,0,True,False,False,1486.9,636.0,2.338,0.018,0.149,3.179,524.3,0.925
template,64,3,5000000,2.56,200,1,0.3003,0.427,1411068,833754,577314,833754,0,4698604,2776252,2405685707,2.4057,3.3078,1.4214,577314,0,40.913,40.913,False,99.89,0.01,0.0,0.013,1.23,11210,419.8,0.0,0,True,False,833808,2776432,1.4215,577260,-54,-0.004,40.909,833751,0,0,0,0.0,-57,-0.004,3,6526,128,,0,0,0,False,102.0,107.0,113.0,102.48,91.0,138.0,102.0,0,0,51.0,46.0,83.8,3464,0,0,True,False,False,4602.6,1243.3,3.702,0.024,0.135,3.452,719.7,0.763
modular,64,3,5000000,2.56,200,1,0.3004,0.433,1427241,576381,850860,576381,0,4751714,1918945,2432878015,2.4329,3.3452,0.9825,850860,0,59.616,59.616,False,100.2,0.01,0.0,0.013,1.67,9310,327.9,0.0,0,False,False,576208,1918369,0.9822,851033,173,0.012,59.628,576398,0,0,0,0.0,190,0.013,-17,4511,128,,0,0,0,False,135.0,159.0,166.0,140.0,128.0,206.0,135.0,0,0,51.0,46.0,83.1,3471,0,0,True,False,False,6620.0,1811.4,3.655,0.029,0.151,3.476,782.0,0.72
rxonly,64,3,6000000,3.072,167,1,0.3003,0.425,1796840,1796840,0,1797084,1797116,5983603,5984416,3063605238,3.0636,4.2125,3.064,-244,-244,-0.014,0.0,True,83.0,0.01,21.722,0.01,0.67,223,122.9,0.0,0,False,False,,,,,,,,,,,,,,,,0,128,,0,0,0,False,,,,,,,,0,0,50.0,45.0,73.3,3487,0,0,True,False,False,453.0,511.3,0.886,0.01,0.659,3.06,0.3,0.384
baseline,64,3,6000000,3.072,167,1,0.3004,0.426,1796486,1796486,0,1796811,0,5980236,5981318,3061881205,3.0619,4.2101,3.0624,-325,-325,-0.018,0.0,False,65.88,0.0,27.19,0.007,0.61,90,103.2,0.0,0,False,False,1796514,5980329,3.0619,-28,297,0.017,-0.002,1796947,0,0,0,0.0,433,0.024,-136,14060,128,,0,0,0,False,17.0,28.0,34.0,17.92,4.0,54.0,17.0,0,0,50.0,45.0,60.4,3456,0,0,True,False,False,689.4,419.4,1.644,0.016,0.162,2.508,388.3,1.168
p1_static,64,3,6000000,3.072,167,1,0.3003,0.422,1795242,1794429,813,1794429,0,5978133,5975426,3060804428,3.0608,4.2086,3.0594,813,0,0.045,0.045,False,99.31,0.0,0.483,0.01,0.63,131,97.8,0.0,0,False,False,1794512,5975702,3.0596,730,-83,-0.005,0.041,1794409,0,0,0,0.0,-103,-0.006,20,14041,128,,0,0,0,False,16.0,29.0,44.0,17.73,4.0,65.0,16.0,0,0,51.0,45.0,84.6,3466,0,0,True,False,False,1269.9,577.5,2.199,0.015,0.122,3.451,470.4,1.065
hardcoded,64,3,6000000,3.072,167,1,0.3003,0.422,1778763,1656092,122671,1656092,0,5923077,5514597,3032615746,3.0326,4.1698,2.8235,122671,0,6.896,6.896,False,99.89,0.01,0.0,0.01,0.6,2397,166.6,0.0,0,False,False,1656090,5514590,2.8235,122673,2,0.0,6.897,1656098,0,0,0,0.0,8,0.0,-6,12961,128,,0,0,0,False,51.0,56.0,61.0,51.43,40.0,86.0,51.0,0,0,51.0,45.0,84.8,3376,0,0,True,False,False,1475.3,607.0,2.43,0.016,0.072,3.347,492.6,1.023
template,64,3,6000000,3.072,167,1,0.3003,0.419,1629747,832947,796800,832947,0,5426990,2773679,2778618907,2.7786,3.8206,1.4201,796800,0,48.891,48.891,False,99.89,0.0,0.0,0.01,0.89,14199,411.7,0.0,0,True,False,832896,2773509,1.42,796851,51,0.003,48.894,832962,0,0,0,0.0,66,0.004,-15,6517,128,,0,0,0,False,101.0,105.0,113.0,101.73,90.0,137.0,101.0,0,0,51.0,46.0,85.4,3455,0,0,True,False,False,4602.6,1242.0,3.706,0.023,0.135,3.445,711.8,0.77
modular,64,3,6000000,3.072,167,1,0.3003,0.421,1669678,571212,1098466,571212,0,5559277,1901879,2846350181,2.8464,3.9137,0.9738,1098466,0,65.789,65.789,False,99.88,0.0,0.0,0.01,1.23,12744,342.7,0.0,0,True,False,571136,1901626,0.9736,1098542,76,0.005,65.794,571229,0,0,0,0.0,93,0.006,-17,4471,128,,0,0,0,False,154.0,162.0,175.0,155.63,134.0,206.0,154.0,0,0,51.0,46.0,85.1,3398,0,0,True,False,False,6619.6,1807.9,3.662,0.027,0.151,3.438,741.0,0.758
rxonly,64,3,7000000,3.584,143,1,0.3004,0.422,2098600,2098600,0,2099360,2099289,6985935,6988465,3576799120,3.5768,4.9181,3.5781,-760,-760,-0.036,0.0,True,79.52,0.0,26.381,0.007,0.54,475,125.1,0.0,0,False,False,,,,,,,,,,,,,,,,0,128,,0,0,0,False,,,,,,,,0,0,50.0,45.0,71.7,3470,0,0,True,False,False,448.1,424.8,1.055,0.011,0.46,2.968,0.2,0.392
baseline,64,3,7000000,3.584,143,1,0.3003,0.421,2095695,2095695,0,2095976,0,6978751,6979687,3573120859,3.5731,4.913,3.5736,-281,-281,-0.013,0.0,False,77.48,0.01,18.502,0.01,0.37,283,133.9,0.0,0,False,False,2095683,6978711,3.5731,12,293,0.014,0.001,2095964,0,0,0,0.0,281,0.013,12,16395,128,,0,0,0,False,14.0,25.0,32.0,15.24,3.0,122.0,14.0,0,0,51.0,45.0,69.2,3404,0,0,True,False,False,675.3,401.0,1.684,0.015,0.145,2.799,350.7,1.314
p1_static,64,3,7000000,3.584,143,1,0.3005,0.429,2017695,1847032,170663,1847032,0,6714997,6147022,3438078809,3.4381,4.7274,3.1473,170663,0,8.458,8.458,False,99.83,0.01,0.0,0.013,0.36,7276,259.0,0.0,0,False,False,1847359,6148110,3.1478,170336,-327,-0.016,8.442,1847093,0,0,0,0.0,-266,-0.013,-61,14468,128,,0,0,0,False,45.0,50.0,54.0,45.52,22.0,81.0,45.0,0,0,51.0,46.0,83.8,3464,0,0,True,False,False,1269.7,563.5,2.253,0.016,0.139,3.464,449.2,1.126
hardcoded,64,3,7000000,3.584,143,1,0.3003,0.431,1985797,1719014,266783,1719014,0,6613114,5724672,3385914703,3.3859,4.6556,2.931,266783,0,13.435,13.435,False,99.9,0.01,0.0,0.01,0.37,10496,322.9,0.0,0,True,False,1718977,5724548,2.931,266820,37,0.002,13.436,1718992,0,0,0,0.0,15,0.001,22,13450,128,,0,0,0,False,49.0,53.0,57.0,49.11,40.0,86.0,49.0,0,0,51.0,46.0,83.4,3480,0,0,True,False,False,1476.1,606.6,2.433,0.016,0.133,3.473,466.4,1.103
template,64,3,7000000,3.584,143,1,0.3005,0.426,1853251,831500,1021751,831500,0,6168104,2767449,3158069298,3.1581,4.3423,1.4169,1021751,0,55.133,55.133,False,100.18,0.0,0.0,0.01,0.62,16713,396.8,0.0,0,True,False,831016,2765838,1.4161,1022235,484,0.026,55.159,831538,0,0,0,0.0,522,0.028,-38,6508,128,,0,0,0,False,101.0,105.0,119.0,101.71,71.0,130.0,101.0,0,0,51.0,46.0,84.3,3423,0,0,True,False,False,4603.0,1244.1,3.7,0.026,0.135,3.443,689.9,0.792
modular,64,3,7000000,3.584,143,1,0.3003,0.417,1863342,577581,1285761,577581,0,6205808,1923617,3177373786,3.1774,4.3689,0.9849,1285761,0,69.003,69.003,False,99.91,0.01,0.0,0.01,0.86,15358,340.5,0.0,0,True,False,577594,1923660,0.9849,1285748,-13,-0.001,69.002,577582,0,0,0,0.0,-12,-0.001,-1,4519,128,,0,0,0,False,136.0,160.0,171.0,142.49,127.0,217.0,136.0,0,0,51.0,46.0,85.5,3469,0,0,True,False,False,6619.3,1797.5,3.683,0.028,0.151,3.458,762.3,0.735
rxonly,64,3,8000000,4.096,125,1,0.3002,0.425,2399760,2399574,186,2399574,2399577,7993682,7993063,4092765532,4.0928,5.6276,4.0924,186,0,0.008,0.008,True,78.41,0.01,26.455,0.013,0.4,794,130.0,0.0,0,False,False,,,,,,,,,,,,,,,,0,128,,0,0,0,False,,,,,,,,0,0,51.0,46.0,70.9,3470,0,0,True,False,False,441.6,367.3,1.202,0.009,0.361,2.936,0.2,0.435
baseline,64,3,8000000,4.096,125,1,0.3004,0.422,2377304,2377284,20,2377284,0,7913795,7913728,4051863090,4.0519,5.5713,4.0518,20,0,0.001,0.001,False,89.68,0.0,7.503,0.007,0.18,6674,190.5,0.0,0,False,False,2377103,7913125,4.0515,201,181,0.008,0.008,2377476,0,0,0,0.0,373,0.016,-192,18606,128,,0,0,0,False,14.0,26.0,33.0,15.43,3.0,70.0,14.0,0,0,51.0,46.0,77.7,3393,0,0,True,False,False,664.6,393.9,1.687,0.017,0.13,3.117,353.7,1.396
p1_static,64,3,8000000,4.096,125,1,0.3004,0.425,2188211,1851445,336766,1851445,0,7284263,6163213,3729542727,3.7295,5.1281,3.1556,336766,0,15.39,15.39,False,99.86,0.01,0.0,0.017,0.16,23281,502.3,0.0,0,True,False,1850822,6161140,3.1545,337389,623,0.028,15.418,1851558,0,0,0,0.0,736,0.034,-113,14486,128,,0,0,0,False,46.0,51.0,56.0,45.78,32.0,83.0,46.0,0,0,51.0,45.0,84.4,3438,0,0,True,False,False,1269.8,555.8,2.285,0.016,0.138,3.425,436.6,1.161
hardcoded,64,3,8000000,4.096,125,1,0.3004,0.419,2187943,1702012,485931,1702012,0,7282607,5665177,3728694946,3.7287,5.127,2.9006,485931,0,22.209,22.209,False,99.85,0.01,0.0,0.01,0.22,17862,424.8,0.0,0,True,False,1701214,5662521,2.8992,486729,798,0.036,22.246,1702133,0,0,0,0.0,919,0.042,-121,13323,128,,0,0,0,False,48.0,53.0,58.0,48.62,36.0,85.0,48.0,0,0,51.0,45.0,85.2,3412,0,0,True,False,False,1476.2,596.1,2.476,0.016,0.138,3.377,454.6,1.125
template,64,3,8000000,4.096,125,1,0.3004,0.424,2057511,836250,1221261,836250,0,6850181,2784171,3507292863,3.5073,4.8225,1.4255,1221261,0,59.356,59.356,False,99.87,0.01,0.0,0.017,0.39,21271,422.2,0.0,0,True,False,835997,2783329,1.4251,1221514,253,0.012,59.369,836279,0,0,0,0.0,282,0.014,-29,6544,128,,0,0,0,False,101.0,105.0,111.0,101.08,92.0,143.0,101.0,0,0,51.0,46.0,84.4,3458,0,0,True,False,False,4603.1,1240.0,3.712,0.025,0.135,3.452,687.0,0.796
modular,64,3,8000000,4.096,125,1,0.3004,0.427,2065189,578591,1486598,578591,0,6874963,1926115,3519981541,3.52,4.84,0.9862,1486598,0,71.984,71.984,False,100.19,0.01,0.0,0.01,0.59,18423,342.4,0.0,0,True,False,578368,1925373,0.9858,1486821,223,0.011,71.994,578599,0,0,0,0.0,231,0.011,-8,4528,128,,0,0,0,False,153.0,157.0,169.0,153.69,118.0,205.0,153.0,0,0,52.0,46.0,83.8,3472,0,0,True,False,False,6619.4,1797.1,3.683,0.026,0.151,3.461,769.5,0.731
rxonly,64,3,9000000,4.608,111,1,0.3003,0.421,2702125,2702125,0,2702548,2702421,8997974,8999382,4606962892,4.607,6.3346,4.6077,-423,-423,-0.016,0.0,True,79.88,0.0,23.766,0.01,0.3,2149,143.2,0.0,0,False,False,,,,,,,,,,,,,,,,0,256,,0,0,0,False,,,,,,,,0,0,51.0,46.0,71.5,3450,0,0,True,False,False,434.1,328.2,1.322,0.007,0.303,2.954,0.2,0.39
baseline,64,3,9000000,4.608,111,1,0.3004,0.423,2653780,2653780,0,2654172,0,8833333,8834638,4522666606,4.5227,6.2187,4.5233,-392,-392,-0.015,0.0,False,95.49,0.01,3.152,0.01,0.06,31536,318.6,0.0,0,False,False,2652980,8830670,4.5213,800,1192,0.045,0.03,2654380,0,0,0,0.0,1400,0.053,-208,10383,256,,0,0,0,False,12.0,23.0,32.0,13.26,3.0,55.0,12.0,0,0,51.0,46.0,81.6,3408,0,0,True,False,False,660.0,370.7,1.78,0.015,0.123,3.275,335.1,1.486
p1_static,64,3,9000000,4.608,111,1,0.3005,0.422,2402657,1863319,539338,1863319,0,7996685,6201624,4094303145,4.0943,5.6297,3.1752,539338,0,22.448,22.448,False,99.84,0.0,0.0,0.01,0.08,27060,538.8,0.0,0,True,False,1862944,6200376,3.1746,539713,375,0.016,22.463,1863421,0,0,0,0.0,477,0.02,-102,7294,256,,0,0,0,False,45.0,51.0,56.0,45.49,34.0,69.0,45.0,0,0,51.0,47.0,84.9,3424,0,0,True,False,False,1269.7,550.4,2.307,0.015,0.076,3.413,421.9,1.196
hardcoded,64,3,9000000,4.608,111,1,0.3004,0.421,2266116,1730240,535876,1730240,0,7543264,5759483,3862151305,3.8622,5.3105,2.9489,535876,0,23.647,23.647,False,99.86,0.0,0.0,0.01,0.03,65110,825.3,0.0,0,True,False,1729792,5757992,2.9481,536324,448,0.02,23.667,1730343,0,0,0,0.0,551,0.024,-103,6770,256,,0,0,0,False,51.0,56.0,61.0,50.5,38.0,86.0,51.0,0,0,51.0,47.0,85.0,3430,0,0,True,False,False,1475.7,593.2,2.488,0.014,0.138,3.417,441.9,1.14
template,64,3,9000000,4.608,111,1,0.3003,0.424,2310740,838988,1471752,838988,0,7694463,2793720,3939565378,3.9396,5.4169,1.4304,1471752,0,63.692,63.692,False,99.88,0.01,0.0,0.013,0.21,28732,472.4,0.0,0,True,False,839037,2793884,1.4305,1471703,-49,-0.002,63.69,838974,0,0,0,0.0,-63,-0.003,14,3284,256,,0,0,0,False,104.0,108.0,117.0,104.71,76.0,147.0,104.0,0,0,52.0,46.0,84.6,3450,0,0,True,False,False,4602.3,1235.6,3.725,0.024,0.135,3.452,650.4,0.836
modular,64,3,9000000,4.608,111,1,0.3004,0.421,2397149,582902,1814247,582902,0,7981051,1940710,4086298588,4.0863,5.6187,0.9936,1814247,0,75.684,75.684,False,99.88,0.0,0.0,0.01,0.4,17519,326.3,0.0,0,True,False,582844,1940516,0.9935,1814305,58,0.002,75.686,582935,0,0,0,0.0,91,0.004,-33,2281,256,,0,0,0,False,145.0,149.0,160.0,145.37,140.0,195.0,145.0,0,0,52.0,46.0,84.7,3467,0,0,True,False,False,6619.8,1788.0,3.702,0.026,0.152,3.47,699.2,0.797
rxonly,64,3,10000000,5.12,100,1,0.3003,0.422,2996111,2995818,293,2995818,2995838,9976621,9975646,5108030372,5.108,7.0235,5.1075,293,0,0.01,0.01,True,80.61,0.01,23.013,0.01,0.2,5463,156.3,0.0,0,False,False,,,,,,,,,,,,,,,,0,256,,0,0,0,False,,,,,,,,0,0,51.0,46.0,71.4,3404,0,0,True,False,False,429.1,290.6,1.477,0.007,0.24,2.899,0.2,0.371
baseline,64,3,10000000,5.12,100,1,0.3004,0.421,2883786,2813261,70525,2813261,0,9599727,9364959,4915060317,4.9151,6.7582,4.7949,70525,0,2.446,2.446,False,99.6,0.01,0.17,0.01,0.0,130471,920.8,0.0,0,False,False,2812485,9362375,4.7935,71301,776,0.027,2.472,2813332,0,0,0,0.0,847,0.029,-71,11007,256,,0,0,0,False,30.0,33.0,36.0,29.11,5.0,65.0,30.0,0,0,52.0,46.0,84.7,3416,0,0,True,False,False,656.7,365.3,1.797,0.014,0.095,3.421,324.2,1.55
p1_static,64,3,10000000,5.12,100,1,0.3004,0.421,2383516,1824223,559293,1824223,0,7933170,6071648,4061783134,4.0618,5.585,3.1087,559293,0,23.465,23.465,False,99.72,0.0,0.07,0.01,0.0,167145,1134.5,0.0,0,True,False,1823341,6068712,3.1072,560175,882,0.037,23.502,1824288,0,0,0,0.0,947,0.04,-65,7140,256,,0,0,0,False,46.0,52.0,56.0,46.3,9.0,86.0,46.0,0,0,52.0,46.0,85.3,3312,0,0,True,False,False,1269.7,547.1,2.321,0.016,0.089,3.322,419.5,1.2
hardcoded,64,3,10000000,5.12,100,1,0.3004,0.423,2342492,1733198,609294,1733198,0,7796651,5768703,3991885576,3.9919,5.4888,2.9536,609294,0,26.011,26.011,False,100.17,0.01,0.003,0.01,0.0,166611,1126.2,0.0,0,True,False,1733076,5768297,2.9534,609416,122,0.005,26.016,1733262,0,0,0,0.0,186,0.008,-64,6785,256,,0,0,0,False,49.0,55.0,60.0,49.44,23.0,82.0,49.0,0,0,52.0,46.0,84.6,3335,0,0,True,False,False,1475.6,592.1,2.492,0.015,0.139,3.416,440.4,1.148
template,64,3,10000000,5.12,100,1,0.3004,0.427,2493332,840582,1652750,840582,0,8300790,2798462,4250004919,4.25,5.8438,1.4328,1652750,0,66.287,66.287,False,99.87,0.0,0.0,0.01,0.08,40892,609.7,0.0,0,True,False,840320,2797589,1.4324,1653012,262,0.011,66.297,840618,0,0,0,0.0,298,0.012,-36,3289,256,,0,0,0,False,105.0,108.0,116.0,104.4,88.0,144.0,105.0,0,0,52.0,47.0,83.7,3468,0,0,True,False,False,4603.0,1237.4,3.72,0.023,0.135,3.463,652.9,0.843
modular,64,3,10000000,5.12,100,1,0.3003,0.424,2458077,580321,1877756,580321,0,8185718,1932544,4191087804,4.1911,5.7627,0.9895,1877756,0,76.391,76.391,False,99.89,0.01,0.0,0.01,0.2,39030,492.8,0.0,0,True,False,580267,1932365,0.9894,1877810,54,0.002,76.393,580322,0,0,0,0.0,55,0.002,-1,2271,256,,0,0,0,False,152.0,157.0,169.0,153.34,133.0,216.0,152.0,0,0,52.0,47.0,84.5,3447,0,0,True,False,False,6619.5,1787.5,3.703,0.029,0.151,3.455,770.7,0.727
rxonly,64,3,11000000,5.632,91,1,0.3002,0.425,3292223,3291993,230,3291993,3291997,10965065,10964299,5614113565,5.6141,7.7194,5.6137,230,0,0.007,0.007,True,79.69,0.0,23.694,0.003,0.15,4472,171.7,0.0,0,False,False,,,,,,,,,,,,,,,,0,256,,0,0,0,False,,,,,,,,0,0,51.0,46.0,71.1,3440,0,0,True,False,False,426.3,266.9,1.597,0.006,0.201,2.926,0.1,0.442
baseline,64,3,11000000,5.632,91,1,0.3004,0.417,2795274,2750889,44385,2750889,0,9306158,9158389,4764753170,4.7648,6.5515,4.6891,44385,0,1.588,1.588,False,99.6,0.01,0.133,0.013,0.0,1217924,1434.2,0.0,0,True,False,2750587,9157384,4.6886,44687,302,0.011,1.599,2750574,0,0,0,0.0,-13,-0.0,315,10758,256,,0,0,0,False,30.0,33.0,36.0,28.84,4.0,80.0,30.0,0,0,52.0,46.0,85.2,3365,0,0,True,False,False,657.3,362.9,1.811,0.016,0.089,3.323,343.4,1.499
p1_static,64,3,11000000,5.632,91,1,0.3004,0.427,2498243,1862645,635598,1862645,0,8316066,6200309,4257825954,4.2578,5.8545,3.1746,635598,0,25.442,25.442,False,99.86,0.0,0.0,0.007,0.0,809191,1314.2,0.0,0,True,False,1862288,6199120,3.1739,635955,357,0.014,25.456,1862687,0,0,0,0.0,399,0.016,-42,7290,256,,0,0,0,False,45.0,49.0,54.0,45.2,34.0,80.0,45.0,0,0,52.0,46.0,84.0,3436,0,0,True,False,False,1270.0,554.1,2.292,0.015,0.075,3.436,408.4,1.251
hardcoded,64,3,11000000,5.632,91,1,0.3004,0.426,2371925,1727853,644072,1727853,0,7896266,5752116,4042888563,4.0429,5.559,2.9451,644072,0,27.154,27.154,False,99.87,0.0,0.0,0.007,0.0,511626,1240.1,0.0,0,True,False,1727671,5751510,2.9448,644254,182,0.008,27.162,1727898,0,0,0,0.0,227,0.01,-45,6762,256,,0,0,0,False,49.0,55.0,60.0,49.75,39.0,75.0,49.0,0,0,52.0,46.0,84.2,3432,0,0,True,False,False,1475.5,595.9,2.476,0.015,0.139,3.427,442.9,1.137
template,64,3,11000000,5.632,91,1,0.3003,0.421,2587135,843876,1743259,843876,0,8614839,2810002,4410798018,4.4108,6.0648,1.4387,1743259,0,67.382,67.382,False,100.23,0.0,0.0,0.01,0.02,79981,805.3,0.0,0,True,False,843858,2809942,1.4387,1743277,18,0.001,67.383,843866,0,0,0,0.0,8,0.0,10,3302,256,,0,0,0,False,97.0,101.0,115.0,98.29,78.0,139.0,97.0,0,0,52.0,47.0,85.1,3469,0,0,True,False,False,4602.4,1233.7,3.731,0.024,0.135,3.467,669.0,0.815
modular,64,3,11000000,5.632,91,1,0.3003,0.416,2820042,580158,2239884,580158,0,9389528,1931676,4807438641,4.8074,6.6102,0.989,2239884,0,79.427,79.427,False,99.88,0.0,0.0,0.01,0.08,133134,718.5,0.0,0,True,False,580080,1931417,0.9889,2239962,78,0.003,79.43,580171,0,0,0,0.0,91,0.003,-13,2270,256,,0,0,0,False,150.0,154.0,167.0,150.54,134.0,196.0,150.0,0,0,52.0,47.0,85.6,3469,0,0,True,False,False,6619.3,1788.9,3.7,0.025,0.152,3.456,673.3,0.831
rxonly,64,3,12000000,6.144,83,1,0.3003,0.424,3603121,3603121,0,3603295,3603176,11997029,11997609,6142479229,6.1425,8.4459,6.1428,-174,-174,-0.005,0.0,True,74.17,0.0,27.626,0.007,0.08,6795,203.9,0.0,0,False,False,,,,,,,,,,,,,,,,0,256,,0,0,0,False,,,,,,,,0,0,51.0,46.0,67.4,3467,0,0,True,False,False,425.4,232.3,1.831,0.006,0.145,2.787,0.1,0.398
baseline,64,3,12000000,6.144,83,1,0.3004,0.423,2819312,2806425,12887,2806425,0,9386706,9343800,4805993901,4.806,6.6082,4.784,12887,0,0.457,0.457,False,99.79,0.01,0.193,0.017,0.0,2742751,1326.0,0.0,0,True,False,2805825,9341802,4.783,13487,600,0.021,0.478,2806466,0,0,0,0.0,641,0.023,-41,10979,256,,0,0,0,False,27.0,31.0,35.0,23.78,3.0,61.0,27.0,0,0,52.0,46.0,84.3,3460,0,0,True,False,False,657.7,368.9,1.783,0.016,0.091,3.447,337.8,1.527
p1_static,64,3,12000000,6.144,83,1,0.3005,0.425,2390013,1877354,512659,1877354,0,7954159,6247988,4072529516,4.0725,5.5997,3.199,512659,0,21.45,21.45,False,99.8,0.0,0.02,0.01,0.0,1422309,1263.9,0.0,0,True,False,1876331,6244583,3.1972,513682,1023,0.043,21.493,1877529,0,0,0,0.0,1198,0.05,-175,7347,256,,0,0,0,False,45.0,52.0,55.0,45.54,16.0,79.0,45.0,0,0,52.0,47.0,84.3,3437,0,0,True,False,False,1269.1,551.3,2.302,0.015,0.092,3.445,417.3,1.186
hardcoded,64,3,12000000,6.144,83,1,0.3005,0.424,2478509,1748300,730209,1748300,0,8247380,5817568,4222658924,4.2227,5.8062,2.9786,730209,0,29.462,29.462,False,99.82,0.0,0.0,0.01,0.0,1213786,1216.4,0.0,0,True,False,1747332,5814347,2.9769,731177,968,0.039,29.501,1748433,0,0,0,0.0,1101,0.044,-133,6842,256,,0,0,0,False,49.0,54.0,58.0,48.83,38.0,87.0,49.0,0,0,52.0,47.0,84.5,3454,0,0,True,False,False,1476.3,593.5,2.487,0.017,0.137,3.453,443.0,1.161
template,64,3,12000000,6.144,83,1,0.3004,0.426,2635796,844618,1791178,844618,0,8774840,2811821,4492718395,4.4927,6.1775,1.4397,1791178,0,67.956,67.956,False,99.87,0.0,0.0,0.01,0.0,321538,1026.8,0.0,0,True,False,844224,2810510,1.439,1791572,394,0.015,67.971,844653,0,0,0,0.0,429,0.016,-35,3305,256,,0,0,0,False,103.0,107.0,116.0,103.43,95.0,138.0,103.0,0,0,52.0,47.0,84.1,3457,0,0,True,False,False,4603.0,1227.1,3.751,0.025,0.135,3.45,663.6,0.82
modular,64,3,12000000,6.144,83,1,0.3004,0.431,2817296,581128,2236168,581128,0,9379358,1934694,4802231654,4.8022,6.6031,0.9906,2236168,0,79.373,79.373,False,99.87,0.0,0.0,0.01,0.03,219343,825.1,0.0,0,True,False,581005,1934285,0.9904,2236291,123,0.004,79.377,581144,0,0,0,0.0,139,0.005,-16,2274,256,,0,0,0,False,143.0,146.0,156.0,143.33,133.0,193.0,143.0,0,0,52.0,47.0,83.3,3475,0,0,True,False,False,6619.7,1797.3,3.683,0.025,0.15,3.477,760.7,0.733
modular,64,4,500000,0.256,2000,1,0.3003,0.423,150155,150129,26,150129,0,499999,499913,255999948,0.256,0.352,0.256,26,0,0.017,0.017,False,36.05,0.01,70.943,0.0,35.36,1,73.8,0.0,0,False,False,150149,499979,0.256,6,-20,-0.013,0.004,150127,0,0,0,0.0,-22,-0.015,2,18796,8,,0,0,0,False,16.0,20.0,23.0,15.62,8.0,45.0,16.0,0,0,51.0,46.0,41.4,3465,0,0,True,False,False,7796.7,3616.8,2.156,0.291,1.058,1.808,2662.3,0.589
template,64,4,500000,0.256,2000,1,0.3004,0.424,150179,150179,0,150201,0,499962,500036,255980953,0.256,0.352,0.256,-22,-22,-0.015,0.0,False,28.47,0.01,68.65,0.0,34.18,1,74.7,0.0,0,False,False,150177,499956,0.256,2,24,0.016,0.001,150207,0,0,0,0.0,30,0.02,-6,18803,8,,0,0,0,False,14.0,19.0,23.0,14.48,7.0,49.0,14.0,0,0,51.0,46.0,35.1,3355,0,0,True,False,False,5755.7,2974.5,1.935,0.303,0.913,1.487,2692.3,0.572
hardcoded,64,4,500000,0.256,2000,1,0.3005,0.421,150210,150210,0,150223,0,499941,499984,255970080,0.256,0.352,0.256,-13,-13,-0.009,0.0,False,18.96,0.0,71.062,0.0,35.39,0,72.1,0.0,0,False,False,150214,499954,0.256,-4,9,0.006,-0.003,150232,0,0,0,0.0,18,0.012,-9,18817,8,,0,0,0,False,12.0,17.0,20.0,12.57,5.0,40.0,12.0,0,0,51.0,46.0,27.1,3285,0,0,True,True,True,2661.4,2276.7,1.169,0.303,0.899,1.138,2692.5,0.58
p1_static,64,4,500000,0.256,2000,1,0.3004,0.425,150162,150162,0,150218,0,499888,500074,255942862,0.2559,0.3519,0.256,-56,-56,-0.037,0.0,False,17.73,0.0,71.83,0.0,35.79,0,70.0,0.0,0,False,False,150166,499901,0.2559,-4,52,0.035,-0.003,150226,0,0,0,0.0,60,0.04,-8,18808,8,,0,0,0,False,13.0,17.0,20.0,12.61,5.0,41.0,13.0,0,0,51.0,46.0,25.9,3424,0,0,True,False,False,2476.2,2332.2,1.062,0.303,0.916,1.166,2633.6,0.6
baseline,64,4,500000,0.256,2000,1,0.3003,0.428,150136,150128,8,150128,0,500022,499996,256011701,0.256,0.352,0.256,8,0,0.005,0.005,False,14.26,0.0,68.708,0.0,34.18,0,74.3,0.0,0,False,False,150128,499996,0.256,8,0,0.0,0.005,150121,0,0,0,0.0,-7,-0.005,7,18789,8,,0,0,0,False,12.0,17.0,20.0,12.44,5.0,41.0,12.0,0,0,51.0,46.0,22.3,3445,0,0,True,False,False,1812.0,2052.5,0.883,0.286,0.903,1.026,2555.9,0.601
rxonly,64,4,500000,0.256,2000,1,0.3003,0.429,150140,150140,0,150176,150182,499936,500056,255967593,0.256,0.352,0.256,-36,-36,-0.024,0.0,True,18.78,0.01,73.272,0.0,36.52,0,65.9,0.0,0,False,False,,,,,,,,,,,,,,,,0,8,,0,0,0,False,,,,,,,,0,0,51.0,46.0,26.6,3413,0,0,True,False,False,1575.8,2408.5,0.654,0.119,1.615,1.204,2.5,0.44
modular,64,4,1000000,0.512,1000,1,0.3006,0.423,300555,300555,0,300632,0,999880,1000137,511939047,0.5119,0.7039,0.5121,-77,-77,-0.026,0.0,False,60.78,0.02,45.384,0.003,14.29,0,84.0,0.0,0,False,False,300545,999847,0.5119,10,87,0.029,0.003,300643,0,0,0,0.0,98,0.033,-11,18831,16,,0,0,0,False,25.0,37.0,46.0,26.39,11.0,80.0,25.0,0,0,52.0,46.0,59.2,3406,0,0,True,False,False,7004.8,2422.3,2.892,0.134,0.487,2.423,1520.4,0.559
template,64,4,1000000,0.512,1000,1,0.3003,0.419,300328,300286,42,300286,0,1000055,999915,512028555,0.512,0.704,0.512,42,0,0.014,0.014,False,46.14,0.0,57.4,0.0,13.76,1,93.4,0.0,0,False,False,300312,1000002,0.512,16,-26,-0.009,0.005,300284,0,0,0,0.0,-28,-0.009,2,18798,16,,0,0,0,False,21.0,27.0,32.0,21.53,11.0,74.0,21.0,0,0,51.0,46.0,49.3,3340,0,0,True,False,False,5084.8,2008.5,2.532,0.136,0.496,2.008,1749.4,0.52
hardcoded,64,4,1000000,0.512,1000,1,0.3003,0.426,300344,300344,0,300352,0,1000016,1000043,512008453,0.512,0.704,0.512,-8,-8,-0.003,0.0,False,26.15,0.01,56.919,0.0,13.58,0,96.7,0.0,0,False,False,300338,999996,0.512,6,14,0.005,0.002,300355,0,0,0,0.0,17,0.006,-3,18803,16,,0,0,0,False,18.0,23.0,26.0,18.11,10.0,49.0,18.0,0,0,51.0,46.0,30.8,3457,0,0,True,False,False,1953.9,1354.1,1.443,0.136,0.441,1.354,1766.3,0.512
p1_static,64,4,1000000,0.512,1000,1,0.3004,0.42,300417,300417,0,300436,0,999995,1000059,511997902,0.512,0.704,0.512,-19,-19,-0.006,0.0,False,25.1,0.0,59.92,0.0,14.35,1,89.9,0.0,0,False,False,300412,999979,0.512,5,24,0.008,0.002,300437,0,0,0,0.0,25,0.008,-1,18811,16,,0,0,0,False,17.0,22.0,25.0,16.9,9.0,43.0,17.0,0,0,51.0,46.0,30.9,3424,0,0,True,False,False,1770.5,1337.0,1.324,0.133,0.439,1.337,1705.0,0.544
baseline,64,4,1000000,0.512,1000,1,0.3002,0.432,300265,300229,36,300229,0,1000084,999964,512043330,0.512,0.7041,0.512,36,0,0.012,0.012,False,18.66,0.0,57.854,0.0,13.83,0,95.7,0.0,0,False,False,300256,1000054,0.512,9,-27,-0.009,0.003,300232,0,0,0,0.0,-24,-0.008,-3,18785,16,,0,0,0,False,16.0,21.0,25.0,16.28,8.0,52.0,16.0,0,0,51.0,46.0,24.5,3458,0,0,True,False,False,1141.1,1110.1,1.028,0.233,0.44,1.11,1737.1,0.523
rxonly,64,4,1000000,0.512,1000,1,0.3003,0.419,300280,300250,30,300250,300249,1000077,999977,512039798,0.512,0.7041,0.512,30,0,0.01,0.01,True,31.36,0.0,63.576,0.0,15.29,1,92.5,0.0,0,False,False,,,,,,,,,,,,,,,,0,16,,0,0,0,False,,,,,,,,0,0,51.0,46.0,36.8,3468,0,0,True,False,False,949.2,1596.4,0.595,0.171,1.284,1.596,1.9,0.311
modular,64,4,1500000,0.768,667,1,0.3003,0.423,450237,450167,70,450167,0,1499278,1499045,767630735,0.7676,1.0555,0.7675,70,0,0.016,0.016,False,81.72,0.0,13.14,0.0,7.96,2,102.5,0.0,0,False,False,450243,1499298,0.7676,-6,-76,-0.017,-0.001,450185,0,0,0,0.0,-58,-0.013,-18,14091,32,,0,0,0,False,39.0,58.0,68.0,39.76,12.0,87.0,39.0,0,0,52.0,47.0,71.6,3448,0,0,True,False,False,6689.1,1958.5,3.415,0.091,0.224,2.936,1172.9,0.489
template,64,4,1500000,0.768,667,1,0.3004,0.419,450251,450251,0,450346,0,1499079,1499395,767528686,0.7675,1.0554,0.7677,-95,-95,-0.021,0.0,False,57.43,0.01,19.041,0.007,8.1,1,102.6,0.0,0,False,False,450198,1498903,0.7674,53,148,0.033,0.012,450344,0,0,0,0.0,146,0.032,2,14093,32,,0,0,0,False,41.0,55.0,60.0,41.32,12.0,77.0,41.0,0,0,51.0,47.0,53.0,3436,0,0,True,False,False,4712.8,1434.0,3.287,0.109,0.235,2.15,1123.9,0.499
hardcoded,64,4,1500000,0.768,667,1,0.3005,0.417,450448,450448,0,450627,0,1499007,1499603,767491986,0.7675,1.0553,0.7678,-179,-179,-0.04,0.0,False,34.01,0.0,47.668,0.0,7.2,2,113.8,0.0,0,False,False,450453,1499024,0.7675,-5,174,0.039,-0.001,450657,0,0,0,0.0,204,0.045,-30,14111,32,,0,0,0,False,24.0,29.0,37.0,24.16,10.0,70.0,24.0,0,0,51.0,46.0,37.1,3414,0,0,True,False,False,1737.8,1034.9,1.679,0.155,0.322,1.552,1398.3,0.499
p1_static,64,4,1500000,0.768,667,1,0.3004,0.425,450385,450373,12,450373,0,1499240,1499200,767611163,0.7676,1.0555,0.7676,12,0,0.003,0.003,False,31.98,0.0,48.9,0.0,7.39,2,107.9,0.0,0,False,False,450365,1499173,0.7676,20,8,0.002,0.004,450381,0,0,0,0.0,16,0.004,-8,14102,32,,0,0,0,False,23.0,28.0,34.0,23.27,9.0,58.0,23.0,0,0,51.0,46.0,35.4,3372,0,0,True,False,False,1535.7,989.1,1.553,0.132,0.325,1.483,1347.2,0.523
baseline,64,4,1500000,0.768,667,1,0.3004,0.421,450324,450324,0,450326,0,1499266,1499273,767624622,0.7676,1.0555,0.7676,-2,-2,-0.0,0.0,False,21.64,0.0,47.389,0.0,7.12,2,117.2,0.0,0,False,False,450329,1499283,0.7676,-5,-3,-0.001,-0.001,450347,0,0,0,0.0,18,0.004,-21,14093,32,,0,0,0,False,22.0,27.0,33.0,21.93,11.0,53.0,22.0,0,0,51.0,46.0,26.6,3370,0,0,True,False,False,916.1,753.0,1.217,0.158,0.316,1.129,1403.6,0.496
rxonly,64,4,1500000,0.768,667,1,0.3003,0.42,450232,450232,0,450289,450279,1499215,1499404,767598169,0.7676,1.0554,0.7677,-57,-57,-0.013,0.0,True,40.16,0.0,57.317,0.0,8.8,2,100.5,0.0,0,False,False,,,,,,,,,,,,,,,,0,32,,0,0,0,False,,,,,,,,0,0,51.0,46.0,43.7,3483,0,0,True,False,False,742.1,1235.2,0.601,0.153,1.231,1.852,1.2,0.331
modular,64,4,2000000,1.024,500,1,0.3003,0.425,600573,563340,37233,563340,0,1999869,1875886,1023933424,1.0239,1.4079,0.9605,37233,0,6.2,6.2,False,99.89,0.01,0.0,0.013,4.79,12,123.0,0.0,0,False,False,563362,1875959,0.9605,37211,-22,-0.004,6.196,563337,0,0,0,0.0,-25,-0.004,3,17639,32,,0,0,0,False,147.0,163.0,179.0,149.25,126.0,219.0,147.0,0,0,52.0,47.0,84.3,3422,0,0,True,False,False,6619.1,1825.5,3.626,0.057,0.151,3.424,1125.8,0.516
template,64,4,2000000,1.024,500,1,0.3003,0.418,600589,600589,0,600721,0,1999771,2000211,1023883020,1.0239,1.4078,1.0241,-132,-132,-0.022,0.0,False,75.52,0.0,15.263,0.007,4.56,4,121.6,0.0,0,False,False,600541,1999611,1.0238,48,180,0.03,0.008,600700,0,0,0,0.0,159,0.026,21,18798,32,,0,0,0,False,35.0,49.0,58.0,34.82,9.0,72.0,35.0,0,0,52.0,47.0,67.5,3435,0,0,True,False,False,4662.6,1368.9,3.406,0.094,0.198,2.738,1037.1,0.507
hardcoded,64,4,2000000,1.024,500,1,0.3005,0.426,600755,600755,0,601073,0,1999093,2000151,1023535648,1.0235,1.4074,1.0241,-318,-318,-0.053,0.0,False,39.47,0.0,21.783,0.003,4.39,4,122.5,0.0,0,False,False,600758,1999103,1.0235,-3,315,0.052,-0.0,601110,0,0,0,0.0,352,0.059,-37,18821,32,,0,0,0,False,38.0,47.0,51.0,38.05,12.0,71.0,38.0,0,0,51.0,46.0,37.6,3404,0,0,True,False,False,1570.8,774.5,2.028,0.119,0.211,1.549,1071.3,0.504
p1_static,64,4,2000000,1.024,500,1,0.3004,0.417,600778,600778,0,600877,0,1999850,2000179,1023923329,1.0239,1.4079,1.0241,-99,-99,-0.016,0.0,False,37.11,0.01,24.493,0.007,4.63,2,113.7,0.0,0,False,False,600722,1999663,1.0238,56,155,0.026,0.009,600871,0,0,0,0.0,149,0.025,6,18812,32,,0,0,0,False,36.0,45.0,48.0,35.65,9.0,68.0,36.0,0,0,51.0,46.0,36.5,3401,0,0,True,False,False,1376.1,741.1,1.857,0.075,0.221,1.482,1044.7,0.522
baseline,64,4,2000000,1.024,500,1,0.3003,0.418,600491,600491,0,600545,0,1999661,1999840,1023826509,1.0238,1.4078,1.0239,-54,-54,-0.009,0.0,False,26.24,0.01,43.767,0.0,4.63,5,117.8,0.0,0,False,False,600466,1999577,1.0238,25,79,0.013,0.004,600542,0,0,0,0.0,76,0.013,3,18794,32,,0,0,0,False,25.0,30.0,36.0,25.33,7.0,54.0,25.0,0,0,51.0,46.0,30.2,3392,0,0,True,False,False,834.2,632.0,1.32,0.113,0.27,1.264,1133.6,0.546
rxonly,64,4,2000000,1.024,500,1,0.3003,0.42,600634,600616,18,600616,600602,2000022,1999962,1024011460,1.024,1.408,1.024,18,0,0.003,0.003,True,53.39,0.01,48.516,0.0,5.22,5,116.6,0.0,0,False,False,,,,,,,,,,,,,,,,0,32,,0,0,0,False,,,,,,,,0,0,51.0,46.0,52.7,3474,0,0,True,False,False,639.4,1122.7,0.57,0.09,1.1,2.245,0.8,0.345
modular,64,4,2500000,1.28,400,1,0.3003,0.416,750606,569713,180893,569713,0,2499298,1896977,1279640903,1.2796,1.7595,0.9713,180893,0,24.1,24.1,False,99.89,0.01,0.0,0.01,3.79,26,274.1,0.0,0,False,False,569616,1896654,0.9711,180990,97,0.013,24.113,569724,0,0,0,0.0,108,0.014,-11,8919,64,,0,0,0,False,145.0,165.0,175.0,148.15,132.0,209.0,145.0,0,0,52.0,47.0,85.7,3470,0,0,True,False,False,6619.5,1831.7,3.614,0.052,0.151,3.475,1050.4,0.542
template,64,4,2500000,1.28,400,1,0.3003,0.429,750839,750839,0,750944,0,2499974,2500324,1279987050,1.28,1.76,1.2802,-105,-105,-0.014,0.0,False,92.8,0.0,5.354,0.01,3.02,12,118.2,0.0,0,False,False,750801,2499848,1.2799,38,143,0.019,0.005,750944,0,0,0,0.0,143,0.019,0,11751,64,,0,0,0,False,28.0,42.0,54.0,29.42,9.0,95.0,28.0,0,0,52.0,47.0,78.6,3448,0,0,True,False,False,4617.6,1300.2,3.552,0.056,0.157,3.251,953.9,0.551
hardcoded,64,4,2500000,1.28,400,1,0.3004,0.42,750934,750934,0,751075,0,2499548,2500017,1279768911,1.2798,1.7597,1.28,-141,-141,-0.019,0.0,False,48.44,0.01,20.987,0.01,3.18,10,118.0,0.0,0,False,False,750882,2499375,1.2797,52,193,0.026,0.007,751058,0,0,0,0.0,176,0.023,17,11757,64,,0,0,0,False,35.0,44.0,48.0,34.66,8.0,67.0,35.0,0,0,51.0,46.0,45.7,3322,0,0,True,False,False,1547.1,726.0,2.131,0.067,0.198,1.815,906.7,0.565
p1_static,64,4,2500000,1.28,400,1,0.3004,0.419,750916,750903,13,750903,0,2499882,2499839,1279939826,1.2799,1.7599,1.2799,13,0,0.002,0.002,False,44.34,0.01,20.837,0.003,3.07,8,126.5,0.0,0,False,False,750903,2499839,1.2799,13,0,0.0,0.002,750982,0,0,0,0.0,79,0.011,-79,11758,64,,0,0,0,False,36.0,45.0,49.0,36.21,9.0,66.0,36.0,0,0,51.0,46.0,42.0,3423,0,0,True,False,False,1341.2,684.9,1.958,0.077,0.201,1.712,907.4,0.561
baseline,64,4,2500000,1.28,400,1,0.3003,0.42,750691,750691,0,750886,0,2499709,2500359,1279851422,1.2799,1.7598,1.2802,-195,-195,-0.026,0.0,False,31.17,0.0,36.908,0.0,2.8,5,123.9,0.0,0,False,False,750678,2499666,1.2798,13,208,0.028,0.002,750885,0,0,0,0.0,207,0.028,1,11748,64,,0,0,0,False,25.0,31.0,37.0,25.17,9.0,60.0,25.0,0,0,51.0,46.0,33.0,3412,0,0,True,False,False,784.3,553.5,1.417,0.075,0.236,1.384,982.5,0.562
rxonly,64,4,2500000,1.28,400,1,0.3003,0.421,750657,750657,0,750815,750798,2499350,2499876,1279667503,1.2797,1.7595,1.2799,-158,-158,-0.021,0.0,True,61.08,0.01,44.739,0.003,3.6,22,124.7,0.0,0,False,False,,,,,,,,,,,,,,,,0,64,,0,0,0,False,,,,,,,,0,0,51.0,46.0,58.9,3464,0,0,True,False,False,583.8,993.2,0.588,0.073,0.946,2.483,0.8,0.262
modular,64,4,3000000,1.536,333,1,0.3003,0.418,901247,572054,329193,572054,0,3001453,1905130,1536744190,1.5367,2.113,0.9754,329193,0,36.526,36.526,False,99.9,0.01,0.0,0.01,3.14,133,301.5,0.0,0,False,False,572096,1905270,0.9755,329151,-42,-0.005,36.522,572046,0,0,0,0.0,-50,-0.006,8,8953,64,,0,0,0,False,145.0,149.0,161.0,145.48,134.0,192.0,145.0,0,0,52.0,47.0,85.6,3473,0,0,True,False,False,6618.9,1824.4,3.628,0.058,0.151,3.476,925.9,0.619
template,64,4,3000000,1.536,333,1,0.3003,0.418,901477,835942,65535,835942,0,3001685,2783471,1536863047,1.5369,2.1132,1.4251,65535,0,7.27,7.27,False,99.89,0.01,0.0,0.013,2.38,66,171.5,0.0,0,False,False,835776,2782918,1.4249,65701,166,0.018,7.288,835953,0,0,0,0.0,177,0.02,-11,13084,64,,0,0,0,False,104.0,114.0,122.0,105.61,83.0,154.0,104.0,0,0,52.0,47.0,85.7,3465,0,0,True,False,False,4599.9,1247.1,3.689,0.037,0.14,3.471,835.6,0.622
hardcoded,64,4,3000000,1.536,333,1,0.3004,0.419,901824,901824,0,901884,0,3002289,3002489,1537172405,1.5372,2.1136,1.5373,-60,-60,-0.007,0.0,False,57.01,0.0,19.748,0.003,2.1,21,128.0,0.0,0,False,False,901860,3002409,1.5372,-36,24,0.003,-0.004,901921,0,0,0,0.0,61,0.007,-37,14119,64,,0,0,0,False,32.0,42.0,47.0,32.31,10.0,66.0,32.0,0,0,51.0,47.0,52.6,3414,0,0,True,False,False,1529.3,710.0,2.154,0.066,0.188,2.132,797.8,0.612
p1_static,64,4,3000000,1.536,333,1,0.3004,0.42,902011,902011,0,902183,0,3002478,3003050,1537268946,1.5373,2.1137,1.5376,-172,-172,-0.019,0.0,False,53.28,0.01,20.558,0.007,2.28,15,118.3,0.0,0,False,False,901924,3002188,1.5371,87,259,0.029,0.01,902122,0,0,0,0.0,198,0.022,61,14123,64,,0,0,0,False,31.0,40.0,45.0,31.04,8.0,64.0,31.0,0,0,51.0,47.0,49.2,3413,0,0,True,False,False,1325.9,669.0,1.982,0.061,0.19,2.009,751.7,0.654
baseline,64,4,3000000,1.536,333,1,0.3003,0.417,901800,901777,23,901777,0,3002844,3002767,1537456310,1.5375,2.114,1.5374,23,0,0.003,0.003,False,36.74,0.01,35.326,0.007,2.04,21,131.0,0.0,0,False,False,901773,3002754,1.5374,27,4,0.0,0.003,901769,0,0,0,0.0,-4,-0.0,8,14109,64,,0,0,0,False,26.0,32.0,38.0,26.18,8.0,60.0,26.0,0,0,51.0,46.0,37.6,3337,0,0,True,False,False,753.8,504.1,1.495,0.081,0.216,1.514,836.0,0.624
rxonly,64,4,3000000,1.536,333,1,0.3003,0.425,901585,901555,30,901555,901555,3001962,3001862,1537004895,1.537,2.1134,1.537,30,0,0.003,0.003,True,64.03,0.01,41.84,0.0,2.59,67,128.7,0.0,0,False,False,,,,,,,,,,,,,,,,0,64,,0,0,0,False,,,,,,,,0,0,51.0,46.0,60.9,3472,0,0,True,False,False,546.5,855.6,0.639,0.082,1.078,2.568,0.7,0.256
modular,64,4,3500000,1.792,286,1,0.3003,0.418,1040899,576138,464761,576138,0,3465634,1918230,1774404937,1.7744,2.4398,0.9821,464761,0,44.65,44.65,False,99.88,0.0,0.0,0.01,2.61,4945,439.3,0.0,0,False,False,576002,1917777,0.9819,464897,136,0.013,44.663,576158,0,0,0,0.0,156,0.015,-20,9020,64,,0,0,0,False,149.0,154.0,166.0,149.69,135.0,205.0,149.0,0,0,52.0,47.0,85.4,3465,0,0,True,False,False,6620.2,1810.0,3.657,0.052,0.151,3.472,868.3,0.655
template,64,4,3500000,1.792,286,1,0.3004,0.42,1044685,831956,212729,831956,0,3477482,2769363,1780470874,1.7805,2.4481,1.4179,212729,0,20.363,20.363,False,100.19,0.0,0.0,0.01,2.02,2882,349.8,0.0,0,False,False,831692,2768484,1.4175,212993,264,0.025,20.388,831979,0,0,0,0.0,287,0.027,-23,13023,64,,0,0,0,False,101.0,107.0,116.0,100.94,80.0,143.0,101.0,0,0,52.0,47.0,85.2,3456,0,0,True,False,False,4602.1,1249.8,3.682,0.041,0.136,3.461,820.3,0.667
hardcoded,64,4,3500000,1.792,286,1,0.3005,0.42,1050519,1050351,168,1050351,0,3496435,3495876,1790175121,1.7902,2.4615,1.7899,168,0,0.016,0.016,False,65.77,0.01,21.597,0.003,1.68,38,118.3,0.0,0,False,False,1050440,3496172,1.79,79,-89,-0.008,0.008,1050293,0,0,0,0.0,-147,-0.014,58,16450,64,,0,0,0,False,26.0,38.0,43.0,26.78,6.0,61.0,26.0,0,0,51.0,46.0,60.2,3406,0,0,True,False,False,1522.5,697.4,2.183,0.054,0.182,2.438,681.4,0.705
p1_static,64,4,3500000,1.792,286,1,0.3004,0.419,1050168,1050168,0,1050360,0,3495723,3496362,1789810415,1.7898,2.461,1.7901,-192,-192,-0.018,0.0,False,61.45,0.01,20.378,0.007,1.61,32,123.4,0.0,0,False,False,1050157,3495686,1.7898,11,203,0.019,0.001,1050422,0,0,0,0.0,265,0.025,-62,16445,64,,0,0,0,False,29.0,39.0,44.0,29.23,6.0,64.0,29.0,0,0,51.0,46.0,56.4,3394,0,0,True,False,False,1315.6,649.5,2.026,0.049,0.18,2.271,704.2,0.677
baseline,64,4,3500000,1.792,286,1,0.3003,0.42,1049806,1049806,0,1050089,0,3495616,3496558,1789755684,1.7898,2.4609,1.7902,-283,-283,-0.027,0.0,False,40.96,0.01,33.9,0.0,1.5,36,125.3,0.0,0,False,False,1049839,3495726,1.7898,-33,250,0.024,-0.003,1050123,0,0,0,0.0,284,0.027,-34,16430,64,,0,0,0,False,25.0,29.0,35.0,24.74,8.0,56.0,25.0,0,0,51.0,46.0,40.7,3430,0,0,True,False,False,733.0,484.9,1.512,0.055,0.204,1.695,744.3,0.681
rxonly,64,4,3500000,1.792,286,1,0.3003,0.417,1049394,1049394,0,1049401,1049345,3494889,3494912,1789383363,1.7894,2.4604,1.7894,-7,-7,-0.001,0.0,True,68.35,0.01,39.235,0.003,1.9,69,125.9,0.0,0,False,False,,,,,,,,,,,,,,,,0,64,,0,0,0,False,,,,,,,,0,0,51.0,46.0,65.3,3466,0,0,True,False,False,524.1,771.0,0.68,0.056,0.987,2.695,0.7,0.385
modular,64,4,4000000,2.048,250,1,0.3003,0.421,1169310,558751,610559,558751,0,3893271,1860387,1993354932,1.9934,2.7409,0.9525,610559,0,52.215,52.215,False,99.88,0.01,0.0,0.02,2.26,9240,482.3,0.0,0,False,False,558643,1860027,0.9523,610667,108,0.009,52.225,558769,0,0,0,0.0,126,0.011,-18,8747,64,,0,0,0,False,147.0,163.0,169.0,151.34,129.0,198.0,147.0,0,0,52.0,47.0,85.0,3380,0,0,True,False,False,6619.9,1804.2,3.669,0.041,0.151,3.357,856.0,0.662
template,64,4,4000000,2.048,250,1,0.3003,0.421,1173503,834429,339074,834429,0,3907223,2778263,2000498315,2.0005,2.7507,1.4225,339074,0,28.894,28.894,False,99.88,0.01,0.0,0.01,1.63,7590,436.0,0.0,0,False,False,834557,2778689,1.4227,338946,-128,-0.011,28.883,834425,0,0,0,0.0,-132,-0.011,4,13062,64,,0,0,0,False,101.0,105.0,114.0,100.72,88.0,157.0,101.0,0,0,52.0,47.0,85.0,3480,0,0,True,False,False,4602.4,1252.8,3.674,0.046,0.135,3.481,799.4,0.693
hardcoded,64,4,4000000,2.048,250,1,0.3004,0.417,1201046,1201046,0,1201103,0,3997880,3998069,2046914576,2.0469,2.8145,2.047,-57,-57,-0.005,0.0,False,75.53,0.0,17.256,0.003,1.32,85,112.9,0.0,0,False,False,1201044,3997873,2.0469,2,59,0.005,0.0,1201119,0,0,0,0.0,75,0.006,-16,18806,64,,0,0,0,False,22.0,34.0,41.0,23.07,5.0,61.0,22.0,0,0,52.0,47.0,68.2,3373,0,0,True,False,False,1507.7,678.2,2.223,0.053,0.167,2.712,602.9,0.786
p1_static,64,4,4000000,2.048,250,1,0.3004,0.427,1201117,1201045,72,1201045,0,3998315,3998076,2047137671,2.0471,2.8148,2.047,72,0,0.006,0.006,False,70.69,0.0,19.62,0.007,1.3,30,113.4,0.0,0,False,False,1200949,3997756,2.0469,168,96,0.008,0.014,1201044,0,0,0,0.0,95,0.008,1,18805,64,,0,0,0,False,24.0,36.0,42.0,24.73,5.0,60.0,24.0,0,0,51.0,47.0,62.7,3351,0,0,True,False,False,1306.8,633.5,2.063,0.021,0.169,2.533,611.2,0.771
baseline,64,4,4000000,2.048,250,1,0.3003,0.423,1200891,1200852,39,1200852,0,3999091,3998961,2047534606,2.0475,2.8154,2.0475,39,0,0.003,0.003,False,46.09,0.01,33.684,0.0,1.17,27,117.9,0.0,0,False,False,1200845,3998937,2.0475,46,7,0.001,0.004,1200874,0,0,0,0.0,29,0.002,-22,18790,64,,0,0,0,False,22.0,27.0,32.0,22.48,6.0,58.0,22.0,0,0,51.0,47.0,44.6,3448,0,0,True,False,False,721.0,466.2,1.546,0.026,0.196,1.864,658.1,0.748
rxonly,64,4,4000000,2.048,250,1,0.3003,0.432,1200787,1200787,0,1201156,1201152,3998378,3999607,2047169813,2.0472,2.8149,2.0478,-369,-369,-0.031,0.0,True,76.48,0.01,32.093,0.007,1.38,40,121.6,0.0,0,False,False,,,,,,,,,,,,,,,,0,64,,0,0,0,False,,,,,,,,0,0,51.0,47.0,68.2,3376,0,0,True,False,False,498.5,700.6,0.712,0.017,0.919,2.802,0.4,0.4
modular,64,4,5000000,2.56,200,1,0.3003,0.419,1425547,576031,849516,576031,0,4746434,1917925,2430174306,2.4302,3.3415,0.982,849516,0,59.592,59.592,False,100.22,0.0,0.0,0.007,1.68,9648,343.4,0.0,0,True,False,576003,1917832,0.9819,849544,28,0.002,59.594,576037,0,0,0,0.0,34,0.002,-6,4509,128,,0,0,0,False,153.0,157.0,171.0,153.18,132.0,201.0,153.0,0,0,52.0,47.0,85.4,3463,0,0,True,False,False,6619.6,1807.8,3.662,0.027,0.152,3.467,789.5,0.714
template,64,4,5000000,2.56,200,1,0.3003,0.421,1430569,830845,599724,830845,0,4763582,2766590,2438954085,2.439,3.3536,1.4165,599724,0,41.922,41.922,False,99.89,0.0,0.0,0.01,1.21,11911,435.5,0.0,0,False,False,830832,2766547,1.4165,599737,13,0.001,41.923,830844,0,0,0,0.0,12,0.001,1,6503,128,,0,0,0,False,94.0,101.0,114.0,95.77,87.0,145.0,94.0,0,0,52.0,47.0,84.8,3466,0,0,True,False,False,4602.5,1251.5,3.678,0.023,0.135,3.462,715.0,0.77
hardcoded,64,4,5000000,2.56,200,1,0.3004,0.428,1500713,1500560,153,1500560,0,4995793,4995283,2557846017,2.5578,3.517,2.5576,153,0,0.01,0.01,False,90.57,0.0,7.364,0.007,0.83,54,109.0,0.0,0,False,False,1500684,4995696,2.5578,29,-124,-0.008,0.002,1500448,0,0,0,0.0,-236,-0.016,112,11747,128,,0,0,0,False,18.0,29.0,37.0,19.25,5.0,55.0,18.0,0,0,52.0,47.0,77.0,3417,0,0,True,False,False,1486.5,629.3,2.362,0.018,0.148,3.144,515.3,0.941
p1_static,64,4,5000000,2.56,200,1,0.3004,0.422,1500814,1500814,0,1500876,0,4996146,4996352,2558027058,2.558,3.5173,2.5581,-62,-62,-0.004,0.0,False,84.68,0.01,11.984,0.01,0.86,44,107.7,0.0,0,False,False,1500779,4996030,2.558,35,97,0.006,0.002,1500896,0,0,0,0.0,117,0.008,-20,11748,128,,0,0,0,False,18.0,30.0,37.0,19.28,5.0,58.0,18.0,0,0,52.0,47.0,74.5,3374,0,0,True,False,False,1287.0,596.4,2.158,0.018,0.15,2.98,509.8,0.931
baseline,64,4,5000000,2.56,200,1,0.3003,0.432,1501075,1501075,0,1501194,0,4997938,4998334,2558944428,2.5589,3.5185,2.5591,-119,-119,-0.008,0.0,False,56.02,0.01,32.197,0.003,0.83,45,114.2,0.0,0,False,False,1501020,4997755,2.5589,55,174,0.012,0.004,1501234,0,0,0,0.0,214,0.014,-40,11745,128,,0,0,0,False,19.0,28.0,36.0,19.89,5.0,50.0,19.0,0,0,52.0,46.0,51.9,3429,0,0,True,False,False,706.2,438.6,1.61,0.023,0.185,2.192,488.7,0.962
rxonly,64,4,5000000,2.56,200,1,0.3002,0.424,1500732,1500691,41,1500691,1500745,4998443,4998306,2559202834,2.5592,3.5189,2.5591,41,0,0.003,0.003,True,75.67,0.01,31.352,0.007,1.01,75,120.9,0.0,0,False,False,,,,,,,,,,,,,,,,0,128,,0,0,0,False,,,,,,,,0,0,51.0,46.0,68.5,3476,0,0,True,False,False,476.5,575.0,0.829,0.015,0.712,2.874,0.3,0.365
modular,64,4,6000000,3.072,167,1,0.3004,0.429,1644442,580317,1064125,580317,0,5473719,1931653,2802544248,2.8025,3.8535,0.989,1064125,0,64.71,64.71,False,99.85,0.01,0.0,0.013,1.13,12955,357.0,0.0,0,True,False,580032,1930704,0.9885,1064410,285,0.017,64.728,580339,0,0,0,0.0,307,0.019,-22,4543,128,,0,0,0,False,139.0,162.0,168.0,146.1,131.0,206.0,139.0,0,0,52.0,47.0,83.4,3473,0,0,True,False,False,6619.7,1800.7,3.676,0.028,0.152,3.478,741.8,0.762
template,64,4,6000000,3.072,167,1,0.3003,0.424,1678292,830699,847593,830699,0,5588529,2766137,2861327316,2.8613,3.9343,1.4163,847593,0,50.503,50.503,False,100.21,0.0,0.0,0.007,0.94,12466,351.3,0.0,0,True,False,830650,2765974,1.4162,847642,49,0.003,50.506,830706,0,0,0,0.0,56,0.003,-7,6500,128,,0,0,0,False,94.0,108.0,115.0,96.36,86.0,133.0,94.0,0,0,52.0,47.0,84.5,3463,0,0,True,False,False,4602.5,1246.4,3.693,0.023,0.135,3.448,677.5,0.81
hardcoded,64,4,6000000,3.072,167,1,0.3005,0.423,1770737,1679208,91529,1679208,0,5893614,5588974,3017530592,3.0175,4.1491,2.8616,91529,0,5.169,5.169,False,99.82,0.01,0.003,0.013,0.57,3408,198.5,0.0,0,False,False,1679007,5588305,2.8612,91730,201,0.011,5.18,1679203,0,0,0,0.0,196,0.011,5,13147,128,,0,0,0,False,50.0,57.0,64.0,50.85,16.0,79.0,50.0,0,0,52.0,47.0,84.6,3372,0,0,True,False,False,1475.5,597.2,2.471,0.016,0.139,3.338,484.7,1.051
p1_static,64,4,6000000,3.072,167,1,0.3004,0.423,1794896,1794896,0,1794976,0,5974534,5974800,3058961573,3.059,4.2061,3.0591,-80,-80,-0.004,0.0,False,97.85,0.0,1.651,0.01,0.6,236,105.9,0.0,0,False,False,1794423,5972959,3.0582,473,553,0.031,0.026,1795011,0,0,0,0.0,588,0.033,-35,14050,128,,0,0,0,False,16.0,28.0,41.0,17.75,4.0,67.0,16.0,0,0,52.0,47.0,83.3,3450,0,0,True,False,False,1271.7,569.0,2.235,0.017,0.128,3.4,466.9,1.069
baseline,64,4,6000000,3.072,167,1,0.3004,0.417,1796529,1796529,0,1797017,0,5980491,5982116,3062011732,3.062,4.2103,3.0628,-488,-488,-0.027,0.0,False,65.22,0.0,26.948,0.003,0.57,144,115.2,0.0,0,False,False,1796459,5980258,3.0619,70,558,0.031,0.004,1797006,0,0,0,0.0,547,0.03,11,14062,128,,0,0,0,False,17.0,28.0,34.0,18.42,4.0,47.0,17.0,0,0,52.0,47.0,60.9,3429,0,0,True,False,False,689.5,411.9,1.674,0.018,0.162,2.464,385.7,1.174
rxonly,64,4,6000000,3.072,167,1,0.3003,0.424,1797046,1797046,0,1797347,1797325,5984248,5985250,3063935311,3.0639,4.2129,3.0644,-301,-301,-0.017,0.0,True,80.24,0.01,24.512,0.01,0.71,187,123.1,0.0,0,False,False,,,,,,,,,,,,,,,,0,128,,0,0,0,False,,,,,,,,0,0,52.0,47.0,71.6,3472,0,0,True,False,False,455.3,498.8,0.913,0.011,0.612,2.985,0.2,0.426
modular,64,4,7000000,3.584,143,1,0.3004,0.431,1918002,578669,1339333,578669,0,6384068,1926099,3268643198,3.2686,4.4944,0.9862,1339333,0,69.83,69.83,False,99.85,0.01,0.0,0.01,0.88,12645,295.7,0.0,0,True,False,578529,1925633,0.9859,1339473,140,0.007,69.837,578693,0,0,0,0.0,164,0.009,-24,4531,128,,0,0,0,False,135.0,159.0,172.0,142.59,126.0,208.0,135.0,0,0,52.0,46.0,83.7,3464,0,0,True,False,False,6619.7,1799.0,3.68,0.03,0.151,3.465,718.4,0.78
template,64,4,7000000,3.584,143,1,0.3003,0.43,1849547,839830,1009717,839830,0,6158873,2796580,3153343288,3.1533,4.3358,1.4318,1009717,0,54.593,54.593,False,99.89,0.01,0.0,0.01,0.63,16717,394.6,0.0,0,True,False,839661,2796017,1.4316,1009886,169,0.009,54.602,839850,0,0,0,0.0,189,0.01,-20,6571,128,,0,0,0,False,101.0,104.0,112.0,100.91,72.0,135.0,101.0,0,0,52.0,46.0,83.5,3463,0,0,True,False,False,4602.8,1235.9,3.724,0.024,0.135,3.456,692.2,0.791
hardcoded,64,4,7000000,3.584,143,1,0.3004,0.435,1988640,1726688,261952,1726688,0,6620208,5748167,3389546866,3.3895,4.6606,2.9431,261952,0,13.172,13.172,False,99.83,0.0,0.017,0.007,0.39,9974,323.3,0.0,0,True,False,1725716,5744931,2.9414,262924,972,0.049,13.221,1726799,0,0,0,0.0,1083,0.054,-111,13511,128,,0,0,0,False,49.0,54.0,58.0,49.29,14.0,203.0,49.0,0,0,52.0,47.0,82.4,3451,0,0,True,False,False,1476.2,600.0,2.46,0.017,0.138,3.449,466.6,1.103
p1_static,64,4,7000000,3.584,143,1,0.3004,0.418,2038855,1848275,190580,1848275,0,6786205,6151871,3474537266,3.4745,4.7775,3.1498,190580,0,9.347,9.347,False,99.83,0.01,0.007,0.01,0.36,5692,232.9,0.0,0,False,False,1848073,6151199,3.1494,190782,202,0.01,9.357,1848433,0,0,0,0.0,360,0.018,-158,14472,128,,0,0,0,False,45.0,49.0,54.0,45.03,15.0,75.0,45.0,0,0,52.0,47.0,85.3,3461,0,0,True,False,False,1269.9,562.7,2.257,0.015,0.138,3.462,447.4,1.145
baseline,64,4,7000000,3.584,143,1,0.3003,0.422,2095939,2095939,0,2096151,0,6978333,6979039,3572906933,3.5729,4.9127,3.5733,-212,-212,-0.01,0.0,False,75.64,0.0,18.342,0.01,0.33,225,136.4,0.0,0,False,False,2095830,6977970,3.5727,109,321,0.015,0.005,2096003,0,0,0,0.0,173,0.008,148,16402,128,,0,0,0,False,14.0,25.0,33.0,15.47,3.0,121.0,14.0,0,0,52.0,47.0,67.4,3437,0,0,True,False,False,675.6,394.1,1.715,0.015,0.147,2.75,340.7,1.362
rxonly,64,4,7000000,3.584,143,1,0.3003,0.428,2097653,2097653,0,2097787,2097702,6985208,6985655,3576426907,3.5764,4.9176,3.5767,-134,-134,-0.006,0.0,True,77.83,0.01,26.304,0.007,0.54,662,125.6,0.0,0,False,False,,,,,,,,,,,,,,,,0,128,,0,0,0,False,,,,,,,,0,0,52.0,47.0,69.7,3482,0,0,True,False,False,448.2,417.3,1.074,0.011,0.438,2.915,0.2,0.419
modular,64,4,8000000,4.096,125,1,0.3003,0.423,2147593,581274,1566319,581274,0,7151988,1935778,3661818357,3.6618,5.035,0.9911,1566319,0,72.934,72.934,False,99.9,0.01,0.0,0.01,0.57,14196,305.0,0.0,0,True,False,581296,1935852,0.9912,1566297,-22,-0.001,72.933,581274,0,0,0,0.0,-22,-0.001,0,4549,128,,0,0,0,False,158.0,165.0,173.0,151.75,132.0,209.0,158.0,0,0,52.0,47.0,84.5,3479,0,0,True,False,False,6619.1,1795.8,3.686,0.026,0.151,3.476,708.0,0.793
template,64,4,8000000,4.096,125,1,0.3003,0.43,2068133,840511,1227622,840511,0,6886934,2798922,3526110450,3.5261,4.8484,1.433,1227622,0,59.359,59.359,False,99.89,0.01,0.0,0.01,0.37,19375,402.8,0.0,0,True,False,840524,2798965,1.4331,1227609,-13,-0.001,59.358,840501,0,0,0,0.0,-23,-0.001,10,6577,128,,0,0,0,False,93.0,97.0,112.0,93.97,86.0,150.0,93.0,0,0,52.0,47.0,83.6,3480,0,0,True,False,False,4602.6,1239.9,3.712,0.024,0.134,3.47,669.8,0.819
hardcoded,64,4,8000000,4.096,125,1,0.3005,0.423,2148092,1724472,423620,1724472,0,7149074,5739223,3660326341,3.6603,5.0329,2.9385,423620,0,19.721,19.721,False,99.82,0.0,0.003,0.007,0.19,21493,490.0,0.0,0,True,False,1724000,5737652,2.9377,424092,472,0.022,19.743,1724580,0,0,0,0.0,580,0.027,-108,13498,128,,0,0,0,False,49.0,55.0,59.0,49.4,19.0,86.0,49.0,0,0,52.0,47.0,84.6,3447,0,0,True,False,False,1476.0,601.3,2.455,0.016,0.138,3.451,452.2,1.133
p1_static,64,4,8000000,4.096,125,1,0.3004,0.425,2203267,1880369,322898,1880369,0,7333344,6258611,3754672134,3.7547,5.1627,3.2044,322898,0,14.655,14.655,False,99.81,0.01,0.02,0.01,0.19,16269,410.0,0.0,0,True,False,1880227,6258139,3.2042,323040,142,0.006,14.662,1880363,0,0,0,0.0,136,0.006,6,14720,128,,0,0,0,False,45.0,49.0,54.0,44.8,14.0,74.0,45.0,0,0,52.0,47.0,84.5,3458,0,0,True,False,False,1269.8,552.7,2.297,0.022,0.135,3.459,432.6,1.177
baseline,64,4,8000000,4.096,125,1,0.3004,0.422,2374856,2374835,21,2374835,0,7904905,7904835,4047311452,4.0473,5.5651,4.0473,21,0,0.001,0.001,False,86.13,0.01,10.435,0.007,0.17,7398,202.1,0.0,0,False,False,2374464,7903600,4.0466,392,371,0.016,0.017,2374905,0,0,0,0.0,441,0.019,-70,18588,128,,0,0,0,False,14.0,25.0,33.0,14.99,3.0,63.0,14.0,0,0,52.0,47.0,75.1,3423,0,0,True,False,False,666.8,385.1,1.732,0.03,0.134,3.044,339.8,1.43
rxonly,64,4,8000000,4.096,125,1,0.3004,0.421,2399131,2399131,0,2399460,2399489,7987778,7988873,4089742541,4.0897,5.6234,4.0903,-329,-329,-0.014,0.0,True,79.07,0.01,25.886,0.01,0.38,1226,137.5,0.0,0,False,False,,,,,,,,,,,,,,,,0,128,,0,0,0,False,,,,,,,,0,0,52.0,47.0,71.2,3460,0,0,True,False,False,440.8,369.0,1.194,0.021,0.348,2.948,0.3,0.292
modular,64,4,9000000,4.608,111,1,0.3003,0.417,2355430,577760,1777670,577760,0,7843065,1923814,4015649770,4.0156,5.5215,0.985,1777670,0,75.471,75.471,False,99.88,0.01,0.0,0.01,0.38,19194,348.6,0.0,0,True,False,577674,1923527,0.9848,1777756,86,0.004,75.475,577772,0,0,0,0.0,98,0.004,-12,2261,256,,0,0,0,False,157.0,161.0,175.0,157.29,135.0,203.0,157.0,0,0,53.0,47.0,85.5,3467,0,0,True,False,False,6619.4,1802.1,3.673,0.05,0.151,3.467,721.4,0.778
template,64,4,9000000,4.608,111,1,0.3003,0.417,2253495,839063,1414432,839063,0,7503463,2793828,3841773508,3.8418,5.2824,1.4304,1414432,0,62.766,62.766,False,100.21,0.01,0.0,0.013,0.22,27667,473.9,0.0,0,True,False,838917,2793342,1.4302,1414578,146,0.006,62.773,839079,0,0,0,0.0,162,0.007,-16,3284,256,,0,0,0,False,104.0,108.0,117.0,104.18,96.0,145.0,104.0,0,0,52.0,47.0,85.6,3465,0,0,True,False,False,4602.8,1235.7,3.725,0.046,0.135,3.452,689.4,0.794
hardcoded,64,4,9000000,4.608,111,1,0.3005,0.421,2312951,1738991,573960,1738991,0,7698250,5787925,3941504389,3.9415,5.4196,2.9634,573960,0,24.815,24.815,False,99.84,0.01,0.0,0.01,0.05,40828,709.5,0.0,0,True,False,1738928,5787716,2.9633,574023,63,0.003,24.818,1739087,0,0,0,0.0,159,0.007,-96,6807,256,,0,0,0,False,49.0,54.0,59.0,48.81,35.0,78.0,49.0,0,0,52.0,47.0,85.0,3459,0,0,True,False,False,1476.0,596.2,2.476,0.028,0.138,3.451,445.8,1.143
p1_static,64,4,9000000,4.608,111,1,0.3004,0.42,2301682,1859553,442129,1859553,0,7662402,6190535,3923150014,3.9232,5.3943,3.1696,442129,0,19.209,19.209,False,100.17,0.01,0.01,0.01,0.06,37695,671.2,0.0,0,True,False,1858998,6188687,3.1686,442684,555,0.024,19.233,1859629,0,0,0,0.0,631,0.027,-76,7277,256,,0,0,0,False,45.0,52.0,57.0,45.69,28.0,126.0,45.0,0,0,52.0,47.0,85.1,3386,0,0,True,False,False,1269.0,542.4,2.34,0.022,0.093,3.358,424.3,1.17
baseline,64,4,9000000,4.608,111,1,0.3005,0.417,2659984,2659984,0,2660026,0,8853186,8853326,4532831421,4.5328,6.2326,4.5329,-42,-42,-0.002,0.0,False,95.75,0.01,3.072,0.01,0.05,22036,294.3,0.0,0,False,False,2658798,8849239,4.5308,1186,1228,0.046,0.045,2660078,0,0,0,0.0,1280,0.048,-52,10407,256,,0,0,0,False,11.0,22.0,32.0,12.77,3.0,64.0,11.0,0,0,52.0,47.0,82.4,3440,0,0,True,False,False,660.1,374.3,1.763,0.028,0.123,3.314,335.3,1.495
rxonly,64,4,9000000,4.608,111,1,0.3003,0.418,2698214,2698214,0,2698585,2698530,8984083,8985319,4599850888,4.5999,6.3248,4.6005,-371,-371,-0.014,0.0,True,74.93,0.01,29.148,0.01,0.27,1990,145.8,0.0,0,False,False,,,,,,,,,,,,,,,,0,256,,0,0,0,False,,,,,,,,0,0,52.0,47.0,69.1,3477,0,0,True,False,False,437.7,315.7,1.387,0.018,0.265,2.836,0.2,0.314
modular,64,4,10000000,5.12,100,1,0.3004,0.424,2624167,571146,2053021,571146,0,8735623,1901295,4472639449,4.4726,6.1499,0.9735,2053021,0,78.235,78.235,False,99.86,0.01,0.0,0.01,0.26,23544,384.7,0.0,0,True,False,571024,1900889,0.9733,2053143,122,0.005,78.24,571156,0,0,0,0.0,132,0.005,-10,2235,256,,0,0,0,False,155.0,166.0,181.0,150.5,128.0,209.0,155.0,0,0,53.0,47.0,84.6,3441,0,0,True,False,False,6619.4,1801.9,3.674,0.073,0.135,3.426,702.9,0.8
template,64,4,10000000,5.12,100,1,0.3004,0.422,2564628,845541,1719087,845541,0,8538375,2815046,4371648364,4.3716,6.011,1.4413,1719087,0,67.031,67.031,False,99.87,0.0,0.0,0.01,0.12,30522,463.2,0.0,0,True,False,845255,2814094,1.4408,1719373,286,0.011,67.042,845567,0,0,0,0.0,312,0.012,-26,3309,256,,0,0,0,False,98.0,101.0,110.0,97.81,89.0,135.0,98.0,0,0,53.0,47.0,85.1,3468,0,0,True,False,False,4603.0,1231.2,3.739,0.044,0.072,3.466,640.2,0.851
hardcoded,64,4,10000000,5.12,100,1,0.3004,0.418,2424908,1701962,722946,1701962,0,8071276,5664959,4132493596,4.1325,5.6822,2.9005,722946,0,29.813,29.813,False,100.09,0.01,0.033,0.017,0.01,110830,939.1,0.0,0,True,False,1701430,5663188,2.8996,723478,532,0.022,29.835,1701998,0,0,0,0.0,568,0.023,-36,6661,256,,0,0,0,False,50.0,56.0,61.0,49.98,16.0,154.0,50.0,0,0,52.0,47.0,85.4,3378,0,0,True,False,False,1475.9,590.1,2.501,0.027,0.106,3.343,450.2,1.127
p1_static,64,4,10000000,5.12,100,1,0.3005,0.417,2423443,1834264,589179,1834264,0,8064769,6104091,4129162148,4.1292,5.6776,3.1253,589179,0,24.312,24.312,False,99.73,0.01,0.06,0.007,0.0,134236,1053.3,0.0,0,True,False,1833307,6100906,3.1237,590136,957,0.039,24.351,1834491,0,0,0,0.0,1184,0.049,-227,7180,256,,0,0,0,False,46.0,53.0,58.0,46.5,8.0,81.0,46.0,0,0,52.0,47.0,85.5,3338,0,0,True,False,False,1269.7,542.9,2.339,0.022,0.134,3.314,426.0,1.183
baseline,64,4,10000000,5.12,100,1,0.3005,0.422,2810787,2780772,30015,2780772,0,9355226,9255326,4789875843,4.7899,6.5861,4.7387,30015,0,1.068,1.068,False,99.43,0.01,0.206,0.017,0.0,365160,1304.2,0.0,0,True,False,2780071,9252993,4.7375,30716,701,0.025,1.093,2780902,0,0,0,0.0,831,0.03,-130,10880,256,,0,0,0,False,29.0,32.0,36.0,27.39,4.0,76.0,29.0,0,0,52.0,47.0,84.7,3443,0,0,True,False,False,657.4,369.2,1.781,0.02,0.101,3.417,339.2,1.514
rxonly,64,4,10000000,5.12,100,1,0.3003,0.421,2994999,2994999,0,2995349,2995231,9973563,9974729,5106464514,5.1065,7.0214,5.1071,-350,-350,-0.012,0.0,True,79.75,0.01,24.18,0.007,0.21,4237,162.7,0.0,0,False,False,,,,,,,,,,,,,,,,0,256,,0,0,0,False,,,,,,,,0,0,52.0,47.0,71.8,3438,0,0,True,False,False,430.7,293.3,1.468,0.01,0.24,2.926,0.2,0.32
modular,64,4,11000000,5.632,91,1,0.3003,0.425,2810132,576528,2233604,576528,0,9357602,1919810,4791092484,4.7911,6.5878,0.9829,2233604,0,79.484,79.484,False,99.89,0.01,0.0,0.017,0.08,109642,665.4,0.0,0,True,False,576512,1919756,0.9829,2233620,16,0.001,79.485,576519,0,0,0,0.0,7,0.0,9,2257,256,,0,0,0,False,153.0,161.0,170.0,146.96,127.0,194.0,153.0,0,0,53.0,47.0,84.3,3464,0,0,True,False,False,6618.9,1805.1,3.667,0.04,0.151,3.465,691.8,0.808
template,64,4,11000000,5.632,91,1,0.3003,0.419,2615660,836480,1779180,836480,0,8709916,2785404,4459477404,4.4595,6.1318,1.4261,1779180,0,68.02,68.02,False,99.89,0.0,0.0,0.01,0.01,111684,910.7,0.0,0,True,False,836352,2784978,1.4259,1779308,128,0.005,68.025,836505,0,0,0,0.0,153,0.006,-25,3273,256,,0,0,0,False,100.0,103.0,112.0,100.09,84.0,137.0,100.0,0,0,53.0,47.0,85.5,3455,0,0,True,False,False,4603.1,1241.0,3.709,0.041,0.135,3.457,656.1,0.833
hardcoded,64,4,11000000,5.632,91,1,0.3004,0.422,2478173,1735811,742362,1735811,0,8248632,5777670,4223299746,4.2233,5.807,2.9582,742362,0,29.956,29.956,False,99.85,0.01,0.0,0.013,0.0,605856,1229.5,0.0,0,True,False,1735211,5775673,2.9571,742962,600,0.024,29.98,1735937,0,0,0,0.0,726,0.029,-126,6794,256,,0,0,0,False,48.0,53.0,58.0,48.05,31.0,80.0,48.0,0,0,53.0,47.0,85.1,3457,0,0,True,False,False,1476.4,597.1,2.473,0.024,0.071,3.45,435.7,1.179
p1_static,64,4,11000000,5.632,91,1,0.3005,0.424,2386768,1869147,517621,1869147,0,7943957,6221142,4067306292,4.0673,5.5925,3.1852,517621,0,21.687,21.687,False,99.8,0.01,0.013,0.01,0.0,832029,1333.9,0.0,0,True,False,1869300,6221652,3.1855,517468,-153,-0.006,21.681,1869171,0,0,0,0.0,-129,-0.005,-24,7319,256,,0,0,0,False,45.0,50.0,55.0,45.13,15.0,76.0,45.0,0,0,52.0,47.0,84.5,3409,0,0,True,False,False,1269.5,547.8,2.317,0.017,0.121,3.408,416.2,1.206
baseline,64,4,11000000,5.632,91,1,0.3004,0.423,2803082,2786222,16860,2786222,0,9329666,9273550,4776789468,4.7768,6.5681,4.7481,16860,0,0.601,0.601,False,99.2,0.01,0.313,0.013,0.0,1383443,1439.2,0.0,0,True,False,2784934,9269263,4.7459,18148,1288,0.046,0.647,2786293,0,0,0,0.0,1359,0.048,-71,10900,256,,0,0,0,False,28.0,31.0,35.0,24.26,3.0,55.0,28.0,0,0,52.0,47.0,84.4,3449,0,0,True,False,False,657.5,368.7,1.783,0.018,0.085,3.419,335.2,1.531
rxonly,64,4,11000000,5.632,91,1,0.3003,0.428,3291709,3291709,0,3292015,3292153,10961609,10962628,5612343924,5.6123,7.717,5.6129,-306,-306,-0.009,0.0,True,77.07,0.01,25.358,0.007,0.14,5853,177.1,0.0,0,False,False,,,,,,,,,,,,,,,,0,256,,0,0,0,False,,,,,,,,0,0,52.0,47.0,68.7,3444,0,0,True,False,False,427.5,260.0,1.644,0.003,0.196,2.85,0.1,0.435
modular,64,4,12000000,6.144,83,1,0.3003,0.436,2996458,578246,2418212,578246,0,9979837,1925874,5109677054,5.1097,7.0258,0.986,2418212,0,80.702,80.702,False,99.91,0.01,0.0,0.01,0.02,312189,835.2,0.0,0,True,False,578380,1926320,0.9863,2418078,-134,-0.004,80.698,578223,0,0,0,0.0,-157,-0.005,23,2263,256,,0,0,0,False,157.0,160.0,171.0,150.63,126.0,197.0,157.0,0,0,53.0,47.0,82.5,3472,0,0,True,False,False,6618.8,1802.5,3.672,0.024,0.151,3.471,655.8,0.854
template,64,4,12000000,6.144,83,1,0.3004,0.419,2580040,837891,1742149,837891,0,8588588,2789220,4397357412,4.3974,6.0464,1.4281,1742149,0,67.524,67.524,False,99.86,0.01,0.0,0.01,0.0,446290,1093.1,0.0,0,True,False,837583,2788195,1.4276,1742457,308,0.012,67.536,837925,0,0,0,0.0,342,0.013,-34,3279,256,,0,0,0,False,105.0,109.0,116.0,104.67,88.0,146.0,105.0,0,0,53.0,47.0,85.5,3466,0,0,True,False,False,4602.9,1238.8,3.716,0.021,0.135,3.455,657.9,0.83
hardcoded,64,4,12000000,6.144,83,1,0.3004,0.423,2362963,1745926,617037,1745926,0,7866178,5812094,4027483205,4.0275,5.5378,2.9758,617037,0,26.113,26.113,False,99.86,0.01,0.0,0.01,0.0,1369651,1257.0,0.0,0,True,False,1745792,5811648,2.9756,617171,134,0.006,26.119,1745999,0,0,0,0.0,207,0.009,-73,6835,256,,0,0,0,False,49.0,55.0,59.0,49.3,39.0,77.0,49.0,0,0,53.0,47.0,84.8,3454,0,0,True,False,False,1475.8,598.0,2.468,0.014,0.138,3.476,435.1,1.161
p1_static,64,4,12000000,6.144,83,1,0.3004,0.426,2384648,1858181,526467,1858181,0,7938812,6186133,4064671960,4.0647,5.5889,3.1673,526467,0,22.077,22.077,False,100.18,0.01,0.003,0.013,0.0,1497263,1275.9,0.0,0,True,False,1858144,6186010,3.1672,526504,37,0.002,22.079,1858248,0,0,0,0.0,104,0.004,-67,7273,256,,0,0,0,False,46.0,51.0,55.0,45.77,20.0,88.0,46.0,0,0,52.0,47.0,84.0,3475,0,0,True,False,False,1269.6,559.9,2.268,0.013,0.088,3.463,418.2,1.209
baseline,64,4,12000000,6.144,83,1,0.3004,0.427,2822494,2786401,36093,2786401,0,9396163,9276008,4810835743,4.8108,6.6149,4.7493,36093,0,1.279,1.279,False,99.51,0.01,0.16,0.01,0.0,2719335,1323.8,0.0,0,True,False,2785234,9272123,4.7473,37260,1167,0.041,1.32,2786570,0,0,0,0.0,1336,0.047,-169,10900,256,,0,0,0,False,29.0,33.0,36.0,27.96,4.0,61.0,29.0,0,0,53.0,47.0,83.5,3441,0,0,True,False,False,657.6,370.6,1.774,0.014,0.085,3.438,337.1,1.53
rxonly,64,4,12000000,6.144,83,1,0.3003,0.428,3598049,3598049,0,3598359,3598452,11981175,11982208,6134362063,6.1344,8.4347,6.1349,-310,-310,-0.009,0.0,True,75.83,0.01,26.556,0.01,0.08,12065,243.9,0.0,0,False,False,,,,,,,,,,,,,,,,0,256,,0,0,0,False,,,,,,,,0,0,52.0,47.0,67.1,3433,0,0,True,False,False,424.9,233.3,1.821,0.002,0.148,2.795,0.1,0.428
rxonly,64,5,500000,0.256,2000,1,0.3003,0.423,150135,150131,4,150131,150131,500027,500014,256014098,0.256,0.352,0.256,4,0,0.003,0.003,True,18.74,0.01,75.693,0.0,37.75,0,68.9,0.0,0,False,False,,,,,,,,,,,,,,,,0,8,,0,0,0,False,,,,,,,,0,0,52.0,47.0,27.1,3480,0,0,True,False,False,1628.0,2459.0,0.662,0.074,1.599,1.23,3.1,0.389
baseline,64,5,500000,0.256,2000,1,0.3003,0.429,150142,150140,2,150140,0,500040,500034,256020936,0.256,0.352,0.256,2,0,0.001,0.001,False,14.6,0.01,71.432,0.0,35.58,0,70.6,0.0,0,False,False,150142,500040,0.256,0,-2,-0.001,0.0,150134,0,0,0,0.0,-8,-0.005,6,18788,8,,0,0,0,False,12.0,17.0,19.0,11.92,5.0,38.0,12.0,0,0,51.0,47.0,23.4,3321,0,0,True,False,False,1865.2,2089.9,0.893,0.22,0.921,1.045,2719.5,0.583
p1_static,64,5,500000,0.256,2000,1,0.3004,0.422,150201,150201,0,150208,0,500004,500028,256002424,0.256,0.352,0.256,-7,-7,-0.005,0.0,False,17.52,0.01,69.498,0.0,34.59,0,78.4,0.0,0,False,False,150198,499994,0.256,3,10,0.007,0.002,150201,0,0,0,0.0,3,0.002,7,18811,8,,0,0,0,False,13.0,18.0,20.0,13.1,6.0,36.0,13.0,0,0,52.0,47.0,25.4,3452,0,0,True,False,False,2435.7,2280.1,1.068,0.21,0.899,1.14,2661.1,0.581
hardcoded,64,5,500000,0.256,2000,1,0.3003,0.427,150180,150156,24,150156,0,500020,499941,256010726,0.256,0.352,0.256,24,0,0.016,0.016,False,18.13,0.02,69.04,0.0,34.36,0,76.9,0.0,0,False,False,150173,499997,0.256,7,-17,-0.011,0.005,150165,0,0,0,0.0,-8,-0.005,-9,18806,8,,0,0,0,False,13.0,18.0,20.0,12.94,5.0,50.0,13.0,0,0,51.0,47.0,26.0,3400,0,0,True,False,False,2647.1,2321.0,1.141,0.234,0.91,1.16,2671.7,0.58
template,64,5,500000,0.256,2000,1,0.3003,0.419,150171,150171,0,150180,0,500002,500032,256001253,0.256,0.352,0.256,-9,-9,-0.006,0.0,False,27.79,0.0,68.985,0.0,34.33,0,74.7,0.0,0,False,False,150170,499999,0.256,1,10,0.007,0.001,150186,0,0,0,0.0,16,0.011,-6,18797,8,,0,0,0,False,14.0,19.0,22.0,14.5,7.0,44.0,14.0,0,0,52.0,47.0,34.8,3430,0,0,True,False,False,5758.5,3002.4,1.918,0.205,0.91,1.501,2684.3,0.574
modular,64,5,500000,0.256,2000,1,0.3003,0.423,150162,150123,39,150123,0,500085,499955,256043666,0.256,0.3521,0.256,39,0,0.026,0.026,False,36.64,0.0,71.518,0.0,35.64,0,67.6,0.0,0,False,False,150150,500045,0.256,12,-27,-0.018,0.008,150116,0,0,0,0.0,-34,-0.023,7,18793,8,,0,0,0,False,15.0,20.0,23.0,15.21,7.0,47.0,15.0,0,0,52.0,47.0,42.8,3401,0,0,True,False,False,7812.1,3632.0,2.151,0.23,1.177,1.816,2729.5,0.581
rxonly,64,5,1000000,0.512,1000,1,0.3003,0.417,300301,300298,3,300298,300300,1000046,1000036,512023984,0.512,0.704,0.512,3,0,0.001,0.001,True,31.83,0.0,64.172,0.0,15.43,0,85.2,0.0,0,False,False,,,,,,,,,,,,,,,,0,16,,0,0,0,False,,,,,,,,0,0,51.0,47.0,36.9,3489,0,0,True,False,False,960.9,1601.4,0.6,0.036,1.189,1.601,1.5,0.434
baseline,64,5,1000000,0.512,1000,1,0.3003,0.416,300295,300295,0,300364,0,999890,1000119,511943761,0.5119,0.7039,0.5121,-69,-69,-0.023,0.0,False,18.49,0.0,58.762,0.0,14.05,0,95.3,0.0,0,False,False,300292,999880,0.5119,3,72,0.024,0.001,300365,0,0,0,0.0,73,0.024,-1,18798,16,,0,0,0,False,17.0,21.0,24.0,16.5,9.0,51.0,17.0,0,0,51.0,47.0,25.4,3400,0,0,True,False,False,1151.4,1096.3,1.05,0.096,0.44,1.096,1768.4,0.52
p1_static,64,5,1000000,0.512,1000,1,0.3004,0.419,300339,300339,0,300389,0,999916,1000083,511957412,0.512,0.7039,0.512,-50,-50,-0.017,0.0,False,24.9,0.0,59.145,0.0,14.15,0,88.8,0.0,0,False,False,300334,999900,0.5119,5,55,0.018,0.002,300409,0,0,0,0.0,75,0.025,-20,18805,16,,0,0,0,False,17.0,22.0,25.0,17.43,9.0,46.0,17.0,0,0,52.0,46.0,30.7,3422,0,0,True,False,False,1762.5,1314.5,1.341,0.092,0.432,1.315,1703.3,0.54
hardcoded,64,5,1000000,0.512,1000,1,0.3005,0.417,300511,300511,0,300599,0,1000196,1000489,512100609,0.5121,0.7041,0.5123,-88,-88,-0.029,0.0,False,26.04,0.0,56.631,0.0,13.5,1,95.0,0.0,0,False,False,300509,1000189,0.5121,2,90,0.03,0.001,300582,0,0,0,0.0,73,0.024,17,18821,16,,0,0,0,False,18.0,23.0,26.0,17.98,9.0,51.0,18.0,0,0,52.0,46.0,31.7,3383,0,0,True,False,False,1951.4,1334.6,1.462,0.098,0.444,1.335,1745.8,0.517
template,64,5,1000000,0.512,1000,1,0.3003,0.423,300322,300322,0,300373,0,999942,1000112,511970580,0.512,0.704,0.5121,-51,-51,-0.017,0.0,False,45.65,0.01,55.607,0.003,13.27,1,92.2,0.0,0,False,False,300321,999939,0.512,1,52,0.017,0.0,300378,0,0,0,0.0,57,0.019,-5,18798,16,,0,0,0,False,23.0,28.0,32.0,22.64,12.0,78.0,23.0,0,0,52.0,47.0,48.2,3369,0,0,True,False,False,5071.8,1995.2,2.542,0.084,0.495,1.995,1758.9,0.511
modular,64,5,1000000,0.512,1000,1,0.3003,0.419,300310,300306,4,300306,0,1000048,1000034,512024658,0.512,0.704,0.512,4,0,0.001,0.001,False,59.96,0.0,47.074,0.0,14.37,0,84.0,0.0,0,False,False,300305,1000031,0.512,5,1,0.0,0.002,300314,0,0,0,0.0,9,0.003,-8,18798,16,,0,0,0,False,24.0,35.0,45.0,25.31,10.0,90.0,24.0,0,0,52.0,47.0,59.3,3446,0,0,True,False,False,7017.2,2444.3,2.871,0.09,0.495,2.444,1530.8,0.556
rxonly,64,5,1500000,0.768,667,1,0.3003,0.426,450179,450179,0,450237,450251,1499167,1499360,767573541,0.7676,1.0554,0.7677,-58,-58,-0.013,0.0,True,43.4,0.0,54.908,0.0,8.38,2,98.5,0.0,0,False,False,,,,,,,,,,,,,,,,0,32,,0,0,0,False,,,,,,,,0,0,51.0,46.0,44.8,3485,0,0,True,False,False,738.7,1290.0,0.573,0.021,1.072,1.934,1.2,0.405
baseline,64,5,1500000,0.768,667,1,0.3003,0.422,450228,450142,86,450142,0,1499416,1499129,767700995,0.7677,1.0556,0.7676,86,0,0.019,0.019,False,21.3,0.0,46.642,0.0,6.97,2,113.3,0.0,0,False,False,450198,1499316,0.7676,30,-56,-0.012,0.007,450123,0,0,0,0.0,-75,-0.017,19,14089,32,,0,0,0,False,22.0,27.0,30.0,22.16,11.0,56.0,22.0,0,0,51.0,46.0,26.0,3373,0,0,True,False,False,910.8,735.4,1.238,0.053,0.31,1.103,1405.6,0.493
p1_static,64,5,1500000,0.768,667,1,0.3004,0.417,450426,450420,6,450420,0,1499187,1499167,767584097,0.7676,1.0554,0.7676,6,0,0.001,0.001,False,31.74,0.01,48.721,0.0,7.33,1,103.7,0.0,0,False,False,450426,1499187,0.7676,0,-6,-0.001,0.0,450457,0,0,0,0.0,31,0.007,-37,14107,32,,0,0,0,False,23.0,28.0,31.0,22.91,11.0,53.0,23.0,0,0,52.0,46.0,35.4,3403,0,0,True,False,False,1538.1,982.6,1.565,0.051,0.323,1.473,1321.4,0.536
hardcoded,64,5,1500000,0.768,667,1,0.3004,0.425,450414,450371,43,450371,0,1499277,1499134,767630048,0.7676,1.0555,0.7676,43,0,0.01,0.01,False,33.76,0.01,47.081,0.003,7.05,1,111.7,0.0,0,False,False,450386,1499184,0.7676,28,-15,-0.003,0.006,450371,0,0,0,0.0,-15,-0.003,0,14104,32,,0,0,0,False,24.0,30.0,34.0,24.44,14.0,62.0,24.0,0,0,51.0,46.0,36.3,3362,0,0,True,False,False,1733.8,1011.1,1.715,0.047,0.318,1.516,1387.8,0.501
template,64,5,1500000,0.768,667,1,0.3003,0.423,450310,450310,0,450331,0,1499294,1499364,767638623,0.7676,1.0555,0.7677,-21,-21,-0.005,0.0,False,57.82,0.0,19.411,0.003,8.09,1,100.0,0.0,0,False,False,450285,1499210,0.7676,25,46,0.01,0.006,450337,0,0,0,0.0,52,0.012,-6,14097,32,,0,0,0,False,41.0,55.0,60.0,40.96,10.0,77.0,41.0,0,0,52.0,47.0,52.2,3433,0,0,True,False,False,4716.2,1433.8,3.289,0.03,0.239,2.15,1113.5,0.504
modular,64,5,1500000,0.768,667,1,0.3004,0.419,450248,450248,0,450251,0,1498972,1498982,767473750,0.7675,1.0553,0.7675,-3,-3,-0.001,0.0,False,82.02,0.0,13.906,0.01,8.15,3,93.2,0.0,0,False,False,450215,1498862,0.7674,33,36,0.008,0.007,450285,0,0,0,0.0,70,0.016,-34,14095,32,,0,0,0,False,36.0,55.0,64.0,37.36,13.0,96.0,36.0,0,0,52.0,47.0,72.2,3452,0,0,True,False,False,6695.5,1960.5,3.415,0.026,0.227,2.939,1085.8,0.537
rxonly,64,5,2000000,1.024,500,1,0.3003,0.426,600520,600520,0,600590,600566,1999722,1999955,1023857919,1.0239,1.4078,1.024,-70,-70,-0.012,0.0,True,51.76,0.01,49.314,0.0,5.32,6,110.6,0.0,0,False,False,,,,,,,,,,,,,,,,0,32,,0,0,0,False,,,,,,,,0,0,51.0,46.0,51.4,3484,0,0,True,False,False,642.0,1091.3,0.588,0.017,1.073,2.183,0.8,0.355
baseline,64,5,2000000,1.024,500,1,0.3004,0.428,600718,600718,0,600721,0,1999832,1999842,1023914012,1.0239,1.4079,1.0239,-3,-3,-0.0,0.0,False,25.79,0.0,41.713,0.0,4.34,3,124.9,0.0,0,False,False,600687,1999728,1.0239,31,34,0.006,0.005,600737,0,0,0,0.0,50,0.008,-16,18802,32,,0,0,0,False,27.0,31.0,35.0,26.54,12.0,58.0,27.0,0,0,51.0,46.0,28.5,3416,0,0,True,False,False,829.5,611.5,1.356,0.035,0.265,1.223,1175.0,0.521
p1_static,64,5,2000000,1.024,500,1,0.3004,0.425,600699,600665,34,600665,0,1999989,1999876,1023994689,1.024,1.408,1.0239,34,0,0.006,0.006,False,37.07,0.01,24.831,0.003,4.56,2,113.1,0.0,0,False,False,600698,1999986,1.024,1,-33,-0.005,0.0,600665,0,0,0,0.0,-33,-0.005,0,18807,32,,0,0,0,False,36.0,45.0,48.0,35.52,11.0,65.0,36.0,0,0,52.0,46.0,35.6,3429,0,0,True,False,False,1377.5,741.5,1.858,0.026,0.222,1.483,1034.8,0.526
hardcoded,64,5,2000000,1.024,500,1,0.3004,0.425,600725,600646,79,600646,0,1999950,1999687,1023974731,1.024,1.408,1.0238,79,0,0.013,0.013,False,39.63,0.0,21.903,0.0,4.33,3,120.9,0.0,0,False,False,600642,1999674,1.0238,83,4,0.001,0.014,600675,0,0,0,0.0,33,0.005,-29,18807,32,,0,0,0,False,38.0,47.0,51.0,37.75,10.0,70.0,38.0,0,0,51.0,46.0,37.4,3379,0,0,True,False,False,1570.5,764.9,2.053,0.024,0.212,1.53,1059.1,0.509
template,64,5,2000000,1.024,500,1,0.3003,0.423,600551,600551,0,600633,0,1999662,1999935,1023827402,1.0238,1.4078,1.024,-82,-82,-0.014,0.0,False,75.7,0.01,15.014,0.007,4.76,4,114.9,0.0,0,False,False,600522,1999566,1.0238,29,111,0.018,0.005,600636,0,0,0,0.0,114,0.019,-3,18796,32,,0,0,0,False,34.0,49.0,57.0,34.38,9.0,70.0,34.0,0,0,52.0,47.0,66.8,3419,0,0,True,False,False,4662.2,1357.8,3.434,0.023,0.198,2.716,1022.3,0.519
modular,64,5,2000000,1.024,500,1,0.3003,0.421,600572,571358,29214,571358,0,1999859,1902579,1023928263,1.0239,1.4079,0.9741,29214,0,4.864,4.864,False,99.89,0.0,0.0,0.01,4.9,5,114.5,0.0,0,False,False,571287,1902343,0.974,29285,71,0.012,4.876,571366,0,0,0,0.0,79,0.013,-8,17886,32,,0,0,0,False,146.0,158.0,164.0,147.1,122.0,206.0,146.0,0,0,52.0,47.0,84.7,3485,0,0,True,False,False,6619.5,1831.3,3.615,0.021,0.151,3.484,1109.2,0.523
rxonly,64,5,2500000,1.28,400,1,0.3003,0.419,750684,750661,23,750661,750667,2499664,2499587,1279828039,1.2798,1.7598,1.2798,23,0,0.003,0.003,True,60.48,0.0,43.728,0.0,3.48,9,120.9,0.0,0,False,False,,,,,,,,,,,,,,,,0,64,,0,0,0,False,,,,,,,,0,0,51.0,46.0,58.4,3467,0,0,True,False,False,586.3,980.1,0.598,0.013,1.056,2.45,0.6,0.385
baseline,64,5,2500000,1.28,400,1,0.3004,0.423,750493,750493,0,750695,0,2498690,2499362,1279329411,1.2793,1.7591,1.2797,-202,-202,-0.027,0.0,False,31.04,0.0,35.415,0.0,2.63,6,131.3,0.0,0,False,False,750475,2498630,1.2793,18,220,0.029,0.002,750783,0,0,0,0.0,308,0.041,-88,11747,64,,0,0,0,False,26.0,31.0,35.0,25.97,10.0,52.0,26.0,0,0,51.0,46.0,32.4,3412,0,0,True,False,False,780.0,540.7,1.443,0.025,0.231,1.351,1003.2,0.549
p1_static,64,5,2500000,1.28,400,1,0.3004,0.421,750967,750967,0,751011,0,2499942,2500089,1279970587,1.28,1.76,1.28,-44,-44,-0.006,0.0,False,44.18,0.0,21.196,0.0,3.09,6,121.5,0.0,0,False,False,750948,2499879,1.2799,19,63,0.008,0.003,751019,0,0,0,0.0,71,0.009,-8,11758,64,,0,0,0,False,36.0,45.0,49.0,35.4,10.0,59.0,36.0,0,0,51.0,46.0,41.5,3432,0,0,True,False,False,1342.7,682.2,1.968,0.021,0.202,1.706,874.9,0.581
hardcoded,64,5,2500000,1.28,400,1,0.3004,0.421,750861,750861,0,750985,0,2499565,2499978,1279777544,1.2798,1.7597,1.28,-124,-124,-0.017,0.0,False,47.78,0.0,20.793,0.0,3.16,5,115.6,0.0,0,False,False,750842,2499502,1.2797,19,143,0.019,0.003,751038,0,0,0,0.0,196,0.026,-53,11756,64,,0,0,0,False,34.0,43.0,48.0,34.14,8.0,62.0,34.0,0,0,51.0,46.0,44.5,3415,0,0,True,False,False,1547.3,727.2,2.128,0.019,0.199,1.818,869.9,0.588
template,64,5,2500000,1.28,400,1,0.3004,0.417,750863,750863,0,751015,0,2499582,2500088,1279786169,1.2798,1.7597,1.28,-152,-152,-0.02,0.0,False,92.9,0.0,5.067,0.013,2.87,7,124.9,0.0,0,False,False,750869,2499602,1.2798,-6,146,0.019,-0.001,750986,0,0,0,0.0,117,0.016,29,11754,64,,0,0,0,False,29.0,43.0,52.0,29.83,10.0,76.0,29.0,0,0,52.0,47.0,80.2,3454,0,0,True,False,False,4617.1,1297.4,3.559,0.017,0.157,3.244,974.1,0.538
modular,64,5,2500000,1.28,400,1,0.3004,0.423,750703,571623,179080,571623,0,2499335,1903119,1279659675,1.2797,1.7595,0.9744,179080,0,23.855,23.855,False,99.88,0.0,0.0,0.01,3.79,8,211.1,0.0,0,False,False,571476,1902630,0.9741,179227,147,0.02,23.875,571638,0,0,0,0.0,162,0.022,-15,8949,64,,0,0,0,False,144.0,149.0,160.0,144.63,131.0,194.0,144.0,0,0,52.0,47.0,84.7,3483,0,0,True,False,False,6619.7,1827.1,3.623,0.02,0.135,3.477,1037.3,0.549
rxonly,64,5,3000000,1.536,333,1,0.3003,0.421,901461,901461,0,901684,901694,3001930,3002673,1536988392,1.537,2.1134,1.5374,-223,-223,-0.025,0.0,True,65.47,0.0,41.326,0.003,2.53,23,125.3,0.0,0,False,False,,,,,,,,,,,,,,,,0,64,,0,0,0,False,,,,,,,,0,0,52.0,47.0,61.5,3493,0,0,True,False,False,546.4,865.6,0.631,0.01,0.993,2.599,0.5,0.376
baseline,64,5,3000000,1.536,333,1,0.3003,0.423,901752,901580,172,901580,0,3002603,3002030,1537332919,1.5373,2.1138,1.537,172,0,0.019,0.019,False,35.95,0.0,35.991,0.003,2.07,8,124.8,0.0,0,False,False,901667,3002320,1.5372,85,-87,-0.01,0.009,901533,0,0,0,0.0,-134,-0.015,47,14111,64,,0,0,0,False,26.0,31.0,33.0,26.25,10.0,50.0,26.0,0,0,51.0,47.0,36.5,3447,0,0,True,False,False,755.6,511.0,1.479,0.021,0.215,1.534,844.1,0.629
p1_static,64,5,3000000,1.536,333,1,0.3005,0.42,902189,902189,0,902390,0,3002694,3003363,1537379485,1.5374,2.1139,1.5377,-201,-201,-0.022,0.0,False,52.48,0.0,20.608,0.007,2.36,10,118.4,0.0,0,False,False,902171,3002634,1.5373,18,219,0.024,0.002,902423,0,0,0,0.0,252,0.028,-33,14129,64,,0,0,0,False,31.0,40.0,44.0,31.19,8.0,60.0,31.0,0,0,51.0,46.0,48.5,3435,0,0,True,False,False,1328.4,659.2,2.015,0.018,0.191,1.98,758.2,0.649
hardcoded,64,5,3000000,1.536,333,1,0.3004,0.424,901669,901669,0,901793,0,3001713,3002126,1536877222,1.5369,2.1132,1.5371,-124,-124,-0.014,0.0,False,56.91,0.0,19.878,0.007,2.12,19,124.0,0.0,0,False,False,901689,3001779,1.5369,-20,104,0.012,-0.002,901862,0,0,0,0.0,173,0.019,-69,14118,64,,0,0,0,False,32.0,42.0,47.0,31.99,8.0,62.0,32.0,0,0,52.0,46.0,51.6,3435,0,0,True,False,False,1531.7,708.5,2.162,0.018,0.19,2.127,787.0,0.623
template,64,5,3000000,1.536,333,1,0.3003,0.422,901763,827898,73865,827898,0,3002512,2756571,1537286490,1.5373,2.1138,1.4114,73865,0,8.191,8.191,False,99.88,0.0,0.0,0.01,2.54,16,162.9,0.0,0,False,False,827793,2756221,1.4112,73970,105,0.012,8.203,827904,0,0,0,0.0,111,0.012,-6,12954,64,,0,0,0,False,103.0,109.0,115.0,102.22,68.0,148.0,103.0,0,0,52.0,47.0,84.7,3478,0,0,True,False,False,4600.3,1260.4,3.65,0.016,0.139,3.474,824.0,0.641
modular,64,5,3000000,1.536,333,1,0.3003,0.423,901393,572515,328878,572515,0,3001413,1906331,1536723549,1.5367,2.113,0.976,328878,0,36.486,36.486,False,99.89,0.0,0.0,0.01,3.13,586,357.3,0.0,0,False,False,572556,1906468,0.9761,328837,-41,-0.005,36.481,572507,0,0,0,0.0,-49,-0.005,8,8965,64,,0,0,0,False,139.0,152.0,170.0,141.2,128.0,201.0,139.0,0,0,52.0,47.0,84.7,3468,0,0,True,False,False,6619.1,1818.0,3.641,0.022,0.15,3.466,943.6,0.606
rxonly,64,5,3500000,1.792,286,1,0.3003,0.42,1049658,1049651,7,1049651,1049658,3495438,3495414,1789664351,1.7897,2.4608,1.7897,7,0,0.001,0.001,True,71.05,0.0,39.688,0.0,1.91,23,124.6,0.0,0,False,False,,,,,,,,,,,,,,,,0,64,,0,0,0,False,,,,,,,,0,0,51.0,47.0,66.4,3489,0,0,True,False,False,528.5,795.9,0.664,0.008,0.946,2.782,0.4,0.395
baseline,64,5,3500000,1.792,286,1,0.3005,0.425,1049899,1049899,0,1050491,0,3494214,3496184,1789037571,1.789,2.4599,1.79,-592,-592,-0.056,0.0,False,40.49,0.01,33.877,0.0,1.49,16,124.8,0.0,0,False,False,1049912,3494257,1.7891,-13,579,0.055,-0.001,1050568,0,0,0,0.0,656,0.062,-77,16440,64,,0,0,0,False,25.0,30.0,33.0,25.2,6.0,48.0,25.0,0,0,52.0,47.0,39.6,3450,0,0,True,False,False,735.2,479.1,1.535,0.019,0.205,1.675,746.2,0.677
p1_static,64,5,3500000,1.792,286,1,0.3004,0.422,1049921,1049921,0,1050221,0,3495148,3496147,1789516141,1.7895,2.4606,1.79,-300,-300,-0.029,0.0,False,61.64,0.0,21.109,0.0,1.65,21,118.5,0.0,0,False,False,1049984,3495358,1.7896,-63,237,0.023,-0.006,1050179,0,0,0,0.0,195,0.019,42,16439,64,,0,0,0,False,28.0,38.0,44.0,28.08,7.0,60.0,28.0,0,0,52.0,46.0,55.8,3410,0,0,True,False,False,1318.0,652.4,2.02,0.013,0.183,2.281,678.3,0.706
hardcoded,64,5,3500000,1.792,286,1,0.3004,0.423,1049900,1049900,0,1050261,0,3494802,3496004,1789338982,1.7893,2.4603,1.79,-361,-361,-0.034,0.0,False,66.27,0.0,20.814,0.007,1.67,16,119.4,0.0,0,False,False,1049881,3494739,1.7893,19,380,0.036,0.002,1050319,0,0,0,0.0,438,0.042,-58,16439,64,,0,0,0,False,27.0,38.0,44.0,26.87,6.0,65.0,27.0,0,0,52.0,46.0,59.7,3385,0,0,True,False,False,1522.6,691.3,2.203,0.014,0.182,2.417,689.3,0.696
template,64,5,3500000,1.792,286,1,0.3003,0.425,1044724,828795,215929,828795,0,3478423,2759484,1780952672,1.781,2.4488,1.4129,215929,0,20.669,20.669,False,99.88,0.0,0.0,0.01,2.02,3072,394.6,0.0,0,False,False,828512,2758542,1.4124,216212,283,0.027,20.696,828849,0,0,0,0.0,337,0.032,-54,12972,64,,0,0,0,False,102.0,108.0,115.0,101.98,86.0,147.0,102.0,0,0,52.0,47.0,84.4,3464,0,0,True,False,False,4602.4,1252.6,3.674,0.018,0.136,3.457,815.9,0.671
modular,64,5,3500000,1.792,286,1,0.3004,0.424,1047355,573052,474303,573052,0,3486998,1907883,1785343255,1.7853,2.4548,0.9768,474303,0,45.286,45.286,False,99.88,0.0,0.0,0.01,2.64,2238,386.8,0.0,0,False,False,572912,1907417,0.9766,474443,140,0.013,45.299,573075,0,0,0,0.0,163,0.016,-23,8971,64,,0,0,0,False,154.0,158.0,169.0,154.52,126.0,195.0,154.0,0,0,52.0,47.0,84.5,3463,0,0,True,False,False,6619.9,1820.4,3.636,0.021,0.15,3.473,830.4,0.691
rxonly,64,5,4000000,2.048,250,1,0.3003,0.432,1200586,1200586,0,1200749,1200751,3997939,3998482,2046945076,2.0469,2.8145,2.0472,-163,-163,-0.014,0.0,True,76.98,0.0,34.119,0.01,1.41,27,119.9,0.0,0,False,False,,,,,,,,,,,,,,,,0,64,,0,0,0,False,,,,,,,,0,0,52.0,46.0,69.2,3483,0,0,True,False,False,505.2,737.3,0.685,0.007,0.931,2.948,0.5,0.419
baseline,64,5,4000000,2.048,250,1,0.3004,0.432,1201112,1201112,0,1201215,0,3998442,3998785,2047202793,2.0472,2.8149,2.0474,-103,-103,-0.009,0.0,False,45.95,0.01,33.343,0.0,1.15,19,116.4,0.0,0,False,False,1201082,3998343,2.0472,30,133,0.011,0.002,1201221,0,0,0,0.0,139,0.012,-6,18800,64,,0,0,0,False,23.0,27.0,30.0,22.54,8.0,47.0,23.0,0,0,52.0,46.0,43.4,3443,0,0,True,False,False,720.7,461.9,1.56,0.017,0.196,1.847,663.2,0.744
p1_static,64,5,4000000,2.048,250,1,0.3004,0.416,1201086,1201086,0,1201598,0,3998082,3999786,2047018101,2.047,2.8146,2.0479,-512,-512,-0.043,0.0,False,70.46,0.01,20.016,0.003,1.34,23,111.7,0.0,0,False,False,1201129,3998225,2.0471,-43,469,0.039,-0.004,1201628,0,0,0,0.0,499,0.042,-30,18806,64,,0,0,0,False,23.0,34.0,41.0,23.72,6.0,73.0,23.0,0,0,52.0,47.0,64.0,3350,0,0,True,False,False,1307.9,632.3,2.069,0.01,0.171,2.529,599.5,0.789
hardcoded,64,5,4000000,2.048,250,1,0.3004,0.422,1201176,1201176,0,1201477,0,3998816,3999818,2047393934,2.0474,2.8152,2.0479,-301,-301,-0.025,0.0,False,75.23,0.0,17.504,0.007,1.3,26,111.8,0.0,0,False,False,1201125,3998646,2.0473,51,352,0.029,0.004,1201481,0,0,0,0.0,356,0.03,-4,18807,64,,0,0,0,False,23.0,34.0,41.0,23.06,5.0,58.0,23.0,0,0,52.0,47.0,66.5,3385,0,0,True,False,False,1508.2,670.4,2.25,0.011,0.168,2.681,604.6,0.783
template,64,5,4000000,2.048,250,1,0.3003,0.423,1173669,829396,344273,829396,0,3908237,2761831,2001017623,2.001,2.7514,1.4141,344273,0,29.333,29.333,False,100.23,0.0,0.0,0.01,1.69,7933,468.7,0.0,0,False,False,829467,2762068,1.4142,344202,-71,-0.006,29.327,829398,0,0,0,0.0,-69,-0.006,-2,12983,64,,0,0,0,False,101.0,114.0,119.0,102.38,87.0,146.0,101.0,0,0,52.0,47.0,84.5,3488,0,0,True,False,False,4602.6,1261.0,3.65,0.021,0.135,3.483,783.2,0.706
modular,64,5,4000000,2.048,250,1,0.3003,0.423,1188161,569363,618798,569363,0,3956552,1895967,2025755023,2.0258,2.7854,0.9707,618798,0,52.08,52.08,False,99.9,0.0,0.0,0.01,2.15,5762,382.3,0.0,0,False,False,569327,1895847,0.9707,618834,36,0.003,52.083,569367,0,0,0,0.0,40,0.003,-4,8913,64,,0,0,0,False,149.0,154.0,164.0,149.76,143.0,194.0,149.0,0,0,52.0,47.0,84.8,3443,0,0,True,False,False,6619.2,1817.7,3.642,0.021,0.088,3.446,820.6,0.696
rxonly,64,5,5000000,2.56,200,1,0.3003,0.426,1500430,1500421,9,1500421,1500407,4997112,4997082,2558521419,2.5585,3.518,2.5585,9,0,0.001,0.001,True,76.6,0.0,30.054,0.007,1.01,82,119.1,0.0,0,False,False,,,,,,,,,,,,,,,,0,128,,0,0,0,False,,,,,,,,0,0,52.0,47.0,69.4,3481,0,0,True,False,False,474.9,579.6,0.819,0.007,0.734,2.897,0.3,0.397
baseline,64,5,5000000,2.56,200,1,0.3003,0.428,1500632,1500632,0,1500765,0,4997162,4997605,2558547412,2.5585,3.518,2.5588,-133,-133,-0.009,0.0,False,57.23,0.01,34.626,0.003,0.84,34,112.3,0.0,0,False,False,1500598,4997049,2.5585,34,167,0.011,0.002,1500812,0,0,0,0.0,214,0.014,-47,11740,128,,0,0,0,False,18.0,24.0,33.0,18.51,4.0,53.0,18.0,0,0,52.0,47.0,53.6,3415,0,0,True,False,False,709.7,446.2,1.591,0.013,0.189,2.23,491.0,0.965
p1_static,64,5,5000000,2.56,200,1,0.3004,0.423,1501896,1501612,284,1501612,0,4999838,4998893,2559917338,2.5599,3.5199,2.5594,284,0,0.019,0.019,False,85.96,0.0,11.086,0.01,0.86,69,107.7,0.0,0,False,False,1501904,4999865,2.5599,-8,-292,-0.019,-0.001,1501561,0,0,0,0.0,-343,-0.023,51,11758,128,,0,0,0,False,18.0,30.0,37.0,19.15,5.0,51.0,18.0,0,0,52.0,47.0,74.7,3342,0,0,True,False,False,1285.9,593.5,2.166,0.011,0.15,2.967,511.4,0.935
hardcoded,64,5,5000000,2.56,200,1,0.3005,0.419,1501631,1501572,59,1501572,0,4997706,4997510,2558825777,2.5588,3.5184,2.5587,59,0,0.004,0.004,False,91.17,0.0,7.049,0.007,0.86,49,105.5,0.0,0,False,False,1501551,4997440,2.5587,80,21,0.001,0.005,1501620,0,0,0,0.0,69,0.005,-48,11757,128,,0,0,0,False,19.0,30.0,36.0,19.35,5.0,97.0,19.0,0,0,52.0,47.0,79.5,3395,0,0,True,False,False,1486.0,634.6,2.342,0.012,0.148,3.171,534.2,0.907
template,64,5,5000000,2.56,200,1,0.3004,0.426,1432382,825749,606633,825749,0,4768536,2748997,2441490526,2.4415,3.357,1.4075,606633,0,42.351,42.351,False,99.87,0.01,0.0,0.013,1.2,11769,432.4,0.0,0,False,False,825536,2748288,1.4071,606846,213,0.015,42.366,825771,0,0,0,0.0,235,0.016,-22,6463,128,,0,0,0,False,95.0,102.0,115.0,96.79,88.0,135.0,95.0,0,0,52.0,47.0,84.1,3471,0,0,True,False,False,4602.8,1256.7,3.663,0.02,0.135,3.455,716.1,0.772
modular,64,5,5000000,2.56,200,1,0.3003,0.419,1410120,574406,835714,574406,0,4695819,1912820,2404259360,2.4043,3.3059,0.9794,835714,0,59.265,59.265,False,99.9,0.0,0.0,0.01,1.63,11823,416.8,0.0,0,True,False,574384,1912747,0.9793,835736,22,0.002,59.267,574402,0,0,0,0.0,18,0.001,4,4496,128,,0,0,0,False,156.0,161.0,171.0,156.58,133.0,210.0,156.0,0,0,53.0,47.0,85.4,3458,0,0,True,False,False,6619.3,1811.1,3.655,0.022,0.151,3.464,790.7,0.716
rxonly,64,5,6000000,3.072,167,1,0.3003,0.424,1797058,1797058,0,1797169,1797161,5984474,5984844,3064051081,3.0641,4.2131,3.0642,-111,-111,-0.006,0.0,True,77.72,0.0,30.344,0.007,0.69,258,122.8,0.0,0,False,False,,,,,,,,,,,,,,,,0,128,,0,0,0,False,,,,,,,,0,0,52.0,47.0,70.4,3482,0,0,True,False,False,461.7,491.3,0.94,0.005,0.567,2.94,0.2,0.487
baseline,64,5,6000000,3.072,167,1,0.3004,0.43,1797092,1797092,0,1797409,0,5983265,5984320,3063431854,3.0634,4.2122,3.064,-317,-317,-0.018,0.0,False,65.69,0.0,29.725,0.007,0.57,72,113.4,0.0,0,False,False,1797080,5983225,3.0634,12,329,0.018,0.001,1797425,0,0,0,0.0,345,0.019,-16,14062,128,,0,0,0,False,16.0,26.0,33.0,16.93,4.0,47.0,16.0,0,0,52.0,47.0,59.6,3442,0,0,True,False,False,693.2,417.5,1.66,0.01,0.167,2.499,392.3,1.164
p1_static,64,5,6000000,3.072,167,1,0.3003,0.427,1795468,1795468,0,1795550,0,5978420,5978693,3060951396,3.061,4.2088,3.0611,-82,-82,-0.005,0.0,False,98.79,0.0,0.876,0.007,0.61,120,103.0,0.0,0,False,False,1795323,5977937,3.0607,145,227,0.013,0.008,1795542,0,0,0,0.0,219,0.012,8,14049,128,,0,0,0,False,16.0,28.0,38.0,17.76,5.0,58.0,16.0,0,0,52.0,47.0,83.1,3461,0,0,True,False,False,1270.5,574.4,2.212,0.012,0.127,3.434,469.5,1.062
hardcoded,64,5,6000000,3.072,167,1,0.3004,0.423,1788157,1700463,87694,1700463,0,5952631,5660705,3047747304,3.0477,4.1907,2.8983,87694,0,4.904,4.904,False,100.2,0.0,0.0,0.013,0.58,1558,148.0,0.0,0,False,False,1700081,5659433,2.8976,88076,382,0.021,4.926,1700517,0,0,0,0.0,436,0.024,-54,13311,128,,0,0,0,False,50.0,54.0,58.0,49.89,36.0,89.0,50.0,0,0,52.0,47.0,84.7,3454,0,0,True,False,False,1475.4,612.0,2.411,0.013,0.076,3.464,487.7,1.032
template,64,5,6000000,3.072,167,1,0.3004,0.421,1637122,834777,802345,834777,0,5450651,2779315,2790733495,2.7907,3.8373,1.423,802345,0,49.009,49.009,False,99.88,0.0,0.0,0.01,0.93,13551,379.2,0.0,0,True,False,834519,2778456,1.4226,802603,258,0.016,49.025,834801,0,0,0,0.0,282,0.017,-24,6533,128,,0,0,0,False,107.0,111.0,118.0,104.94,89.0,157.0,107.0,0,0,52.0,47.0,85.0,3449,0,0,True,False,False,4602.8,1244.8,3.698,0.019,0.135,3.46,696.1,0.789
modular,64,5,6000000,3.072,167,1,0.3003,0.423,1668874,576107,1092767,576107,0,5557665,1918544,2845524578,2.8455,3.9126,0.9823,1092767,0,65.479,65.479,False,99.9,0.01,0.0,0.017,1.16,12646,342.6,0.0,0,True,False,576174,1918768,0.9824,1092700,-67,-0.004,65.475,576102,0,0,0,0.0,-72,-0.004,5,4510,128,,0,0,0,False,154.0,158.0,166.0,154.54,117.0,198.0,154.0,0,0,53.0,47.0,84.5,3477,0,0,True,False,False,6619.3,1809.5,3.658,0.021,0.151,3.472,732.3,0.774
rxonly,64,5,7000000,3.584,143,1,0.3003,0.422,2098330,2097893,437,2097893,2097984,6988251,6986796,3577984775,3.578,4.9197,3.5772,437,0,0.021,0.021,True,78.03,0.0,26.696,0.007,0.53,548,123.3,0.0,0,False,False,,,,,,,,,,,,,,,,0,128,,0,0,0,False,,,,,,,,0,0,52.0,46.0,70.1,3472,0,0,True,False,False,448.9,418.1,1.074,0.004,0.434,2.921,0.2,0.364
baseline,64,5,7000000,3.584,143,1,0.3004,0.428,2098628,2098628,0,2099104,0,6987178,6988763,3577435249,3.5774,4.919,3.5782,-476,-476,-0.023,0.0,False,75.03,0.0,19.717,0.003,0.38,159,120.9,0.0,0,False,False,2098555,6986935,3.5773,73,549,0.026,0.003,2099002,0,0,0,0.0,447,0.021,102,16423,128,,0,0,0,False,14.0,25.0,32.0,15.3,3.0,52.0,14.0,0,0,52.0,46.0,66.2,3450,0,0,True,False,False,676.4,394.9,1.713,0.009,0.147,2.76,342.0,1.333
p1_static,64,5,7000000,3.584,143,1,0.3004,0.425,2019654,1826061,193593,1826061,0,6723903,6079387,3442638799,3.4426,4.7336,3.1126,193593,0,9.585,9.585,False,99.87,0.0,0.0,0.007,0.33,8196,283.1,0.0,0,False,False,1825664,6078065,3.112,193990,397,0.02,9.605,1826157,0,0,0,0.0,493,0.024,-96,14292,128,,0,0,0,False,46.0,51.0,56.0,46.31,23.0,81.0,46.0,0,0,52.0,47.0,84.3,3443,0,0,True,False,False,1270.1,564.1,2.251,0.014,0.138,3.43,447.2,1.139
hardcoded,64,5,7000000,3.584,143,1,0.3004,0.425,1986025,1716015,270010,1716015,0,6611154,5712335,3384911180,3.3849,4.6543,2.9247,270010,0,13.595,13.595,False,99.86,0.01,0.0,0.017,0.36,10518,333.0,0.0,0,True,False,1715856,5711805,2.9244,270169,159,0.008,13.604,1716080,0,0,0,0.0,224,0.011,-65,13434,128,,0,0,0,False,50.0,54.0,59.0,50.03,40.0,83.0,50.0,0,0,52.0,47.0,84.3,3456,0,0,True,False,False,1476.1,604.2,2.443,0.015,0.138,3.452,468.1,1.1
template,64,5,7000000,3.584,143,1,0.3003,0.425,1833767,832999,1000768,832999,0,6105875,2773628,3126208071,3.1262,4.2985,1.4201,1000768,0,54.574,54.574,False,99.89,0.0,0.0,0.01,0.6,18761,430.4,0.0,0,True,False,832896,2773285,1.4199,1000871,103,0.006,54.58,833014,0,0,0,0.0,118,0.006,-15,6519,128,,0,0,0,False,105.0,108.0,117.0,105.15,63.0,141.0,105.0,0,0,52.0,47.0,84.3,3445,0,0,True,False,False,4602.7,1237.6,3.719,0.019,0.135,3.433,695.4,0.786
modular,64,5,7000000,3.584,143,1,0.3003,0.423,1864374,575160,1289214,575160,0,6207908,1915141,3178448932,3.1784,4.3704,0.9806,1289214,0,69.15,69.15,False,99.89,0.01,0.0,0.013,0.86,15022,341.1,0.0,0,True,False,575040,1914742,0.9803,1289334,120,0.006,69.156,575176,0,0,0,0.0,136,0.007,-16,4501,128,,0,0,0,False,154.0,159.0,168.0,154.72,129.0,210.0,154.0,0,0,53.0,47.0,84.8,3461,0,0,True,False,False,6619.8,1804.9,3.668,0.022,0.151,3.457,763.4,0.739
rxonly,64,5,8000000,4.096,125,1,0.3003,0.425,2399905,2399905,0,2400290,2400299,7991466,7992748,4091631022,4.0916,5.626,4.0923,-385,-385,-0.016,0.0,True,81.27,0.01,23.646,0.007,0.39,1141,135.2,0.0,0,False,False,,,,,,,,,,,,,,,,0,128,,0,0,0,False,,,,,,,,0,0,52.0,47.0,71.9,3464,0,0,True,False,False,439.3,375.3,1.171,0.004,0.379,2.999,0.2,0.386
baseline,64,5,8000000,4.096,125,1,0.3004,0.42,2371683,2371683,0,2371836,0,7894481,7894990,4041974429,4.042,5.5577,4.0422,-153,-153,-0.006,0.0,False,85.73,0.01,10.439,0.007,0.15,5510,193.7,0.0,0,False,False,2370835,7891658,4.0405,848,1001,0.042,0.036,2371958,0,0,0,0.0,1123,0.047,-122,18559,128,,0,0,0,False,14.0,26.0,33.0,15.12,3.0,69.0,14.0,0,0,52.0,47.0,75.2,3404,0,0,True,False,False,667.3,384.2,1.737,0.012,0.134,3.034,338.7,1.451
p1_static,64,5,8000000,4.096,125,1,0.3004,0.419,2186184,1851872,334312,1851872,0,7277235,6164398,3725944600,3.7259,5.1232,3.1562,334312,0,15.292,15.292,False,99.86,0.0,0.0,0.007,0.17,20217,479.4,0.0,0,True,False,1851183,6162104,3.155,335001,689,0.032,15.324,1851982,0,0,0,0.0,799,0.037,-110,14495,128,,0,0,0,False,46.0,52.0,55.0,46.07,33.0,76.0,46.0,0,0,52.0,47.0,85.6,3441,0,0,True,False,False,1269.8,557.8,2.276,0.013,0.138,3.439,435.7,1.161
hardcoded,64,5,8000000,4.096,125,1,0.3006,0.42,2163889,1752606,411283,1752606,0,7198572,5830364,3685669364,3.6857,5.0678,2.9851,411283,0,19.007,19.007,False,100.13,0.0,0.0,0.01,0.19,16105,441.4,0.0,0,True,False,1752256,5829200,2.9846,411633,350,0.016,19.023,1752614,0,0,0,0.0,358,0.017,-8,13727,128,,0,0,0,False,48.0,53.0,57.0,48.28,19.0,75.0,48.0,0,0,52.0,47.0,85.1,3461,0,0,True,False,False,1475.8,596.4,2.474,0.014,0.138,3.477,439.0,1.157
template,64,5,8000000,4.096,125,1,0.3004,0.427,2075138,814998,1260140,814998,0,6909031,2713480,3537423912,3.5374,4.864,1.3893,1260140,0,60.726,60.726,False,99.88,0.0,0.0,0.01,0.41,21566,420.8,0.0,0,True,False,814720,2712554,1.3888,1260418,278,0.013,60.739,815024,0,0,0,0.0,304,0.015,-26,6377,128,,0,0,0,False,106.0,116.0,121.0,107.85,32.0,138.0,106.0,0,0,53.0,47.0,83.7,3348,0,0,True,False,False,4603.1,1231.8,3.737,0.02,0.134,3.342,680.1,0.807
modular,64,5,8000000,4.096,125,1,0.3004,0.423,2090526,573319,1517207,573319,0,6959314,1908566,3563168882,3.5632,4.8994,0.9772,1517207,0,72.575,72.575,False,100.2,0.0,0.0,0.01,0.59,20377,347.8,0.0,0,True,False,573241,1908306,0.9771,1517285,78,0.004,72.579,573329,0,0,0,0.0,88,0.004,-10,4487,128,,0,0,0,False,138.0,161.0,169.0,143.64,119.0,212.0,138.0,0,0,53.0,47.0,84.8,3457,0,0,True,False,False,6619.4,1812.5,3.652,0.03,0.152,3.459,752.8,0.753
rxonly,64,5,9000000,4.608,111,1,0.3004,0.419,2702428,2702428,0,2702617,2702691,8997215,8997844,4606574123,4.6066,6.334,4.6069,-189,-189,-0.007,0.0,True,78.25,0.0,25.719,0.007,0.29,3400,151.7,0.0,0,False,False,,,,,,,,,,,,,,,,0,256,,0,0,0,False,,,,,,,,0,0,52.0,47.0,71.5,3436,0,0,True,False,False,435.4,322.5,1.35,0.006,0.282,2.902,0.2,0.455
baseline,64,5,9000000,4.608,111,1,0.3004,0.426,2662651,2661914,737,2661914,0,8863955,8861501,4538345029,4.5383,6.2402,4.5371,737,0,0.028,0.028,False,95.74,0.0,3.016,0.007,0.06,17523,268.2,0.0,0,False,False,2662132,8862227,4.5375,519,-218,-0.008,0.019,2661663,0,0,0,0.0,-469,-0.018,251,10418,256,,0,0,0,False,10.0,22.0,31.0,12.16,3.0,76.0,10.0,0,0,52.0,47.0,81.3,3410,0,0,True,False,False,660.2,375.1,1.76,0.014,0.124,3.324,334.7,1.503
p1_static,64,5,9000000,4.608,111,1,0.3004,0.424,2370418,1873896,496522,1873896,0,7890208,6237478,4039786820,4.0398,5.5547,3.1936,496522,0,20.947,20.947,False,100.18,0.01,0.0,0.013,0.05,39075,689.0,0.0,0,True,False,1873108,6234855,3.1922,497310,788,0.033,20.98,1873975,0,0,0,0.0,867,0.037,-79,7334,256,,0,0,0,False,46.0,52.0,56.0,46.16,11.0,75.0,46.0,0,0,52.0,47.0,84.5,3457,0,0,True,False,False,1269.6,553.6,2.293,0.015,0.139,3.453,419.1,1.202
hardcoded,64,5,9000000,4.608,111,1,0.3003,0.417,2389853,1718619,671234,1718619,0,7957098,5722201,4074034272,4.074,5.6018,2.9298,671234,0,28.087,28.087,False,99.87,0.01,0.003,0.01,0.09,30931,561.7,0.0,0,True,False,1718710,5722504,2.9299,671143,-91,-0.004,28.083,1718608,0,0,0,0.0,-102,-0.004,11,6726,256,,0,0,0,False,51.0,55.0,60.0,50.46,22.0,74.0,51.0,0,0,53.0,47.0,85.6,3448,0,0,True,False,False,1476.1,600.1,2.46,0.021,0.088,3.434,441.0,1.158
template,64,5,9000000,4.608,111,1,0.3004,0.424,2327118,841564,1485554,841564,0,7747700,2801828,3966822487,3.9668,5.4544,1.4345,1485554,0,63.837,63.837,False,99.88,0.0,0.0,0.01,0.24,18401,370.9,0.0,0,True,False,841493,2801592,1.4344,1485625,71,0.003,63.84,841567,0,0,0,0.0,74,0.003,-3,3294,256,,0,0,0,False,107.0,111.0,121.0,106.74,89.0,145.0,107.0,0,0,52.0,47.0,84.5,3466,0,0,True,False,False,4602.7,1238.3,3.717,0.029,0.134,3.469,637.4,0.862
modular,64,5,9000000,4.608,111,1,0.3003,0.428,2270813,578446,1692367,578446,0,7561306,1926097,3871389061,3.8714,5.3232,0.9862,1692367,0,74.527,74.527,False,99.89,0.0,0.0,0.01,0.34,18689,364.5,0.0,0,True,False,578368,1925837,0.986,1692445,78,0.003,74.53,578463,0,0,0,0.0,95,0.004,-17,2264,256,,0,0,0,False,143.0,146.0,157.0,143.71,137.0,184.0,143.0,0,0,53.0,47.0,83.9,3470,0,0,True,False,False,6619.5,1808.4,3.66,0.03,0.152,3.483,757.3,0.745
rxonly,64,5,10000000,5.12,100,1,0.3003,0.424,2996271,2996271,0,2996286,2996355,9976829,9976879,5108136794,5.1081,7.0237,5.1082,-15,-15,-0.001,0.0,True,78.76,0.01,24.057,0.007,0.21,4163,156.2,0.0,0,False,False,,,,,,,,,,,,,,,,0,256,,0,0,0,False,,,,,,,,0,0,52.0,47.0,70.5,3462,0,0,True,False,False,430.3,292.3,1.472,0.006,0.241,2.916,0.2,0.37
baseline,64,5,10000000,5.12,100,1,0.3004,0.421,2849219,2803927,45292,2803927,0,9484050,9333288,4855833672,4.8558,6.6768,4.7786,45292,0,1.59,1.59,False,99.16,0.0,0.346,0.01,0.0,299591,1139.6,0.0,0,True,False,2802672,9329111,4.7765,46547,1255,0.044,1.634,2804189,0,0,0,0.0,1517,0.053,-262,10971,256,,0,0,0,False,27.0,32.0,35.0,22.61,4.0,45.0,27.0,0,0,53.0,47.0,84.5,3447,0,0,True,False,False,657.5,368.6,1.784,0.016,0.11,3.44,331.9,1.546
p1_static,64,5,10000000,5.12,100,1,0.3004,0.423,2435979,1872236,563743,1872236,0,8108326,6231868,4151463284,4.1515,5.7083,3.1907,563743,0,23.142,23.142,False,99.74,0.01,0.083,0.013,0.0,162758,1113.0,0.0,0,True,False,1871732,6230191,3.1899,564247,504,0.021,23.163,1872276,0,0,0,0.0,544,0.022,-40,7327,256,,0,0,0,False,45.0,51.0,55.0,45.34,17.0,71.0,45.0,0,0,53.0,47.0,84.8,3445,0,0,True,False,False,1269.7,552.2,2.299,0.017,0.086,3.441,414.3,1.219
hardcoded,64,5,10000000,5.12,100,1,0.3004,0.423,2332743,1734916,597827,1734916,0,7764537,5774669,3975443303,3.9754,5.4662,2.9566,597827,0,25.628,25.628,False,100.18,0.0,0.0,0.01,0.0,162700,1120.3,0.0,0,True,False,1734080,5771887,2.9552,598663,836,0.036,25.663,1735041,0,0,0,0.0,961,0.041,-125,6789,256,,0,0,0,False,49.0,55.0,61.0,49.54,26.0,83.0,49.0,0,0,53.0,47.0,84.8,3404,0,0,True,False,False,1475.8,591.3,2.496,0.022,0.139,3.415,441.5,1.139
template,64,5,10000000,5.12,100,1,0.3004,0.421,2444804,845194,1599610,845194,0,8137175,2813105,4166233807,4.1662,5.7286,1.4403,1599610,0,65.429,65.429,False,100.18,0.0,0.0,0.01,0.07,44642,625.6,0.0,0,True,False,844992,2812433,1.44,1599812,202,0.008,65.437,845206,0,0,0,0.0,214,0.009,-12,3308,256,,0,0,0,False,93.0,98.0,114.0,93.99,75.0,140.0,93.0,0,0,53.0,48.0,85.0,3453,0,0,True,False,False,4602.7,1233.3,3.732,0.045,0.135,3.469,668.7,0.819
modular,64,5,10000000,5.12,100,1,0.3004,0.424,2505107,581338,1923769,581338,0,8339467,1935266,4269807347,4.2698,5.871,0.9909,1923769,0,76.794,76.794,False,99.86,0.01,0.0,0.01,0.2,32580,464.2,0.0,0,True,False,581176,1934727,0.9906,1923931,162,0.006,76.8,581359,0,0,0,0.0,183,0.007,-21,2275,256,,0,0,0,False,148.0,151.0,163.0,148.17,142.0,186.0,148.0,0,0,52.0,48.0,84.6,3455,0,0,True,False,False,6619.9,1793.9,3.69,0.045,0.151,3.472,747.9,0.753
rxonly,64,5,11000000,5.632,91,1,0.3003,0.419,3284299,3284299,0,3284516,3284571,10935074,10935796,5598757888,5.5988,7.6983,5.5991,-217,-217,-0.007,0.0,True,78.36,0.0,24.219,0.003,0.15,3734,164.3,0.0,0,False,False,,,,,,,,,,,,,,,,0,256,,0,0,0,False,,,,,,,,0,0,52.0,47.0,71.5,3453,0,0,True,False,False,427.6,267.3,1.6,0.019,0.197,2.923,0.1,0.398
baseline,64,5,11000000,5.632,91,1,0.3004,0.428,2783761,2781920,1841,2781920,0,9265433,9259305,4743901869,4.7439,6.5229,4.7408,1841,0,0.066,0.066,False,99.47,0.02,0.323,0.013,0.0,1886920,1447.2,0.0,0,True,False,2780884,9255857,4.739,2877,1036,0.037,0.103,2782000,0,0,0,0.0,1116,0.04,-80,10885,256,,0,0,0,False,13.0,29.0,33.0,15.97,3.0,65.0,13.0,0,0,53.0,47.0,83.2,3475,0,0,True,False,False,658.4,373.1,1.765,0.028,0.082,3.455,343.2,1.526
p1_static,64,5,11000000,5.632,91,1,0.3004,0.429,2329178,1892247,436931,1892247,0,7753016,6298626,3969544662,3.9695,5.4581,3.2249,436931,0,18.759,18.759,False,99.86,0.0,0.0,0.01,0.0,918011,1340.7,0.0,0,True,False,1891952,6297644,3.2244,437226,295,0.013,18.772,1892375,0,0,0,0.0,423,0.018,-128,7408,256,,0,0,0,False,44.0,50.0,53.0,44.68,34.0,64.0,44.0,0,0,53.0,47.0,83.6,3453,0,0,True,False,False,1269.1,550.7,2.304,0.012,0.093,3.469,407.4,1.221
hardcoded,64,5,11000000,5.632,91,1,0.3003,0.431,2388931,1738881,650050,1738881,0,7954746,5790187,4072830384,4.0728,5.6001,2.9646,650050,0,27.211,27.211,False,99.89,0.01,0.0,0.013,0.0,655007,1285.5,0.0,0,True,False,1739173,5791159,2.9651,649758,-292,-0.012,27.199,1738812,0,0,0,0.0,-361,-0.015,69,6805,256,,0,0,0,False,49.0,53.0,58.0,49.04,40.0,78.0,49.0,0,0,53.0,47.0,83.2,3454,0,0,True,False,False,1476.2,596.2,2.476,0.016,0.137,3.452,441.5,1.161
template,64,5,11000000,5.632,91,1,0.3003,0.419,2565652,839568,1726084,839568,0,8543798,2795819,4374425015,4.3744,6.0148,1.4315,1726084,0,67.277,67.277,False,99.9,0.0,0.0,0.01,0.01,128250,905.5,0.0,0,True,False,839604,2795939,1.4315,1726048,-36,-0.001,67.275,839567,0,0,0,0.0,-37,-0.001,1,3285,256,,0,0,0,False,93.0,100.0,114.0,94.63,86.0,123.0,93.0,0,0,53.0,47.0,85.3,3459,0,0,True,False,False,4602.7,1233.7,3.731,0.027,0.134,3.449,660.6,0.828
modular,64,5,11000000,5.632,91,1,0.3005,0.423,2662871,574288,2088583,574288,0,8862548,1911341,4537624962,4.5376,6.2392,0.9786,2088583,0,78.434,78.434,False,99.84,0.01,0.0,0.013,0.12,58350,606.1,0.0,0,True,False,574080,1910649,0.9783,2088791,208,0.008,78.441,574314,0,0,0,0.0,234,0.009,-26,2248,256,,0,0,0,False,154.0,162.0,177.0,155.4,133.0,195.0,154.0,0,0,53.0,47.0,84.8,3383,0,0,True,False,False,6619.6,1797.9,3.682,0.032,0.151,3.436,772.7,0.729
rxonly,64,5,12000000,6.144,83,1,0.3003,0.426,3597117,3595851,1266,3595851,3595969,11976650,11972435,6132045181,6.132,8.4316,6.1299,1266,0,0.035,0.035,True,78.97,0.0,24.152,0.003,0.1,14618,190.2,0.0,0,False,False,,,,,,,,,,,,,,,,0,256,,0,0,0,False,,,,,,,,0,0,52.0,47.0,70.7,3452,0,0,True,False,False,424.7,244.0,1.741,0.007,0.17,2.921,0.1,0.434
baseline,64,5,12000000,6.144,83,1,0.3004,0.422,2793181,2770873,22308,2770873,0,9297616,9223360,4760379568,4.7604,6.5455,4.7224,22308,0,0.799,0.799,False,99.02,0.0,0.483,0.01,0.0,2712170,1324.6,0.0,0,True,False,2771125,9224198,4.7228,22056,-252,-0.009,0.79,2770897,0,0,0,0.0,-228,-0.008,-24,10846,256,,0,0,0,False,27.0,32.0,35.0,22.16,3.0,65.0,27.0,0,0,53.0,47.0,84.3,3441,0,0,True,False,False,658.0,369.9,1.779,0.013,0.085,3.412,337.5,1.528
p1_static,64,5,12000000,6.144,83,1,0.3004,0.426,2334860,1889197,445663,1889197,0,7771777,6288350,3979149910,3.9791,5.4713,3.2196,445663,0,19.087,19.087,False,99.85,0.0,0.0,0.01,0.0,1568905,1285.9,0.0,0,True,False,1888640,6286496,3.2187,446220,557,0.024,19.111,1889323,0,0,0,0.0,683,0.029,-126,7394,256,,0,0,0,False,44.0,51.0,55.0,44.91,33.0,85.0,44.0,0,0,53.0,47.0,84.2,3435,0,0,True,False,False,1269.1,546.9,2.321,0.011,0.093,3.439,410.8,1.204
hardcoded,64,5,12000000,6.144,83,1,0.3004,0.421,2303182,1737735,565447,1737735,0,7666929,5784645,3925467875,3.9255,5.3975,2.9617,565447,0,24.551,24.551,False,99.85,0.0,0.003,0.01,0.0,1438727,1275.7,0.0,0,True,False,1737377,5783453,2.9611,565805,358,0.016,24.566,1737778,0,0,0,0.0,401,0.017,-43,6801,256,,0,0,0,False,49.0,55.0,60.0,49.27,16.0,78.0,49.0,0,0,53.0,47.0,84.8,3417,0,0,True,False,False,1475.5,591.1,2.496,0.013,0.138,3.42,436.8,1.145
template,64,5,12000000,6.144,83,1,0.3003,0.425,2683419,827075,1856344,827075,0,8934976,2753910,4574707947,4.5747,6.2902,1.41,1856344,0,69.178,69.178,False,99.89,0.0,0.0,0.01,0.0,367045,1048.5,0.0,0,True,False,826989,2753624,1.4099,1856430,86,0.003,69.182,827070,0,0,0,0.0,81,0.003,5,3236,256,,0,0,0,False,99.0,109.0,113.0,101.21,92.0,129.0,99.0,0,0,53.0,47.0,84.5,3401,0,0,True,False,False,4602.8,1228.0,3.748,0.019,0.134,3.382,646.1,0.849
modular,64,5,12000000,6.144,83,1,0.3004,0.423,2790629,576865,2213764,576865,0,9291237,1920638,4757113767,4.7571,6.541,0.9834,2213764,0,79.328,79.328,False,100.21,0.01,0.0,0.013,0.02,250720,846.3,0.0,0,True,False,576760,1920289,0.9832,2213869,105,0.004,79.332,576865,0,0,0,0.0,105,0.004,0,2257,256,,0,0,0,False,149.0,153.0,162.0,149.85,117.0,199.0,149.0,0,0,53.0,47.0,84.6,3460,0,0,True,False,False,6619.3,1801.3,3.675,0.022,0.151,3.46,769.7,0.729
