method,frame,round,rate_requested_pps,bitrate_requested_gbps,delay_ns,gen_threads,duration_s,point_wall_s,packets_sent,packets_accepted_by_veth,rejected_by_ingress_queue,packets_received_by_xdp,tail_call_miss,sent_pps,rx_pps,bitrate_sent_bps,bitrate_sent_gbps,bitrate_sent_l1_gbps,rx_gbps,loss_before_xdp,lost_between_veth_and_xdp,loss_before_xdp_pct,rejected_pct,reference,napi_run_pct,napi_wait_pct,napi_sleeps_per_ms,napi_preempt_per_ms,gen_spin_per_sent,gen_resets,gen_late_mean_ns,gen_gap_pct,gen_calls,gen_limited,gen_burst,packets_forwarded,forwarded_pps,forwarded_gbps,packets_lost,loss_in_pipeline,loss_in_pipeline_pct,loss_total_pct,pipeline_hit,pipeline_miss,pipeline_drop,not_forwarded_by_decision,decision_pct,loss_after_xdp,loss_after_xdp_pct,unaccounted_in_pipeline,e2e_samples,e2e_sample_every,e2e_spin_correction_us,e2e_over_range,e2e_negative,e2e_no_stamp,e2e_percentile_clipped,e2e_latency_p50_us,e2e_latency_p90_us,e2e_latency_p99_us,e2e_latency_mean_us,e2e_latency_min_us,e2e_latency_max_us,e2e_latency_p50_raw_us,host_throttle_core,host_throttle_pkg,host_pkg_temp_c,host_dut_temp_c,host_dut_busy_pct,host_dut_mhz,host_smi,host_powerclamp,host_on_ac,host_off_target,host_disturbed,instr_pkt,cycles_pkt,ipc,llc_miss_pkt,br_miss_pkt,dut_ghz_busy,egress_cycles_pkt,egress_ipc
rxonly,64,1,500000,0.256,2000,1,0.3003,0.425,150162,150152,10,150152,150153,500023,499990,256012237,0.256,0.352,0.256,10,0,0.007,0.007,True,18.48,0.01,71.862,0.0,35.79,0,71.8,0.0,0,False,False,,,,,,,,,,,,,,,,0,8,,0,0,0,False,,,,,,,,0,0,50.0,49.0,26.2,3501,0,0,True,False,False,1709.4,3471.6,0.492,0.134,1.871,1.736,3.3,0.366
baseline,64,1,500000,0.256,2000,1,0.3003,0.419,150149,150144,5,150144,0,500011,499994,256005888,0.256,0.352,0.256,5,0,0.003,0.003,False,13.47,0.02,68.983,0.0,34.33,0,81.3,0.0,0,False,False,150144,499994,0.256,5,0,0.0,0.003,150138,0,0,0,0.0,-6,-0.004,6,18794,8,,0,0,0,False,17.0,22.0,24.0,16.79,7.0,42.0,17.0,0,0,50.0,49.0,23.2,3501,0,0,True,False,False,2040.8,3339.1,0.611,0.303,1.271,1.67,3845.1,0.461
p1_static,64,1,500000,0.256,2000,1,0.3003,0.427,150219,150160,59,150160,0,500161,499964,256082628,0.2561,0.3521,0.256,59,0,0.039,0.039,False,16.25,0.02,68.955,0.0,34.3,0,83.1,0.0,0,False,False,150208,500124,0.2561,11,-48,-0.032,0.007,150144,0,0,0,0.0,-64,-0.043,16,18807,8,,0,0,0,False,17.0,22.0,24.0,17.37,8.0,42.0,17.0,0,0,50.0,49.0,24.9,3482,0,0,True,False,False,2646.7,3519.6,0.752,0.309,1.257,1.76,3817.5,0.463
hardcoded,64,1,500000,0.256,2000,1,0.3002,0.43,150164,150095,69,150095,0,500134,499904,256068997,0.2561,0.3521,0.256,69,0,0.046,0.046,False,16.75,0.01,70.562,0.0,35.12,0,74.0,0.0,0,False,False,150156,500108,0.2561,8,-61,-0.041,0.005,150085,0,0,0,0.0,-71,-0.047,10,18794,8,,0,0,0,False,17.0,22.0,24.0,17.27,8.0,44.0,17.0,0,0,50.0,49.0,25.8,3500,0,0,True,False,False,2881.9,3644.4,0.791,0.305,1.264,1.822,3860.2,0.464
template,64,1,500000,0.256,2000,1,0.3003,0.421,150162,150145,17,150145,0,500055,499999,256028508,0.256,0.352,0.256,17,0,0.011,0.011,False,25.86,0.02,68.91,0.0,34.3,0,77.5,0.0,0,False,False,150157,500039,0.256,5,-12,-0.008,0.003,150146,0,0,0,0.0,-11,-0.007,-1,18795,8,,0,0,0,False,18.0,24.0,27.0,18.46,7.0,48.0,18.0,0,0,50.0,49.0,33.7,3497,0,0,True,False,False,5971.4,4230.1,1.412,0.322,1.257,2.115,3866.9,0.456
modular,64,1,500000,0.256,2000,1,0.3004,0.43,150192,150192,0,150233,0,499919,500055,255958754,0.256,0.3519,0.256,-41,-41,-0.027,0.0,False,32.7,0.02,70.778,0.0,35.25,0,74.9,0.0,0,False,False,150191,499916,0.256,1,42,0.028,0.001,150248,0,0,0,0.0,57,0.038,-15,18810,8,,0,0,0,False,19.0,24.0,28.0,18.76,7.0,52.0,19.0,0,0,50.0,49.0,38.6,3502,0,0,True,False,False,8005.0,4576.3,1.749,0.32,1.398,2.288,3710.9,0.479
rxonly,64,1,1000000,0.512,1000,1,0.3002,0.437,300237,300237,0,300251,300247,1000011,1000058,512006082,0.512,0.704,0.512,-14,-14,-0.005,0.0,True,32.98,0.01,62.721,0.0,15.06,0,90.3,0.0,0,False,False,,,,,,,,,,,,,,,,0,16,,0,0,0,False,,,,,,,,0,0,50.0,49.0,35.7,3494,0,0,True,False,False,984.2,2054.9,0.479,0.065,1.429,2.055,1.8,0.341
baseline,64,1,1000000,0.512,1000,1,0.3003,0.419,300318,300313,5,300313,0,1000024,1000007,512012391,0.512,0.704,0.512,5,0,0.002,0.002,False,15.7,0.02,57.587,0.0,13.74,0,96.0,0.0,0,False,False,300313,1000007,0.512,5,0,0.0,0.002,300313,0,0,0,0.0,0,0.0,0,18796,16,,0,0,0,False,20.0,25.0,28.0,20.32,10.0,43.0,20.0,0,0,50.0,49.0,23.6,3497,0,0,True,False,False,1236.7,1555.9,0.795,0.137,0.584,1.556,2232.8,0.452
p1_static,64,1,1000000,0.512,1000,1,0.3004,0.419,300406,300406,0,300409,0,1000014,1000024,512007382,0.512,0.704,0.512,-3,-3,-0.001,0.0,False,20.77,0.01,58.658,0.0,14.02,0,95.2,0.0,0,False,False,300397,999984,0.512,9,12,0.004,0.003,300410,0,0,0,0.0,13,0.004,-1,18811,16,,0,0,0,False,21.0,26.0,28.0,21.12,10.0,47.0,21.0,0,0,50.0,49.0,27.8,3495,0,0,True,False,False,1857.4,1745.3,1.064,0.135,0.585,1.745,2222.5,0.457
hardcoded,64,1,1000000,0.512,1000,1,0.3003,0.425,300285,300280,5,300280,0,999992,999975,511996122,0.512,0.704,0.512,5,0,0.002,0.002,False,21.28,0.02,57.142,0.0,13.64,0,92.4,0.0,0,False,False,300274,999955,0.512,11,6,0.002,0.004,300280,0,0,0,0.0,6,0.002,0,18795,16,,0,0,0,False,22.0,27.0,30.0,21.81,11.0,49.0,22.0,0,0,50.0,49.0,27.9,3495,0,0,True,False,False,2044.9,1749.0,1.169,0.135,0.588,1.749,2154.9,0.461
template,64,1,1000000,0.512,1000,1,0.3004,0.419,300344,300344,0,300356,0,999972,1000012,511986145,0.512,0.704,0.512,-12,-12,-0.004,0.0,False,37.25,0.02,58.262,0.0,13.96,1,92.5,0.0,0,False,False,300341,999962,0.512,3,15,0.005,0.001,300345,0,0,0,0.0,4,0.001,11,18805,16,,0,0,0,False,24.0,34.0,37.0,24.4,10.0,73.0,24.0,0,0,50.0,49.0,40.3,3498,0,0,True,False,False,5143.8,2183.3,2.356,0.113,0.582,2.183,1752.4,0.479
modular,64,1,1000000,0.512,1000,1,0.3003,0.419,300299,300299,0,300299,0,999982,999982,511990850,0.512,0.704,0.512,0,0,0.0,0.0,False,49.83,0.01,44.132,0.0,14.46,1,86.9,0.0,0,False,False,300300,999985,0.512,-1,-1,-0.0,-0.0,300309,0,0,0,0.0,9,0.003,-10,18795,16,,0,0,0,False,27.0,40.0,46.0,28.23,11.0,66.0,27.0,0,0,50.0,49.0,49.7,3498,0,0,True,False,False,7044.4,2445.2,2.881,0.11,0.574,2.445,1732.4,0.485
rxonly,64,1,1500000,0.768,667,1,0.3002,0.42,450145,450049,96,450049,450062,1499416,1499096,767701160,0.7677,1.0556,0.7675,96,0,0.021,0.021,True,45.32,0.01,53.359,0.0,8.11,2,102.6,0.0,0,False,False,,,,,,,,,,,,,,,,0,32,,0,0,0,False,,,,,,,,0,0,50.0,48.0,47.3,3500,0,0,True,False,False,765.9,1640.1,0.467,0.041,1.294,2.459,1.1,0.386
baseline,64,1,1500000,0.768,667,1,0.3003,0.419,450237,450237,0,450274,0,1499184,1499307,767582399,0.7676,1.0554,0.7676,-37,-37,-0.008,0.0,False,17.81,0.02,47.296,0.0,7.08,2,111.7,0.0,0,False,False,450224,1499141,0.7676,13,50,0.011,0.003,450273,0,0,0,0.0,49,0.011,1,14092,32,,0,0,0,False,25.0,30.0,34.0,24.92,12.0,59.0,25.0,0,0,50.0,48.0,23.4,3499,0,0,True,False,False,965.6,964.4,1.001,0.085,0.394,1.446,1603.6,0.467
p1_static,64,1,1500000,0.768,667,1,0.3003,0.435,450218,450171,47,450171,0,1499342,1499186,767663483,0.7677,1.0555,0.7676,47,0,0.01,0.01,False,24.73,0.02,48.319,0.0,7.26,1,111.5,0.0,0,False,False,450217,1499339,0.7677,1,-46,-0.01,0.0,450137,0,0,0,0.0,-80,-0.018,34,14089,32,,0,0,0,False,27.0,32.0,36.0,26.98,11.0,65.0,27.0,0,0,50.0,49.0,28.8,3493,0,0,True,False,False,1589.6,1153.0,1.379,0.084,0.4,1.729,1619.4,0.462
hardcoded,64,1,1500000,0.768,667,1,0.3004,0.429,450397,450397,0,450461,0,1499244,1499457,767613225,0.7676,1.0555,0.7677,-64,-64,-0.014,0.0,False,25.69,0.01,48.097,0.0,7.22,2,104.6,0.0,0,False,False,450391,1499224,0.7676,6,70,0.016,0.001,450427,0,0,0,0.0,36,0.008,34,14105,32,,0,0,0,False,26.0,32.0,35.0,26.38,10.0,55.0,26.0,0,0,50.0,49.0,29.8,3496,0,0,True,False,False,1786.1,1158.1,1.542,0.09,0.398,1.737,1576.7,0.471
template,64,1,1500000,0.768,667,1,0.3004,0.425,450307,450307,0,450349,0,1499229,1499369,767605390,0.7676,1.0555,0.7677,-42,-42,-0.009,0.0,False,46.57,0.0,26.062,0.0,8.1,0,98.6,0.0,0,False,False,450282,1499146,0.7676,25,67,0.015,0.006,450347,0,0,0,0.0,65,0.014,2,14096,32,,0,0,0,False,40.0,55.0,59.0,40.13,8.0,80.0,40.0,0,0,50.0,50.0,43.7,3498,0,0,True,False,False,4764.3,1352.4,3.523,0.06,0.283,2.028,1195.6,0.482
modular,64,1,1500000,0.768,667,1,0.3003,0.427,450164,450164,0,450205,0,1499051,1499188,767514484,0.7675,1.0553,0.7676,-41,-41,-0.009,0.0,False,68.49,0.01,19.457,0.0,8.22,3,93.5,0.0,0,False,False,450155,1499021,0.7675,9,50,0.011,0.002,450201,0,0,0,0.0,46,0.01,4,14089,32,,0,0,0,False,39.0,59.0,67.0,39.94,11.0,84.0,39.0,0,0,50.0,50.0,60.9,3497,0,0,True,False,False,6742.5,1823.4,3.698,0.049,0.28,2.734,1087.0,0.523
rxonly,64,1,2000000,1.024,500,1,0.3003,0.424,600595,600595,0,600719,600737,1999791,2000204,1023893497,1.0239,1.4079,1.0241,-124,-124,-0.021,0.0,True,55.45,0.01,46.196,0.0,4.92,4,117.0,0.0,0,False,False,,,,,,,,,,,,,,,,0,32,,0,0,0,False,,,,,,,,0,0,50.0,49.0,54.3,3497,0,0,True,False,False,648.4,1352.6,0.479,0.036,1.231,2.705,0.6,0.477
baseline,64,1,2000000,1.024,500,1,0.3002,0.418,600455,600455,0,600496,0,1999851,1999987,1023923908,1.0239,1.4079,1.024,-41,-41,-0.007,0.0,False,20.68,0.02,43.457,0.0,4.56,2,109.0,0.0,0,False,False,600412,1999708,1.0239,43,84,0.014,0.007,600493,0,0,0,0.0,81,0.013,3,18787,32,,0,0,0,False,27.0,33.0,36.0,26.89,11.0,53.0,27.0,0,0,50.0,49.0,25.2,3494,0,0,True,False,False,867.7,740.5,1.172,0.058,0.325,1.481,1161.6,0.556
p1_static,64,1,2000000,1.024,500,1,0.3004,0.424,600776,600776,0,600800,0,1999966,2000046,1023982785,1.024,1.408,1.024,-24,-24,-0.004,0.0,False,27.49,0.01,28.456,0.0,4.55,2,115.9,0.0,0,False,False,600808,2000072,1.024,-32,-8,-0.001,-0.005,600798,0,0,0,0.0,-10,-0.002,2,18812,32,,0,0,0,False,35.0,46.0,49.0,35.46,9.0,66.0,35.0,0,0,50.0,49.0,28.1,3498,0,0,True,False,False,1404.9,711.5,1.975,0.06,0.258,1.423,1086.2,0.513
hardcoded,64,1,2000000,1.024,500,1,0.3004,0.42,600642,600642,0,600718,0,1999505,1999758,1023746629,1.0237,1.4077,1.0239,-76,-76,-0.013,0.0,False,29.0,0.01,26.205,0.0,4.72,3,114.7,0.0,0,False,False,600638,1999491,1.0237,4,80,0.013,0.001,600741,0,0,0,0.0,103,0.017,-23,18810,32,,0,0,0,False,36.0,45.0,49.0,35.48,8.0,75.0,36.0,0,0,50.0,49.0,29.7,3495,0,0,True,False,False,1601.8,734.6,2.18,0.062,0.252,1.469,1071.3,0.52
template,64,1,2000000,1.024,500,1,0.3004,0.426,600780,600780,0,601005,0,1999712,2000461,1023853053,1.0239,1.4078,1.0242,-225,-225,-0.037,0.0,False,60.5,0.0,16.729,0.0,4.97,3,104.7,0.0,0,False,False,600808,1999806,1.0239,-28,197,0.033,-0.005,601017,0,0,0,0.0,209,0.035,-12,18813,32,,0,0,0,False,38.0,52.0,57.0,38.24,10.0,71.0,38.0,0,0,50.0,49.0,53.9,3498,0,0,True,False,False,4679.4,1200.1,3.899,0.066,0.215,2.401,997.1,0.528
modular,64,1,2000000,1.024,500,1,0.3004,0.426,600651,600651,0,601004,0,1999427,2000602,1023707024,1.0237,1.4076,1.0243,-353,-353,-0.059,0.0,False,85.89,0.0,8.884,0.003,4.92,2,107.7,0.0,0,False,False,600669,1999487,1.0237,-18,335,0.056,-0.003,601035,0,0,0,0.0,366,0.061,-31,18808,32,,0,0,0,False,35.0,51.0,62.0,35.35,11.0,73.0,35.0,0,0,50.0,49.0,73.9,3498,0,0,True,False,False,6659.3,1574.8,4.229,0.042,0.213,3.151,1053.2,0.515
rxonly,64,1,2500000,1.28,400,1,0.3003,0.433,750640,750637,3,750637,750656,2499928,2499918,1279963526,1.28,1.7599,1.28,3,0,0.0,0.0,True,62.07,0.01,41.963,0.0,3.3,5,126.8,0.0,0,False,False,,,,,,,,,,,,,,,,0,64,,0,0,0,False,,,,,,,,0,0,50.0,48.0,58.1,3499,0,0,True,False,False,592.5,1156.2,0.512,0.025,1.098,2.89,0.6,0.41
baseline,64,1,2500000,1.28,400,1,0.3003,0.43,750814,750600,214,750600,0,2500466,2499754,1280239089,1.2802,1.7603,1.2799,214,0,0.029,0.029,False,23.65,0.01,42.142,0.0,3.32,6,114.3,0.0,0,False,False,750764,2500300,1.2802,50,-164,-0.022,0.007,750559,0,0,0,0.0,-205,-0.027,41,11745,64,,0,0,0,False,28.0,38.0,43.0,28.33,8.0,53.0,28.0,0,0,50.0,48.0,26.8,3498,0,0,True,False,False,817.0,632.6,1.291,0.045,0.274,1.581,913.9,0.583
p1_static,64,1,2500000,1.28,400,1,0.3004,0.423,750922,750922,0,750933,0,2499946,2499982,1279972354,1.28,1.76,1.28,-11,-11,-0.001,0.0,False,32.08,0.01,22.342,0.0,3.19,7,117.2,0.0,0,False,False,750895,2499856,1.2799,27,38,0.005,0.004,750953,0,0,0,0.0,58,0.008,-20,11756,64,,0,0,0,False,39.0,48.0,51.0,38.43,12.0,65.0,39.0,0,0,50.0,49.0,31.2,3498,0,0,True,False,False,1352.9,605.4,2.235,0.046,0.217,1.513,923.6,0.561
hardcoded,64,1,2500000,1.28,400,1,0.3003,0.418,750875,750875,0,750884,0,2500125,2500155,1280064423,1.2801,1.7601,1.2801,-9,-9,-0.001,0.0,False,34.11,0.0,21.23,0.0,3.21,6,114.0,0.0,0,False,False,750848,2500035,1.28,27,36,0.005,0.004,750805,0,0,0,0.0,-43,-0.006,79,11753,64,,0,0,0,False,40.0,48.0,51.0,39.37,13.0,63.0,40.0,0,0,50.0,49.0,33.4,3496,0,0,True,False,False,1557.0,631.9,2.464,0.045,0.215,1.58,953.3,0.545
template,64,1,2500000,1.28,400,1,0.3003,0.419,750823,750791,32,750791,0,2500155,2500049,1280079680,1.2801,1.7601,1.28,32,0,0.004,0.004,False,76.59,0.0,13.766,0.0,3.43,6,110.4,0.0,0,False,False,750807,2500102,1.2801,16,-16,-0.002,0.002,750801,0,0,0,0.0,-6,-0.001,-10,11747,64,,0,0,0,False,31.0,45.0,54.0,31.28,8.0,64.0,31.0,0,0,50.0,50.0,67.8,3492,0,0,True,False,False,4651.5,1166.8,3.986,0.047,0.197,2.917,889.9,0.58
modular,64,1,2500000,1.28,400,1,0.3003,0.423,750780,704569,46211,704569,0,2499834,2345968,1279915240,1.2799,1.7599,1.2011,46211,0,6.155,6.155,False,99.88,0.01,0.0,0.01,3.43,11,140.3,0.0,0,False,False,704582,2346011,1.2012,46198,-13,-0.002,6.153,704568,0,0,0,0.0,-14,-0.002,1,11030,64,,0,0,0,False,125.0,135.0,145.0,124.94,105.0,177.0,125.0,0,0,51.0,50.0,84.7,3498,0,0,True,False,False,6616.9,1488.8,4.444,0.058,0.176,3.493,971.9,0.559
rxonly,64,1,3000000,1.536,333,1,0.3003,0.422,901811,901811,0,901846,901826,3002944,3003060,1537507519,1.5375,2.1141,1.5376,-35,-35,-0.004,0.0,True,65.11,0.01,40.372,0.0,2.47,12,120.8,0.0,0,False,False,,,,,,,,,,,,,,,,0,64,,0,0,0,False,,,,,,,,0,0,50.0,49.0,62.7,3497,0,0,True,False,False,559.2,989.0,0.565,0.021,1.074,2.97,0.5,0.401
baseline,64,1,3000000,1.536,333,1,0.3003,0.424,901749,901749,0,901900,0,3002626,3003129,1537344741,1.5373,2.1138,1.5376,-151,-151,-0.017,0.0,False,26.48,0.01,39.861,0.0,2.4,8,122.8,0.0,0,False,False,901723,3002539,1.5373,26,177,0.02,0.003,901896,0,0,0,0.0,173,0.019,4,14112,64,,0,0,0,False,27.0,36.0,41.0,27.05,7.0,51.0,27.0,0,0,50.0,49.0,29.3,3498,0,0,True,False,False,779.6,544.9,1.431,0.038,0.245,1.636,788.5,0.642
p1_static,64,1,3000000,1.536,333,1,0.3002,0.421,901745,901515,230,901515,0,3003512,3002746,1537798488,1.5378,2.1145,1.5374,230,0,0.026,0.026,False,38.61,0.01,21.783,0.0,2.49,12,115.6,0.0,0,False,False,901717,3003419,1.5378,28,-202,-0.022,0.003,901457,0,0,0,0.0,-260,-0.029,58,14107,64,,0,0,0,False,35.0,45.0,49.0,35.09,12.0,59.0,35.0,0,0,50.0,49.0,36.8,3502,0,0,True,False,False,1337.7,579.0,2.31,0.04,0.208,1.739,779.1,0.641
hardcoded,64,1,3000000,1.536,333,1,0.3004,0.432,901837,901667,170,901667,0,3002501,3001935,1537280896,1.5373,2.1138,1.537,170,0,0.019,0.019,False,39.53,0.01,21.611,0.0,2.55,11,111.1,0.0,0,False,False,901776,3002298,1.5372,61,-109,-0.012,0.007,901754,0,0,0,0.0,-22,-0.002,-87,14119,64,,0,0,0,False,36.0,44.0,48.0,35.43,11.0,63.0,36.0,0,0,50.0,49.0,36.8,3497,0,0,True,False,False,1543.3,588.6,2.622,0.039,0.209,1.767,794.9,0.63
template,64,1,3000000,1.536,333,1,0.3004,0.437,901876,901876,0,901991,0,3002598,3002981,1537330470,1.5373,2.1138,1.5375,-115,-115,-0.013,0.0,False,88.95,0.0,6.832,0.01,2.25,11,111.7,0.0,0,False,False,901810,3002378,1.5372,66,181,0.02,0.007,902029,0,0,0,0.0,219,0.024,-38,14115,64,,0,0,0,False,29.0,42.0,51.0,29.1,7.0,72.0,29.0,0,0,50.0,49.0,74.4,3497,0,0,True,False,False,4621.0,1074.7,4.3,0.06,0.169,3.227,849.8,0.598
modular,64,1,3000000,1.536,333,1,0.3003,0.432,901959,705612,196347,705612,0,3003070,2349333,1537572092,1.5376,2.1142,1.2029,196347,0,21.769,21.769,False,100.21,0.01,0.0,0.02,2.85,64,288.2,0.0,0,False,False,705562,2349167,1.2028,196397,50,0.006,21.774,705598,0,0,0,0.0,36,0.004,14,11046,64,,0,0,0,False,123.0,131.0,139.0,122.19,104.0,164.0,123.0,0,0,51.0,49.0,83.1,3499,0,0,True,False,False,6618.7,1486.8,4.452,0.053,0.177,3.493,982.3,0.58
rxonly,64,1,3500000,1.792,286,1,0.3003,0.417,1049836,1049836,0,1050013,1050024,3495853,3496442,1789876888,1.7899,2.4611,1.7902,-177,-177,-0.017,0.0,True,62.5,0.01,41.471,0.003,2.05,24,121.6,0.0,0,False,False,,,,,,,,,,,,,,,,0,64,,0,0,0,False,,,,,,,,0,0,50.0,49.0,60.2,3497,0,0,True,False,False,538.7,825.0,0.653,0.022,0.829,2.884,0.4,0.474
baseline,64,1,3500000,1.792,286,1,0.3003,0.418,1049929,1049869,60,1049869,0,3496090,3495890,1789998308,1.79,2.4612,1.7899,60,0,0.006,0.006,False,29.61,0.01,38.989,0.0,1.86,18,117.7,0.0,0,False,False,1049917,3496050,1.79,12,-48,-0.005,0.001,1049847,0,0,0,0.0,-70,-0.007,22,16430,64,,0,0,0,False,26.0,34.0,39.0,26.21,8.0,52.0,26.0,0,0,50.0,49.0,32.1,3498,0,0,True,False,False,760.6,493.0,1.543,0.034,0.227,1.723,702.0,0.715
p1_static,64,1,3500000,1.792,286,1,0.3004,0.424,1049994,1049994,0,1050084,0,3495669,3495968,1789782641,1.7898,2.461,1.7899,-90,-90,-0.009,0.0,False,42.83,0.0,20.585,0.0,1.74,16,112.4,0.0,0,False,False,1049958,3495549,1.7897,36,126,0.012,0.003,1050172,0,0,0,0.0,214,0.02,-88,16435,64,,0,0,0,False,36.0,45.0,48.0,35.43,8.0,63.0,36.0,0,0,50.0,49.0,40.0,3500,0,0,True,False,False,1323.1,531.0,2.492,0.042,0.192,1.856,712.8,0.679
hardcoded,64,1,3500000,1.792,286,1,0.3004,0.419,1050167,1049841,326,1049841,0,3496282,3495197,1790096819,1.7901,2.4614,1.7895,326,0,0.031,0.031,False,45.43,0.0,20.036,0.0,1.75,23,113.1,0.0,0,False,False,1050111,3496096,1.79,56,-270,-0.026,0.005,1049901,0,0,0,0.0,-210,-0.02,-60,16438,64,,0,0,0,False,35.0,44.0,48.0,35.17,8.0,65.0,35.0,0,0,50.0,49.0,42.6,3501,0,0,True,False,False,1528.0,556.0,2.748,0.044,0.192,1.943,722.7,0.67
template,64,1,3500000,1.792,286,1,0.3003,0.417,1049822,1020373,29449,1020373,0,3495928,3397862,1789915432,1.7899,2.4611,1.7397,29449,0,2.805,2.805,False,100.23,0.0,0.0,0.007,1.79,58,125.9,0.0,0,False,False,1020143,3397096,1.7393,29679,230,0.022,2.827,1020382,0,0,0,0.0,239,0.023,-9,15967,64,,0,0,0,False,84.0,95.0,102.0,84.49,63.0,122.0,84.0,0,0,50.0,49.0,85.6,3499,0,0,True,False,False,4599.6,1028.1,4.474,0.053,0.16,3.493,787.7,0.661
modular,64,1,3500000,1.792,286,1,0.3003,0.428,1046029,712154,333875,712154,0,3483330,2371509,1783465343,1.7835,2.4523,1.2142,333875,0,31.918,31.918,False,99.89,0.01,0.0,0.017,2.2,2845,362.3,0.0,0,False,False,712141,2371466,1.2142,333888,13,0.001,31.92,712161,0,0,0,0.0,20,0.002,-7,11146,64,,0,0,0,False,120.0,132.0,141.0,121.25,104.0,168.0,120.0,0,0,51.0,49.0,83.8,3498,0,0,True,False,False,6619.9,1472.9,4.494,0.059,0.178,3.493,964.6,0.603
rxonly,64,1,4000000,2.048,250,1,0.3003,0.42,1200519,1200519,0,1200527,1200513,3998066,3998092,2047009852,2.047,2.8146,2.047,-8,-8,-0.001,0.0,True,61.27,0.02,42.258,0.003,1.72,33,115.9,0.0,0,False,False,,,,,,,,,,,,,,,,0,64,,0,0,0,False,,,,,,,,0,0,50.0,50.0,60.1,3496,0,0,True,False,False,522.9,720.6,0.726,0.02,0.72,2.881,0.4,0.401
baseline,64,1,4000000,2.048,250,1,0.3004,0.432,1201045,1201045,0,1201157,0,3998468,3998840,2047215650,2.0472,2.8149,2.0474,-112,-112,-0.009,0.0,False,33.79,0.01,35.685,0.003,1.29,26,115.3,0.0,0,False,False,1201019,3998381,2.0472,26,138,0.011,0.002,1201098,0,0,0,0.0,79,0.007,59,18799,64,,0,0,0,False,25.0,32.0,36.0,25.07,6.0,48.0,25.0,0,0,50.0,50.0,33.8,3499,0,0,True,False,False,741.1,451.4,1.642,0.04,0.212,1.805,659.8,0.757
p1_static,64,1,4000000,2.048,250,1,0.3004,0.429,1201355,1201201,154,1201201,0,3998997,3998484,2047486479,2.0475,2.8153,2.0472,154,0,0.013,0.013,False,48.7,0.01,20.275,0.0,1.38,40,112.9,0.0,0,False,False,1201305,3998830,2.0474,50,-104,-0.009,0.004,1201305,0,0,0,0.0,0,0.0,-104,18810,64,,0,0,0,False,33.0,42.0,46.0,32.81,7.0,56.0,33.0,0,0,51.0,49.0,44.4,3500,0,0,True,False,False,1315.0,515.6,2.55,0.04,0.181,2.062,620.8,0.763
hardcoded,64,1,4000000,2.048,250,1,0.3004,0.422,1201058,1201058,0,1201359,0,3998540,3999543,2047252960,2.0473,2.815,2.0478,-301,-301,-0.025,0.0,False,51.11,0.01,19.948,0.0,1.36,27,110.7,0.0,0,False,False,1200966,3998234,2.0471,92,393,0.033,0.008,1201313,0,0,0,0.0,347,0.029,46,18800,64,,0,0,0,False,32.0,41.0,46.0,31.56,6.0,54.0,32.0,0,0,50.0,49.0,47.2,3501,0,0,True,False,False,1521.0,535.0,2.843,0.038,0.182,2.14,617.7,0.767
template,64,1,4000000,2.048,250,1,0.3003,0.434,1195855,1027494,168361,1027494,0,3981606,3421047,2038582651,2.0386,2.8031,1.7516,168361,0,14.079,14.079,False,99.88,0.0,0.0,0.01,1.48,2153,246.5,0.0,0,False,False,1027520,3421134,1.7516,168335,-26,-0.002,14.077,1027469,0,0,0,0.0,-51,-0.004,25,16084,64,,0,0,0,False,86.0,93.0,100.0,85.66,65.0,117.0,86.0,0,0,51.0,50.0,82.6,3498,0,0,True,False,False,4600.7,1021.0,4.506,0.058,0.159,3.493,694.7,0.774
modular,64,1,4000000,2.048,250,1,0.3003,0.421,1184762,697819,486943,697819,0,3945237,2323725,2019961482,2.02,2.7774,1.1897,486943,0,41.1,41.1,False,99.89,0.01,0.0,0.013,1.91,7447,480.9,0.0,0,False,False,697841,2323798,1.1898,486921,-22,-0.002,41.099,697825,0,0,0,0.0,-16,-0.001,-6,10923,64,,0,0,0,False,124.0,131.0,139.0,125.11,99.0,158.0,124.0,0,0,51.0,50.0,85.2,3500,0,0,True,False,False,6620.1,1503.1,4.404,0.058,0.176,3.493,901.0,0.646
rxonly,64,1,5000000,2.56,200,1,0.3003,0.421,1500640,1500640,0,1500644,1500719,4997284,4997298,2558609818,2.5586,3.5181,2.5586,-4,-4,-0.0,0.0,True,65.85,0.01,37.78,0.0,1.15,110,114.1,0.0,0,False,False,,,,,,,,,,,,,,,,0,128,,0,0,0,False,,,,,,,,0,0,50.0,49.0,62.3,3498,0,0,True,False,False,490.6,588.6,0.834,0.016,0.619,2.941,0.3,0.401
baseline,64,1,5000000,2.56,200,1,0.3003,0.422,1500755,1500692,63,1500692,0,4996861,4996652,2558393242,2.5584,3.5178,2.5583,63,0,0.004,0.004,False,40.05,0.01,36.009,0.003,0.85,67,116.0,0.0,0,False,False,1500672,4996585,2.5583,83,20,0.001,0.006,1500843,0,0,0,0.0,171,0.011,-151,11743,128,,0,0,0,False,23.0,29.0,34.0,22.84,6.0,46.0,23.0,0,0,50.0,49.0,40.3,3496,0,0,True,False,False,724.4,409.2,1.77,0.029,0.203,2.045,528.5,0.91
p1_static,64,1,5000000,2.56,200,1,0.3003,0.424,1500864,1500864,0,1500941,0,4997938,4998194,2558944501,2.5589,3.5185,2.5591,-77,-77,-0.005,0.0,False,60.25,0.01,23.41,0.0,0.94,42,105.0,0.0,0,False,False,1500836,4997845,2.5589,28,105,0.007,0.002,1500917,0,0,0,0.0,81,0.005,24,11743,128,,0,0,0,False,24.0,36.0,42.0,24.92,5.0,64.0,24.0,0,0,50.0,51.0,54.9,3499,0,0,True,False,False,1311.1,503.3,2.605,0.04,0.175,2.515,487.4,0.947
hardcoded,64,1,5000000,2.56,200,1,0.3004,0.421,1501381,1501308,73,1501308,0,4998448,4998205,2559205684,2.5592,3.5189,2.5591,73,0,0.005,0.005,False,64.6,0.01,23.351,0.007,0.97,44,103.8,0.0,0,False,False,1501343,4998322,2.5591,38,-35,-0.002,0.003,1501287,0,0,0,0.0,-56,-0.004,21,11752,128,,0,0,0,False,22.0,35.0,42.0,22.73,5.0,48.0,22.0,0,0,50.0,51.0,59.2,3494,0,0,True,False,False,1517.6,534.2,2.841,0.034,0.177,2.67,472.9,0.983
template,64,1,5000000,2.56,200,1,0.3003,0.425,1450714,1034514,416200,1034514,0,4830578,3444718,2473256159,2.4733,3.4007,1.7637,416200,0,28.689,28.689,False,99.89,0.0,0.0,0.01,1.16,8799,370.2,0.0,0,False,False,1034443,3444481,1.7636,416271,71,0.005,28.694,1034524,0,0,0,0.0,81,0.006,-10,8096,128,,0,0,0,False,86.0,91.0,96.0,83.79,60.0,120.0,86.0,0,0,51.0,51.0,84.6,3495,0,0,True,False,False,4601.1,1014.1,4.537,0.054,0.159,3.493,703.5,0.759
modular,64,1,5000000,2.56,200,1,0.3003,0.419,1420677,702405,718272,702405,0,4731479,2339317,2422517626,2.4225,3.331,1.1977,718272,0,50.558,50.558,False,99.91,0.01,0.0,0.013,1.41,11537,427.5,0.0,0,True,False,702464,2339514,1.1978,718213,-59,-0.004,50.554,702402,0,0,0,0.0,-62,-0.004,3,5498,128,,0,0,0,False,128.0,132.0,138.0,126.04,102.0,162.0,128.0,0,0,51.0,51.0,85.3,3499,0,0,True,False,False,6620.0,1493.0,4.434,0.058,0.175,3.493,847.2,0.683
rxonly,64,1,6000000,3.072,167,1,0.3003,0.421,1796935,1796935,0,1797034,1797022,5984293,5984622,3063958074,3.064,4.2129,3.0641,-99,-99,-0.006,0.0,True,63.59,0.01,35.268,0.003,0.91,314,106.3,0.0,0,False,False,,,,,,,,,,,,,,,,0,128,,0,0,0,False,,,,,,,,0,0,50.0,49.0,60.1,3497,0,0,True,False,False,471.8,472.3,0.999,0.012,0.472,2.827,0.2,0.429
baseline,64,1,6000000,3.072,167,1,0.3004,0.421,1797877,1797877,0,1797949,0,5985842,5986082,3064751299,3.0648,4.214,3.0649,-72,-72,-0.004,0.0,False,45.74,0.02,35.914,0.0,0.54,112,119.1,0.0,0,False,False,1797916,5985972,3.0648,-39,33,0.002,-0.002,1798014,0,0,0,0.0,98,0.005,-65,14069,128,,0,0,0,False,20.0,26.0,30.0,20.33,5.0,44.0,20.0,0,0,51.0,49.0,45.2,3496,0,0,True,False,False,710.1,370.2,1.918,0.029,0.193,2.216,436.9,1.08
p1_static,64,1,6000000,3.072,167,1,0.3006,0.42,1799263,1799263,0,1799338,0,5985686,5985935,3064671358,3.0647,4.2139,3.0648,-75,-75,-0.004,0.0,False,71.46,0.01,18.147,0.0,0.64,43,108.8,0.0,0,False,False,1799218,5985536,3.0646,45,120,0.007,0.003,1799275,0,0,0,0.0,57,0.003,63,14092,128,,0,0,0,False,19.0,32.0,38.0,20.05,4.0,51.0,19.0,0,0,51.0,51.0,64.0,3498,0,0,True,False,False,1295.1,469.7,2.757,0.027,0.161,2.811,399.8,1.144
hardcoded,64,1,6000000,3.072,167,1,0.3004,0.419,1798215,1798050,165,1798050,0,5985939,5985390,3064800983,3.0648,4.2141,3.0645,165,0,0.009,0.009,False,77.08,0.0,14.723,0.003,0.6,139,112.4,0.0,0,False,False,1798164,5985769,3.0647,51,-114,-0.006,0.003,1797914,0,0,0,0.0,-250,-0.014,136,14076,128,,0,0,0,False,19.0,31.0,39.0,19.58,4.0,45.0,19.0,0,0,51.0,51.0,68.5,3497,0,0,True,False,False,1496.5,492.0,3.042,0.028,0.163,2.945,410.6,1.144
template,64,1,6000000,3.072,167,1,0.3003,0.424,1668135,1014334,653801,1014334,0,5554656,3377590,2843983973,2.844,3.9105,1.7293,653801,0,39.194,39.194,False,99.89,0.0,0.0,0.01,0.78,13632,412.4,0.0,0,True,False,1014290,3377443,1.7293,653845,44,0.003,39.196,1014341,0,0,0,0.0,51,0.003,-7,7938,128,,0,0,0,False,85.0,91.0,98.0,85.87,71.0,115.0,85.0,0,0,51.0,51.0,84.7,3497,0,0,True,False,False,4603.2,1034.2,4.451,0.043,0.162,3.493,756.2,0.749
modular,64,1,6000000,3.072,167,1,0.3003,0.416,1657799,707945,949854,707945,0,5520310,2357388,2826398909,2.8264,3.8863,1.207,949854,0,57.296,57.296,False,99.88,0.01,0.0,0.013,1.01,13042,389.8,0.0,0,True,False,707955,2357421,1.207,949844,-10,-0.001,57.295,707947,0,0,0,0.0,-8,-0.0,-2,5541,128,,0,0,0,False,124.0,129.0,135.0,124.7,115.0,171.0,124.0,0,0,51.0,51.0,85.7,3498,0,0,True,False,False,6619.9,1481.7,4.468,0.04,0.176,3.493,821.5,0.701
rxonly,64,1,7000000,3.584,143,1,0.3003,0.419,2098767,2098767,0,2099120,2099129,6988867,6990042,3578299965,3.5783,4.9202,3.5789,-353,-353,-0.017,0.0,True,61.47,0.02,39.897,0.003,0.7,568,114.0,0.0,0,False,False,,,,,,,,,,,,,,,,0,128,,0,0,0,False,,,,,,,,0,0,51.0,50.0,59.3,3499,0,0,True,False,False,466.1,401.7,1.16,0.011,0.38,2.808,0.2,0.41
baseline,64,1,7000000,3.584,143,1,0.3004,0.417,2095761,2095761,0,2096259,0,6977150,6978807,3572300802,3.5723,4.9119,3.5731,-498,-498,-0.024,0.0,False,50.79,0.01,34.693,0.0,0.35,1181,132.3,0.0,0,False,False,2095440,6976081,3.5718,321,819,0.039,0.015,2096089,0,0,0,0.0,649,0.031,170,16399,128,,0,0,0,False,18.0,25.0,35.0,18.77,3.0,129.0,18.0,0,0,51.0,50.0,49.7,3496,0,0,True,False,False,700.5,341.3,2.053,0.03,0.177,2.382,350.8,1.311
p1_static,64,1,7000000,3.584,143,1,0.3004,0.424,2084359,2084359,0,2084380,0,6937950,6938020,3552230859,3.5522,4.8843,3.5523,-21,-21,-0.001,0.0,False,84.09,0.0,10.678,0.0,0.38,1393,142.3,0.0,0,False,False,2084159,6937285,3.5519,200,221,0.011,0.01,2084318,0,0,0,0.0,159,0.008,62,16315,128,,0,0,0,False,17.0,30.0,37.0,18.27,4.0,88.0,17.0,0,0,51.0,50.0,73.1,3497,0,0,True,False,False,1282.3,450.3,2.847,0.048,0.153,3.124,386.2,1.233
hardcoded,64,1,7000000,3.584,143,1,0.3004,0.422,2082575,2082575,0,2082792,0,6933408,6934131,3549905327,3.5499,4.8811,3.5503,-217,-217,-0.01,0.0,False,89.39,0.0,7.238,0.0,0.4,1071,129.4,0.0,0,False,False,2082283,6932436,3.5494,292,509,0.024,0.014,2082630,0,0,0,0.0,347,0.017,162,16298,128,,0,0,0,False,17.0,30.0,38.0,18.44,3.0,73.0,17.0,0,0,51.0,50.0,76.8,3498,0,0,True,False,False,1483.8,468.6,3.167,0.049,0.154,3.249,401.8,1.198
template,64,1,7000000,3.584,143,1,0.3003,0.431,1903658,1019277,884381,1019277,0,6338828,3394003,3245480354,3.2455,4.4625,1.7377,884381,0,46.457,46.457,False,99.89,0.0,0.0,0.01,0.5,16699,419.7,0.0,0,True,False,1019360,3394280,1.7379,884298,-83,-0.004,46.453,1019276,0,0,0,0.0,-84,-0.004,1,7978,128,,0,0,0,False,78.0,90.0,97.0,79.98,71.0,120.0,78.0,0,0,51.0,51.0,83.3,3498,0,0,True,False,False,4603.3,1029.1,4.473,0.049,0.159,3.493,748.8,0.758
modular,64,1,7000000,3.584,143,1,0.3004,0.436,1929798,700368,1229430,700368,0,6424759,2331692,3289476779,3.2895,4.523,1.1938,1229430,0,63.708,63.708,False,100.2,0.01,0.0,0.013,0.69,12258,331.4,0.0,0,True,False,700247,2331289,1.1936,1229551,121,0.006,63.714,700383,0,0,0,0.0,136,0.007,-15,5481,128,,0,0,0,False,121.0,126.0,132.0,121.61,112.0,155.0,121.0,0,0,51.0,51.0,82.5,3500,0,0,True,False,False,6620.5,1498.2,4.419,0.04,0.176,3.493,806.7,0.712
rxonly,64,1,8000000,4.096,125,1,0.3002,0.422,2399744,2399744,0,2399831,2399713,7992856,7993145,4092342276,4.0923,5.627,4.0925,-87,-87,-0.004,0.0,True,60.13,0.01,39.832,0.007,0.53,3248,128.4,0.0,0,False,False,,,,,,,,,,,,,,,,0,128,,0,0,0,False,,,,,,,,0,0,51.0,50.0,57.8,3494,0,0,True,False,False,457.5,345.9,1.323,0.01,0.313,2.764,0.2,0.417
baseline,64,1,8000000,4.096,125,1,0.3004,0.427,2376602,2376423,179,2376423,0,7910913,7910317,4050387500,4.0504,5.5693,4.0501,179,0,0.008,0.008,False,55.6,0.01,33.676,0.0,0.19,1634,160.4,0.0,0,False,False,2375775,7908160,4.049,827,648,0.027,0.035,2376439,0,0,0,0.0,664,0.028,-16,18597,128,,0,0,0,False,16.0,25.0,35.0,17.17,3.0,77.0,16.0,0,0,51.0,50.0,52.6,3495,0,0,True,False,False,693.6,320.3,2.166,0.042,0.167,2.534,292.4,1.553
p1_static,64,1,8000000,4.096,125,1,0.3005,0.428,2374097,2373770,327,2373770,0,7901750,7900662,4045696508,4.0457,5.5628,4.0451,327,0,0.014,0.014,False,96.22,0.0,2.503,0.007,0.19,5917,168.0,0.0,0,False,False,2373019,7898163,4.0439,1078,751,0.032,0.045,2373761,0,0,0,0.0,742,0.031,9,18580,128,,0,0,0,False,14.0,26.0,36.0,15.47,3.0,86.0,14.0,0,0,51.0,51.0,81.0,3497,0,0,True,False,False,1271.8,431.1,2.95,0.051,0.147,3.406,378.3,1.299
hardcoded,64,1,8000000,4.096,125,1,0.3006,0.428,2400140,2399602,538,2399602,0,7983990,7982200,4087803138,4.0878,5.6207,4.0869,538,0,0.022,0.022,False,99.74,0.01,0.047,0.013,0.2,536,120.8,0.0,0,False,False,2399743,7982669,4.0871,397,-141,-0.006,0.017,2399573,0,0,0,0.0,-170,-0.007,29,18797,128,,0,0,0,False,12.0,18.0,31.0,12.85,4.0,71.0,12.0,0,0,51.0,51.0,83.6,3496,0,0,True,False,False,1474.3,437.2,3.372,0.033,0.157,3.49,377.6,1.293
template,64,1,8000000,4.096,125,1,0.3004,0.426,2127689,1008664,1119025,1008664,0,7083145,3357874,3626570370,3.6266,4.9865,1.7192,1119025,0,52.593,52.593,False,100.2,0.01,0.0,0.017,0.3,21188,453.2,0.0,0,True,False,1008456,3357182,1.7189,1119233,208,0.01,52.603,1008677,0,0,0,0.0,221,0.01,-13,7896,128,,0,0,0,False,87.0,93.0,98.0,87.17,68.0,115.0,87.0,0,0,51.0,51.0,84.3,3496,0,0,True,False,False,4603.5,1040.4,4.425,0.057,0.159,3.493,727.1,0.78
modular,64,1,8000000,4.096,125,1,0.3003,0.432,2155091,708897,1446194,708897,0,7176451,2360626,3674343251,3.6743,5.0522,1.2086,1446194,0,67.106,67.106,False,99.9,0.0,0.0,0.01,0.43,17708,405.7,0.0,0,True,False,708830,2360403,1.2085,1446261,67,0.003,67.109,708903,0,0,0,0.0,73,0.003,-6,5549,128,,0,0,0,False,119.0,123.0,127.0,119.58,106.0,157.0,119.0,0,0,51.0,51.0,83.1,3497,0,0,True,False,False,6620.0,1479.7,4.474,0.041,0.176,3.493,794.4,0.72
rxonly,64,1,9000000,4.608,111,1,0.3003,0.425,2701248,2700925,323,2700925,2701036,8994760,8993684,4605317378,4.6053,6.3323,4.6048,323,0,0.012,0.012,True,57.78,0.02,40.558,0.003,0.37,4882,136.5,0.0,0,False,False,,,,,,,,,,,,,,,,0,256,,0,0,0,False,,,,,,,,0,0,51.0,51.0,55.7,3501,0,0,True,False,False,450.9,299.2,1.507,0.009,0.25,2.691,0.2,0.457
baseline,64,1,9000000,4.608,111,1,0.3004,0.422,2587329,2576775,10554,2576775,0,8612855,8577722,4409781890,4.4098,6.0635,4.3918,10554,0,0.408,0.408,False,58.77,0.02,29.717,0.01,0.05,5139,314.9,0.0,0,False,False,2573091,8565458,4.3855,14238,3684,0.142,0.55,2576666,0,0,0,0.0,3575,0.138,109,10068,256,,0,0,0,False,16.0,28.0,37.0,16.91,3.0,65.0,16.0,0,0,51.0,51.0,55.0,3499,0,0,True,False,False,685.9,300.0,2.286,0.036,0.157,2.573,257.4,1.787
p1_static,64,1,9000000,4.608,111,1,0.3005,0.432,2668253,2555211,113042,2555211,0,8880650,8504416,4546892815,4.5469,6.252,4.3543,113042,0,4.237,4.237,False,99.88,0.01,0.116,0.02,0.05,11832,309.8,0.0,0,False,False,2554220,8501118,4.3526,114033,991,0.037,4.274,2555376,0,0,0,0.0,1156,0.043,-165,10001,256,,0,0,0,False,35.0,39.0,42.0,34.43,13.0,87.0,35.0,0,0,51.0,50.0,82.8,3492,0,0,True,False,False,1268.5,409.9,3.095,0.022,0.155,3.486,351.8,1.384
hardcoded,64,1,9000000,4.608,111,1,0.3004,0.427,2645511,2440982,204529,2440982,0,8807349,8126438,4509363189,4.5094,6.2004,4.1607,204529,0,7.731,7.731,False,99.87,0.0,0.0,0.01,0.07,14174,327.0,0.0,0,False,False,2442122,8130233,4.1627,203389,-1140,-0.043,7.688,2440935,0,0,0,0.0,-1187,-0.045,47,9559,256,,0,0,0,False,35.0,39.0,42.0,35.26,27.0,59.0,35.0,0,0,51.0,50.0,83.9,3495,0,0,True,False,False,1474.2,429.7,3.431,0.018,0.112,3.492,362.7,1.34
template,64,1,9000000,4.608,111,1,0.3003,0.422,2328714,1021772,1306942,1021772,0,7754221,3402326,3970161209,3.9702,5.459,1.742,1306942,0,56.123,56.123,False,100.22,0.01,0.0,0.017,0.16,33871,545.1,0.0,0,True,False,1021763,3402296,1.742,1306951,9,0.0,56.123,1021774,0,0,0,0.0,11,0.0,-2,3999,256,,0,0,0,False,83.0,86.0,98.0,83.47,75.0,123.0,83.0,0,0,51.0,51.0,84.7,3500,0,0,True,False,False,4603.6,1026.7,4.484,0.029,0.096,3.493,735.3,0.769
modular,64,1,9000000,4.608,111,1,0.3004,0.427,2360312,706332,1653980,706332,0,7858271,2351616,4023434794,4.0234,5.5322,1.204,1653980,0,70.075,70.075,False,99.88,0.0,0.0,0.01,0.29,24431,430.6,0.0,0,True,False,706181,2351113,1.2038,1654131,151,0.006,70.081,706356,0,0,0,0.0,175,0.007,-24,2764,256,,0,0,0,False,120.0,123.0,131.0,119.92,112.0,152.0,120.0,0,0,51.0,51.0,83.9,3496,0,0,True,False,False,6620.2,1485.6,4.456,0.037,0.176,3.494,794.3,0.722
rxonly,64,1,10000000,5.12,100,1,0.3003,0.424,2994778,2994778,0,2995117,2995114,9971854,9972983,5105589424,5.1056,7.0202,5.1062,-339,-339,-0.011,0.0,True,58.82,0.01,31.649,0.003,0.28,6984,156.5,0.0,0,False,False,,,,,,,,,,,,,,,,0,256,,0,0,0,False,,,,,,,,0,0,51.0,50.0,55.5,3498,0,0,True,False,False,438.6,261.9,1.674,0.012,0.208,2.612,0.1,0.459
baseline,64,1,10000000,5.12,100,1,0.3004,0.426,2737842,2708615,29227,2708615,0,9113577,9016288,4666151910,4.6662,6.416,4.6163,29227,0,1.068,1.068,False,61.74,0.01,26.8,0.003,0.01,129630,937.8,0.0,0,True,False,2703366,8998816,4.6074,34476,5249,0.192,1.259,2708779,0,0,0,0.0,5413,0.198,-164,10580,256,,0,0,0,False,15.0,29.0,37.0,16.81,3.0,65.0,15.0,0,0,51.0,50.0,56.5,3499,0,0,True,False,False,680.9,290.8,2.342,0.026,0.137,2.622,247.9,1.886
p1_static,64,1,10000000,5.12,100,1,0.3005,0.417,2773893,2565672,208221,2565672,0,9232153,8539145,4726862486,4.7269,6.4994,4.372,208221,0,7.506,7.506,False,99.9,0.01,0.126,0.017,0.0,141789,1203.7,0.0,0,True,False,2564914,8536623,4.3708,208979,758,0.027,7.534,2565706,0,0,0,0.0,792,0.029,-34,10044,256,,0,0,0,False,35.0,39.0,41.0,34.91,5.0,73.0,35.0,0,0,51.0,51.0,85.5,3497,0,0,True,False,False,1267.8,408.3,3.105,0.018,0.145,3.487,337.1,1.421
hardcoded,64,1,10000000,5.12,100,1,0.3004,0.423,2736737,2436285,300452,2436285,0,9110840,8110609,4664750295,4.6648,6.414,4.1526,300452,0,10.978,10.978,False,100.2,0.0,0.0,0.007,0.0,105541,989.8,0.0,0,True,False,2435776,8108914,4.1518,300961,509,0.019,10.997,2436393,0,0,0,0.0,617,0.023,-108,9535,256,,0,0,0,False,36.0,40.0,45.0,36.22,27.0,65.0,36.0,0,0,51.0,51.0,84.6,3501,0,0,True,False,False,1474.1,430.7,3.422,0.013,0.156,3.493,356.9,1.354
template,64,1,10000000,5.12,100,1,0.3004,0.422,2544671,1013064,1531607,1013064,0,8472238,3372899,4337785993,4.3378,5.9645,1.7269,1531607,0,60.189,60.189,False,99.87,0.01,0.0,0.017,0.05,76792,741.2,0.0,0,True,False,1013296,3373671,1.7273,1531375,-232,-0.009,60.18,1013056,0,0,0,0.0,-240,-0.009,8,3965,256,,0,0,0,False,80.0,92.0,99.0,82.19,70.0,114.0,80.0,0,0,51.0,51.0,85.0,3496,0,0,True,False,False,4603.1,1035.5,4.445,0.036,0.161,3.493,715.5,0.789
modular,64,1,10000000,5.12,100,1,0.3005,0.429,2575041,691622,1883419,691622,0,8570500,2301923,4388096156,4.3881,6.0336,1.1786,1883419,0,73.141,73.141,False,100.17,0.01,0.0,0.013,0.14,48221,575.3,0.0,0,True,False,691254,2300698,1.178,1883787,368,0.014,73.156,691651,0,0,0,0.0,397,0.015,-29,2707,256,,0,0,0,False,127.0,133.0,143.0,127.5,115.0,159.0,127.0,0,0,52.0,51.0,83.9,3494,0,0,True,False,False,6620.7,1518.0,4.361,0.049,0.175,3.494,795.9,0.723
rxonly,64,1,11000000,5.632,91,1,0.3003,0.427,3262759,3262118,641,3262118,3262137,10864323,10862189,5562533827,5.5625,7.6485,5.5614,641,0,0.02,0.02,True,57.64,0.03,32.133,0.007,0.18,16124,188.7,0.0,0,False,False,,,,,,,,,,,,,,,,0,256,,0,0,0,False,,,,,,,,0,0,51.0,51.0,54.3,3497,0,0,True,False,False,435.6,235.6,1.849,0.021,0.174,2.559,0.2,0.332
baseline,64,1,11000000,5.632,91,1,0.3004,0.424,2703671,2668841,34830,2668841,0,9000228,8884283,4608117161,4.6081,6.3362,4.5488,34830,0,1.288,1.288,False,61.4,0.01,26.235,0.007,0.0,967581,1264.9,0.0,0,True,False,2663298,8865831,4.5393,40373,5543,0.205,1.493,2668685,0,0,0,0.0,5387,0.199,156,10422,256,,0,0,0,False,15.0,30.0,38.0,16.78,3.0,88.0,15.0,0,0,51.0,51.0,56.7,3501,0,0,True,False,False,680.7,292.2,2.329,0.028,0.12,2.596,250.2,1.883
p1_static,64,1,11000000,5.632,91,1,0.3004,0.424,2705536,2588560,116976,2588560,0,9005499,8616139,4610815701,4.6108,6.3399,4.4115,116976,0,4.324,4.324,False,100.07,0.01,0.057,0.01,0.0,2052743,1435.4,0.0,0,True,False,2588102,8614615,4.4107,117434,458,0.017,4.341,2588553,0,0,0,0.0,451,0.017,7,10131,256,,0,0,0,False,34.0,38.0,42.0,33.58,7.0,63.0,34.0,0,0,52.0,51.0,83.9,3504,0,0,True,False,False,1268.0,405.2,3.13,0.022,0.122,3.491,335.2,1.449
hardcoded,64,1,11000000,5.632,91,1,0.3004,0.421,2651992,2454165,197827,2454165,0,8828513,8169945,4520199045,4.5202,6.2153,4.183,197827,0,7.46,7.46,False,99.87,0.0,0.0,0.013,0.0,1803913,1424.8,0.0,0,True,False,2454639,8171523,4.1838,197353,-474,-0.018,7.442,2454103,0,0,0,0.0,-536,-0.02,62,9608,256,,0,0,0,False,37.0,42.0,44.0,37.02,24.0,61.0,37.0,0,0,51.0,51.0,85.1,3497,0,0,True,False,False,1473.9,427.5,3.448,0.012,0.156,3.493,337.4,1.434
template,64,1,11000000,5.632,91,1,0.3003,0.427,2677498,1031367,1646131,1031367,0,8915656,3434293,4564816288,4.5648,6.2766,1.7584,1646131,0,61.48,61.48,False,99.89,0.0,0.0,0.013,0.01,173341,872.3,0.0,0,True,False,1031232,3433844,1.7581,1646266,135,0.005,61.485,1031380,0,0,0,0.0,148,0.006,-13,4035,256,,0,0,0,False,83.0,87.0,95.0,83.3,74.0,108.0,83.0,0,0,52.0,51.0,84.0,3496,0,0,True,False,False,4603.4,1017.2,4.526,0.025,0.156,3.493,698.0,0.81
modular,64,1,11000000,5.632,91,1,0.3003,0.419,2752951,690894,2062057,690894,0,9166235,2300403,4693112560,4.6931,6.453,1.1778,2062057,0,74.904,74.904,False,99.89,0.0,0.0,0.013,0.05,106040,799.1,0.0,0,True,False,690730,2299857,1.1775,2062221,164,0.006,74.909,690923,0,0,0,0.0,193,0.007,-29,2704,256,,0,0,0,False,127.0,131.0,140.0,126.89,116.0,166.0,127.0,0,0,52.0,51.0,85.5,3497,0,0,True,False,False,6620.4,1518.7,4.359,0.036,0.176,3.494,797.8,0.719
rxonly,64,1,12000000,6.144,83,1,0.3003,0.43,3564196,3555075,9121,3555075,3554782,11868368,11837996,6076604653,6.0766,8.3553,6.0611,9121,0,0.256,0.256,True,55.63,0.01,34.554,0.01,0.11,18540,209.5,0.0,0,False,False,,,,,,,,,,,,,,,,0,256,,0,0,0,False,,,,,,,,0,0,51.0,50.0,51.8,3498,0,0,True,False,False,435.3,212.4,2.049,0.018,0.147,2.514,0.1,0.466
baseline,64,1,12000000,6.144,83,1,0.3004,0.424,2743634,2714116,29518,2714116,0,9132002,9033753,4675585343,4.6756,6.4289,4.6253,29518,0,1.076,1.076,False,60.33,0.01,24.594,0.003,0.0,1739067,1231.7,0.0,0,True,False,2710017,9020110,4.6183,33617,4099,0.149,1.225,2714171,0,0,0,0.0,4154,0.151,-55,10606,256,,0,0,0,False,16.0,29.0,37.0,16.66,2.0,60.0,16.0,0,0,51.0,50.0,55.7,3498,0,0,True,False,False,678.5,280.4,2.419,0.032,0.114,2.533,241.3,1.948
p1_static,64,1,12000000,6.144,83,1,0.3004,0.42,2786725,2595417,191308,2595417,0,9275338,8638588,4748973305,4.749,6.5298,4.423,191308,0,6.865,6.865,False,99.95,0.01,0.087,0.01,0.0,2434918,1310.9,0.0,0,True,False,2594700,8636202,4.4217,192025,717,0.026,6.891,2595488,0,0,0,0.0,788,0.028,-71,10157,256,,0,0,0,False,34.0,39.0,42.0,33.85,13.0,60.0,34.0,0,0,51.0,50.0,85.0,3496,0,0,True,False,False,1267.9,403.7,3.141,0.016,0.107,3.487,336.1,1.432
hardcoded,64,1,12000000,6.144,83,1,0.3004,0.426,2688615,2455245,233370,2455245,0,8948966,8172202,4581870927,4.5819,6.3001,4.1842,233370,0,8.68,8.68,False,99.95,0.0,0.087,0.013,0.0,2299378,1309.7,0.0,0,True,False,2455604,8173397,4.1848,233011,-359,-0.013,8.667,2455242,0,0,0,0.0,-362,-0.013,3,9613,256,,0,0,0,False,35.0,40.0,44.0,35.05,12.0,77.0,35.0,0,0,52.0,50.0,84.1,3493,0,0,True,False,False,1473.8,426.6,3.455,0.02,0.132,3.486,344.8,1.394
template,64,1,12000000,6.144,83,1,0.3003,0.419,2651499,1019058,1632441,1019058,0,8828851,3393217,4520371866,4.5204,6.2155,1.7373,1632441,0,61.567,61.567,False,99.89,0.0,0.0,0.01,0.0,621430,1092.8,0.0,0,True,False,1018992,3392997,1.7372,1632507,66,0.002,61.569,1019086,0,0,0,0.0,94,0.004,-28,3987,256,,0,0,0,False,84.0,88.0,96.0,84.43,70.0,118.0,84.0,0,0,52.0,51.0,85.6,3498,0,0,True,False,False,4603.4,1029.5,4.472,0.043,0.16,3.493,702.9,0.807
modular,64,1,12000000,6.144,83,1,0.3003,0.421,2856540,695332,2161208,695332,0,9511416,2315245,4869845198,4.8698,6.696,1.1854,2161208,0,75.658,75.658,False,99.89,0.0,0.0,0.01,0.0,417971,1020.2,0.0,0,True,False,695232,2314912,1.1852,2161308,100,0.004,75.662,695341,0,0,0,0.0,109,0.004,-9,2721,256,,0,0,0,False,130.0,135.0,144.0,129.95,107.0,166.0,130.0,0,0,52.0,51.0,84.8,3498,0,0,True,False,False,6620.3,1508.9,4.387,0.042,0.175,3.493,763.7,0.748
modular,64,2,500000,0.256,2000,1,0.3003,0.423,150155,150149,6,150149,0,500023,500003,256011962,0.256,0.352,0.256,6,0,0.004,0.004,False,32.58,0.02,69.485,0.0,34.58,0,77.8,0.0,0,False,False,150155,500023,0.256,0,-6,-0.004,0.0,150150,0,0,0,0.0,-5,-0.003,-1,18796,8,,0,0,0,False,19.0,25.0,28.0,19.35,7.0,41.0,19.0,0,0,52.0,51.0,39.0,3497,0,0,True,False,False,7995.2,4599.1,1.738,0.302,1.4,2.3,3752.8,0.472
template,64,2,500000,0.256,2000,1,0.3003,0.425,150156,150135,21,150135,0,500052,499982,256026665,0.256,0.352,0.256,21,0,0.014,0.014,False,25.73,0.01,69.355,0.0,34.51,0,76.0,0.0,0,False,False,150148,500025,0.256,8,-13,-0.009,0.005,150127,0,0,0,0.0,-21,-0.014,8,18794,8,,0,0,0,False,18.0,23.0,26.0,18.46,9.0,54.0,18.0,0,0,51.0,51.0,33.8,3496,0,0,True,False,False,6000.2,4235.0,1.417,0.298,1.26,2.117,3871.0,0.463
hardcoded,64,2,500000,0.256,2000,1,0.3004,0.427,150174,150174,0,150189,0,499993,500043,255996679,0.256,0.352,0.256,-15,-15,-0.01,0.0,False,16.58,0.02,69.875,0.0,34.77,0,76.5,0.0,0,False,False,150169,499976,0.256,5,20,0.013,0.003,150189,0,0,0,0.0,20,0.013,0,18803,8,,0,0,0,False,18.0,22.0,24.0,17.44,8.0,41.0,18.0,0,0,51.0,50.0,25.5,3495,0,0,True,False,False,2888.6,3586.4,0.805,0.305,1.257,1.793,3853.2,0.467
p1_static,64,2,500000,0.256,2000,1,0.3003,0.42,150206,150188,18,150188,0,500207,500147,256106103,0.2561,0.3521,0.2561,18,0,0.012,0.012,False,16.1,0.01,69.677,0.0,34.67,0,76.0,0.0,0,False,False,150205,500203,0.2561,1,-17,-0.011,0.001,150174,0,0,0,0.0,-31,-0.021,14,18800,8,,0,0,0,False,17.0,22.0,24.0,16.64,4.0,42.0,17.0,0,0,51.0,50.0,25.3,3500,0,0,True,False,False,2668.2,3475.7,0.768,0.296,1.246,1.738,3768.8,0.474
baseline,64,2,500000,0.256,2000,1,0.3003,0.419,150171,150171,0,150181,0,500027,500060,256013889,0.256,0.352,0.256,-10,-10,-0.007,0.0,False,13.39,0.02,68.725,0.0,34.18,0,79.4,0.0,0,False,False,150167,500013,0.256,4,14,0.009,0.003,150173,0,0,0,0.0,6,0.004,8,18798,8,,0,0,0,False,17.0,22.0,24.0,16.62,7.0,38.0,17.0,0,0,51.0,50.0,23.0,3497,0,0,True,False,False,2025.1,3296.0,0.614,0.296,1.267,1.648,3823.4,0.461
rxonly,64,2,500000,0.256,2000,1,0.3003,0.422,150138,150138,0,150174,150175,499960,500080,255979644,0.256,0.352,0.256,-36,-36,-0.024,0.0,True,18.42,0.01,73.22,0.0,36.49,0,71.6,0.0,0,False,False,,,,,,,,,,,,,,,,0,8,,0,0,0,False,,,,,,,,0,0,51.0,50.0,27.0,3498,0,0,True,False,False,1778.3,3607.4,0.493,0.145,1.941,1.804,3.1,0.478
modular,64,2,1000000,0.512,1000,1,0.3003,0.425,300271,300271,0,300281,0,1000015,1000048,512007979,0.512,0.704,0.512,-10,-10,-0.003,0.0,False,50.0,0.01,45.363,0.0,14.9,0,80.3,0.0,0,False,False,300263,999988,0.512,8,18,0.006,0.003,300284,0,0,0,0.0,21,0.007,-3,18790,16,,0,0,0,False,27.0,39.0,44.0,27.64,11.0,70.0,27.0,0,0,51.0,50.0,49.4,3501,0,0,True,False,False,7057.4,2467.3,2.86,0.1,0.58,2.467,1742.4,0.487
template,64,2,1000000,0.512,1000,1,0.3003,0.419,300292,300273,19,300273,0,1000005,999942,512002780,0.512,0.704,0.512,19,0,0.006,0.006,False,37.12,0.01,58.876,0.0,14.1,1,91.7,0.0,0,False,False,300276,999952,0.512,16,-3,-0.001,0.005,300275,0,0,0,0.0,-1,-0.0,-2,18794,16,,0,0,0,False,24.0,34.0,37.0,24.58,11.0,79.0,24.0,0,0,51.0,50.0,40.7,3496,0,0,True,False,False,5149.4,2159.7,2.384,0.095,0.584,2.16,1739.9,0.471
hardcoded,64,2,1000000,0.512,1000,1,0.3003,0.423,300294,300278,16,300278,0,1000069,1000016,512035632,0.512,0.704,0.512,16,0,0.005,0.005,False,21.09,0.01,56.605,0.0,13.5,0,93.7,0.0,0,False,False,300286,1000042,0.512,8,-8,-0.003,0.003,300269,0,0,0,0.0,-17,-0.006,9,18794,16,,0,0,0,False,22.0,27.0,30.0,21.71,10.0,56.0,22.0,0,0,51.0,50.0,27.4,3498,0,0,True,False,False,2039.9,1707.4,1.195,0.13,0.588,1.707,2153.3,0.461
p1_static,64,2,1000000,0.512,1000,1,0.3005,0.42,300417,300417,0,300537,0,999847,1000246,511921956,0.5119,0.7039,0.5121,-120,-120,-0.04,0.0,False,20.74,0.01,59.079,0.0,14.13,0,90.3,0.0,0,False,False,300421,999860,0.5119,-4,116,0.039,-0.001,300549,0,0,0,0.0,128,0.043,-12,18819,16,,0,0,0,False,21.0,26.0,29.0,20.71,8.0,45.0,21.0,0,0,51.0,50.0,27.6,3497,0,0,True,False,False,1858.6,1721.4,1.08,0.133,0.582,1.722,2154.0,0.471
baseline,64,2,1000000,0.512,1000,1,0.3003,0.419,300339,300329,10,300329,0,1000009,999976,512004919,0.512,0.704,0.512,10,0,0.003,0.003,False,15.49,0.02,56.19,0.0,13.39,0,95.4,0.0,0,False,False,300322,999953,0.512,17,7,0.002,0.006,300346,0,0,0,0.0,24,0.008,-17,18801,16,,0,0,0,False,21.0,26.0,28.0,20.94,8.0,46.0,21.0,0,0,51.0,50.0,22.7,3497,0,0,True,False,False,1217.8,1508.4,0.807,0.126,0.571,1.508,2174.9,0.456
rxonly,64,2,1000000,0.512,1000,1,0.3004,0.423,300350,300350,0,300524,300532,999761,1000341,511878129,0.5119,0.7038,0.5122,-174,-174,-0.058,0.0,True,32.36,0.01,60.598,0.0,14.51,1,92.6,0.0,0,False,False,,,,,,,,,,,,,,,,0,16,,0,0,0,False,,,,,,,,0,0,51.0,50.0,36.8,3500,0,0,True,False,False,992.2,2069.6,0.479,0.075,1.38,2.07,1.9,0.364
modular,64,2,1500000,0.768,667,1,0.3004,0.426,450346,450310,36,450310,0,1499379,1499259,767682410,0.7677,1.0556,0.7676,36,0,0.008,0.008,False,69.15,0.01,20.01,0.007,7.9,1,96.3,0.0,0,False,False,450329,1499323,0.7677,17,-19,-0.004,0.004,450335,0,0,0,0.0,6,0.001,-25,14096,32,,0,0,0,False,39.0,58.0,66.0,39.58,10.0,80.0,39.0,0,0,51.0,50.0,61.5,3495,0,0,True,False,False,6744.4,1831.6,3.682,0.044,0.285,2.746,1111.0,0.514
template,64,2,1500000,0.768,667,1,0.3003,0.424,450277,450145,132,450145,0,1499516,1499077,767752552,0.7678,1.0557,0.7675,132,0,0.029,0.029,False,47.67,0.01,28.03,0.0,8.04,0,97.8,0.0,0,False,False,450207,1499283,0.7676,70,-62,-0.014,0.016,450176,0,0,0,0.0,-31,-0.007,-31,14089,32,,0,0,0,False,36.0,51.0,58.0,36.77,11.0,70.0,36.0,0,0,51.0,50.0,44.9,3498,0,0,True,False,False,4778.5,1417.7,3.371,0.055,0.302,2.125,1177.5,0.505
hardcoded,64,2,1500000,0.768,667,1,0.3004,0.428,450313,450295,18,450295,0,1499240,1499180,767611115,0.7676,1.0555,0.7676,18,0,0.004,0.004,False,25.87,0.02,47.706,0.0,7.15,1,104.6,0.0,0,False,False,450303,1499207,0.7676,10,-8,-0.002,0.002,450320,0,0,0,0.0,17,0.004,-25,14097,32,,0,0,0,False,27.0,32.0,36.0,26.67,10.0,56.0,27.0,0,0,51.0,50.0,30.0,3499,0,0,True,False,False,1788.1,1160.5,1.541,0.083,0.399,1.74,1578.9,0.472
p1_static,64,2,1500000,0.768,667,1,0.3004,0.426,450404,450266,138,450266,0,1499485,1499026,767736540,0.7677,1.0556,0.7675,138,0,0.031,0.031,False,24.71,0.01,48.317,0.0,7.25,1,111.3,0.0,0,False,False,450396,1499458,0.7677,8,-130,-0.029,0.002,450251,0,0,0,0.0,-145,-0.032,15,14101,32,,0,0,0,False,26.0,32.0,35.0,26.49,10.0,60.0,26.0,0,0,51.0,50.0,29.1,3497,0,0,True,False,False,1590.8,1144.9,1.39,0.083,0.403,1.716,1626.3,0.465
baseline,64,2,1500000,0.768,667,1,0.3004,0.426,450235,450235,0,450356,0,1498944,1499347,767459703,0.7675,1.0553,0.7677,-121,-121,-0.027,0.0,False,17.95,0.01,49.176,0.0,7.4,1,108.9,0.0,0,False,False,450232,1498934,0.7675,3,124,0.028,0.001,450358,0,0,0,0.0,126,0.028,-2,14095,32,,0,0,0,False,24.0,29.0,33.0,24.21,12.0,50.0,24.0,0,0,51.0,50.0,23.4,3498,0,0,True,False,False,976.4,989.3,0.987,0.084,0.407,1.483,1589.7,0.476
rxonly,64,2,1500000,0.768,667,1,0.3003,0.419,450207,450207,0,450263,450262,1499207,1499393,767594151,0.7676,1.0554,0.7677,-56,-56,-0.012,0.0,True,45.92,0.02,53.111,0.0,8.07,1,104.6,0.0,0,False,False,,,,,,,,,,,,,,,,0,32,,0,0,0,False,,,,,,,,0,0,51.0,50.0,47.3,3500,0,0,True,False,False,771.8,1651.4,0.467,0.044,1.288,2.476,1.1,0.375
modular,64,2,2000000,1.024,500,1,0.3003,0.425,600620,600620,0,600723,0,1999822,2000165,1023909184,1.0239,1.4079,1.0241,-103,-103,-0.017,0.0,False,87.89,0.0,7.508,0.003,4.49,1,111.4,0.0,0,False,False,600584,1999702,1.0238,36,139,0.023,0.006,600703,0,0,0,0.0,119,0.02,20,18802,32,,0,0,0,False,35.0,52.0,62.0,36.0,10.0,78.0,35.0,0,0,51.0,51.0,75.2,3498,0,0,True,False,False,6653.4,1600.8,4.156,0.054,0.208,3.202,1101.6,0.499
template,64,2,2000000,1.024,500,1,0.3003,0.419,600606,600606,0,600696,0,1999875,2000175,1023936262,1.0239,1.4079,1.0241,-90,-90,-0.015,0.0,False,62.95,0.0,16.785,0.0,4.8,4,111.5,0.0,0,False,False,600586,1999808,1.0239,20,110,0.018,0.003,600684,0,0,0,0.0,98,0.016,12,18798,32,,0,0,0,False,37.0,52.0,59.0,37.21,9.0,75.0,37.0,0,0,51.0,51.0,56.8,3498,0,0,True,False,False,4681.5,1245.7,3.758,0.054,0.217,2.492,1014.7,0.522
hardcoded,64,2,2000000,1.024,500,1,0.3005,0.426,600894,600894,0,601156,0,1999524,2000395,1023756340,1.0238,1.4077,1.0242,-262,-262,-0.044,0.0,False,29.39,0.01,28.304,0.0,4.78,2,109.6,0.0,0,False,False,600904,1999557,1.0238,-10,252,0.042,-0.002,601162,0,0,0,0.0,258,0.043,-6,18825,32,,0,0,0,False,33.0,44.0,48.0,33.67,9.0,60.0,33.0,0,0,51.0,50.0,29.5,3498,0,0,True,False,False,1608.6,742.0,2.168,0.07,0.257,1.484,1107.4,0.511
p1_static,64,2,2000000,1.024,500,1,0.3004,0.426,600745,600745,0,600763,0,1999887,1999947,1023942547,1.0239,1.4079,1.024,-18,-18,-0.003,0.0,False,27.25,0.01,26.113,0.0,4.71,3,115.9,0.0,0,False,False,600694,1999718,1.0239,51,69,0.011,0.008,600786,0,0,0,0.0,92,0.015,-23,18810,32,,0,0,0,False,36.0,45.0,49.0,35.56,10.0,63.0,36.0,0,0,51.0,50.0,27.9,3499,0,0,True,False,False,1398.5,704.0,1.986,0.053,0.252,1.408,1118.8,0.502
baseline,64,2,2000000,1.024,500,1,0.3003,0.422,600629,600582,47,600582,0,2000197,2000041,1024101341,1.0241,1.4081,1.024,47,0,0.008,0.008,False,20.35,0.01,43.798,0.0,4.61,0,120.4,0.0,0,False,False,600614,2000147,1.0241,15,-32,-0.005,0.002,600579,0,0,0,0.0,-35,-0.006,3,18795,32,,0,0,0,False,28.0,34.0,37.0,28.17,10.0,53.0,28.0,0,0,51.0,50.0,24.9,3498,0,0,True,False,False,870.7,740.1,1.176,0.057,0.325,1.48,1285.3,0.5
rxonly,64,2,2000000,1.024,500,1,0.3002,0.424,600493,600440,53,600440,600440,1999977,1999800,1023988295,1.024,1.408,1.0239,53,0,0.009,0.009,True,55.63,0.02,46.155,0.0,4.91,4,116.1,0.0,0,False,False,,,,,,,,,,,,,,,,0,32,,0,0,0,False,,,,,,,,0,0,51.0,50.0,54.9,3497,0,0,True,False,False,657.8,1374.9,0.478,0.033,1.285,2.749,0.7,0.409
modular,64,2,2500000,1.28,400,1,0.3003,0.419,750756,707803,42953,707803,0,2499939,2356910,1279969062,1.28,1.76,1.2067,42953,0,5.721,5.721,False,99.89,0.0,0.0,0.01,3.44,7,121.3,0.0,0,False,False,707749,2356730,1.2066,43007,54,0.007,5.728,707800,0,0,0,0.0,51,0.007,3,11078,64,,0,0,0,False,118.0,126.0,132.0,117.38,101.0,172.0,118.0,0,0,51.0,51.0,85.3,3498,0,0,True,False,False,6616.5,1482.1,4.464,0.052,0.176,3.493,985.5,0.544
template,64,2,2500000,1.28,400,1,0.3003,0.419,750801,750801,0,750840,0,2499915,2500045,1279956755,1.28,1.7599,1.28,-39,-39,-0.005,0.0,False,75.12,0.01,14.481,0.003,3.36,8,112.5,0.0,0,False,False,750811,2499948,1.28,-10,29,0.004,-0.001,750874,0,0,0,0.0,63,0.008,-34,11749,64,,0,0,0,False,31.0,45.0,53.0,31.36,7.0,62.0,31.0,0,0,51.0,51.0,66.9,3500,0,0,True,False,False,4655.2,1151.5,4.043,0.048,0.199,2.879,880.1,0.582
hardcoded,64,2,2500000,1.28,400,1,0.3005,0.432,751089,751089,0,751597,0,2499179,2500869,1279579658,1.2796,1.7594,1.2804,-508,-508,-0.068,0.0,False,33.79,0.01,22.73,0.0,3.16,4,118.8,0.0,0,False,False,751150,2499381,1.2797,-61,447,0.06,-0.008,751675,0,0,0,0.0,525,0.07,-78,11767,64,,0,0,0,False,39.0,49.0,52.0,38.37,12.0,61.0,39.0,0,0,51.0,50.0,32.0,3499,0,0,True,False,False,1560.3,628.0,2.485,0.059,0.217,1.57,926.0,0.561
p1_static,64,2,2500000,1.28,400,1,0.3004,0.428,751098,750854,244,750854,0,2499916,2499104,1279957167,1.28,1.7599,1.2795,244,0,0.032,0.032,False,32.28,0.0,21.95,0.003,3.2,7,113.2,0.0,0,False,False,751044,2499736,1.2799,54,-190,-0.025,0.007,750945,0,0,0,0.0,-99,-0.013,-91,11761,64,,0,0,0,False,39.0,48.0,51.0,38.64,11.0,66.0,39.0,0,0,51.0,50.0,31.2,3496,0,0,True,False,False,1354.0,610.3,2.218,0.049,0.217,1.525,944.2,0.55
baseline,64,2,2500000,1.28,400,1,0.3003,0.424,750831,750710,121,750710,0,2500130,2499727,1280066762,1.2801,1.7601,1.2799,121,0,0.016,0.016,False,23.73,0.01,42.279,0.0,3.33,5,114.8,0.0,0,False,False,750809,2500057,1.28,22,-99,-0.013,0.003,750724,0,0,0,0.0,-85,-0.011,-14,11749,64,,0,0,0,False,27.0,37.0,42.0,27.69,8.0,58.0,27.0,0,0,51.0,50.0,27.4,3500,0,0,True,False,False,818.5,633.0,1.293,0.047,0.277,1.582,931.8,0.584
rxonly,64,2,2500000,1.28,400,1,0.3005,0.428,751200,751200,0,751316,751279,2499612,2499998,1279801666,1.2798,1.7597,1.28,-116,-116,-0.015,0.0,True,61.54,0.02,42.379,0.0,3.34,8,125.8,0.0,0,False,False,,,,,,,,,,,,,,,,0,64,,0,0,0,False,,,,,,,,0,0,51.0,50.0,58.5,3500,0,0,True,False,False,597.6,1152.4,0.519,0.026,1.103,2.881,0.6,0.363
modular,64,2,3000000,1.536,333,1,0.3004,0.425,901564,700537,201027,700537,0,3001582,2332301,1536810157,1.5368,2.1131,1.1941,201027,0,22.298,22.298,False,100.21,0.0,0.0,0.01,2.76,100,265.9,0.0,0,False,False,700418,2331905,1.1939,201146,119,0.013,22.311,700550,0,0,0,0.0,132,0.015,-13,10967,64,,0,0,0,False,122.0,129.0,137.0,122.0,81.0,157.0,122.0,0,0,51.0,51.0,84.1,3495,0,0,True,False,False,6619.5,1497.9,4.419,0.055,0.179,3.494,1001.8,0.577
template,64,2,3000000,1.536,333,1,0.3003,0.421,901886,901732,154,901732,0,3003219,3002707,1537648552,1.5376,2.1143,1.5374,154,0,0.017,0.017,False,90.13,0.0,6.174,0.01,2.22,13,113.9,0.0,0,False,False,901827,3003023,1.5375,59,-95,-0.011,0.007,901730,0,0,0,0.0,-97,-0.011,2,14111,64,,0,0,0,False,29.0,43.0,52.0,29.13,8.0,70.0,29.0,0,0,51.0,51.0,77.2,3495,0,0,True,False,False,4619.5,1084.0,4.261,0.058,0.167,3.255,836.0,0.616
hardcoded,64,2,3000000,1.536,333,1,0.3004,0.422,902043,901894,149,901894,0,3003128,3002632,1537601866,1.5376,2.1142,1.5373,149,0,0.017,0.017,False,39.62,0.0,20.169,0.0,2.2,10,116.9,0.0,0,False,False,901995,3002968,1.5375,48,-101,-0.011,0.005,901915,0,0,0,0.0,-80,-0.009,-21,14121,64,,0,0,0,False,39.0,47.0,51.0,38.26,11.0,61.0,39.0,0,0,51.0,50.0,37.4,3499,0,0,True,False,False,1539.7,581.6,2.647,0.047,0.203,1.746,816.9,0.609
p1_static,64,2,3000000,1.536,333,1,0.3003,0.432,901697,901697,0,901835,0,3002250,3002709,1537152193,1.5372,2.1136,1.5374,-138,-138,-0.015,0.0,False,37.39,0.01,22.451,0.003,2.22,9,122.5,0.0,0,False,False,901655,3002110,1.5371,42,180,0.02,0.005,901857,0,0,0,0.0,202,0.022,-22,14114,64,,0,0,0,False,38.0,47.0,51.0,37.38,11.0,64.0,38.0,0,0,51.0,50.0,34.7,3496,0,0,True,False,False,1338.5,559.3,2.393,0.044,0.208,1.68,828.6,0.603
baseline,64,2,3000000,1.536,333,1,0.3003,0.426,901693,901693,0,901709,0,3002734,3002787,1537399833,1.5374,2.1139,1.5374,-16,-16,-0.002,0.0,False,26.43,0.01,39.995,0.0,2.41,10,121.9,0.0,0,False,False,901632,3002530,1.5373,61,77,0.009,0.007,901766,0,0,0,0.0,134,0.015,-57,14110,64,,0,0,0,False,28.0,36.0,42.0,27.45,9.0,57.0,28.0,0,0,51.0,49.0,29.1,3499,0,0,True,False,False,782.1,544.4,1.437,0.036,0.244,1.635,801.4,0.642
rxonly,64,2,3000000,1.536,333,1,0.3003,0.427,901690,901690,0,901896,901900,3002519,3003205,1537289904,1.5373,2.1138,1.5376,-206,-206,-0.023,0.0,True,62.08,0.01,41.427,0.0,2.54,15,120.5,0.0,0,False,False,,,,,,,,,,,,,,,,0,64,,0,0,0,False,,,,,,,,0,0,51.0,49.0,58.7,3498,0,0,True,False,False,560.1,953.5,0.587,0.02,1.013,2.863,0.5,0.444
modular,64,2,3500000,1.792,286,1,0.3004,0.422,1046440,714986,331454,714986,0,3484015,2380473,1783815974,1.7838,2.4527,1.2188,331454,0,31.674,31.674,False,99.87,0.0,0.0,0.007,2.23,3148,452.2,0.0,0,False,False,715000,2380519,1.2188,331440,-14,-0.001,31.673,715000,0,0,0,0.0,0,0.0,-14,11194,64,,0,0,0,False,119.0,123.0,130.0,118.93,108.0,164.0,119.0,0,0,51.0,51.0,84.8,3500,0,0,True,False,False,6620.0,1467.4,4.512,0.057,0.176,3.493,969.6,0.603
template,64,2,3500000,1.792,286,1,0.3003,0.426,1049817,1031852,17965,1031852,0,3495525,3435708,1789709126,1.7897,2.4609,1.7591,17965,0,1.711,1.711,False,99.89,0.0,0.0,0.01,1.65,75,125.6,0.0,0,False,False,1031769,3435432,1.7589,18048,83,0.008,1.719,1031872,0,0,0,0.0,103,0.01,-20,16150,64,,0,0,0,False,75.0,87.0,95.0,65.39,13.0,117.0,75.0,0,0,51.0,51.0,84.2,3498,0,0,True,False,False,4599.5,1016.7,4.524,0.06,0.157,3.493,794.5,0.653
hardcoded,64,2,3500000,1.792,286,1,0.3004,0.423,1050125,1050064,61,1050064,0,3495624,3495421,1789759629,1.7898,2.4609,1.7897,61,0,0.006,0.006,False,45.27,0.01,19.853,0.003,1.71,22,117.3,0.0,0,False,False,1050124,3495620,1.7898,1,-60,-0.006,0.0,1050237,0,0,0,0.0,113,0.011,-173,16443,64,,0,0,0,False,36.0,44.0,48.0,35.46,8.0,69.0,36.0,0,0,51.0,50.0,41.9,3499,0,0,True,False,False,1528.9,553.6,2.762,0.041,0.192,1.935,718.8,0.675
p1_static,64,2,3500000,1.792,286,1,0.3004,0.44,1050033,1049882,151,1049882,0,3495417,3494914,1789653566,1.7897,2.4608,1.7894,151,0,0.014,0.014,False,43.31,0.01,22.107,0.0,1.91,15,108.9,0.0,0,False,False,1050020,3495373,1.7896,13,-138,-0.013,0.001,1049905,0,0,0,0.0,-115,-0.011,-23,16440,64,,0,0,0,False,33.0,43.0,47.0,32.83,6.0,75.0,33.0,0,0,51.0,50.0,39.1,3501,0,0,True,False,False,1327.3,540.8,2.454,0.036,0.197,1.89,683.2,0.712
baseline,64,2,3500000,1.792,286,1,0.3004,0.424,1050027,1050027,0,1050262,0,3495906,3496689,1789904331,1.7899,2.4611,1.7903,-235,-235,-0.022,0.0,False,29.72,0.01,36.759,0.007,1.69,20,123.3,0.0,0,False,False,1050011,3495853,1.7899,16,251,0.024,0.002,1050269,0,0,0,0.0,258,0.025,-7,16434,64,,0,0,0,False,27.0,37.0,40.0,27.56,7.0,55.0,27.0,0,0,51.0,50.0,31.6,3496,0,0,True,False,False,755.5,485.1,1.558,0.038,0.224,1.696,736.2,0.677
rxonly,64,2,3500000,1.792,286,1,0.3003,0.421,1049705,1049705,0,1049817,1049867,3495442,3495815,1789666334,1.7897,2.4608,1.7899,-112,-112,-0.011,0.0,True,63.57,0.01,41.851,0.003,2.07,22,119.9,0.0,0,False,False,,,,,,,,,,,,,,,,0,64,,0,0,0,False,,,,,,,,0,0,51.0,50.0,61.1,3500,0,0,True,False,False,538.4,829.0,0.649,0.017,0.871,2.898,0.4,0.397
modular,64,2,4000000,2.048,250,1,0.3003,0.425,1180411,709794,470617,709794,0,3930817,2363643,2012578779,2.0126,2.7673,1.2102,470617,0,39.869,39.869,False,99.9,0.0,0.0,0.007,1.84,7132,404.5,0.0,0,False,False,709824,2363743,1.2102,470587,-30,-0.003,39.866,709789,0,0,0,0.0,-35,-0.003,5,11110,64,,0,0,0,False,120.0,128.0,133.0,117.45,99.0,157.0,120.0,0,0,51.0,51.0,84.3,3499,0,0,True,False,False,6619.8,1477.7,4.48,0.058,0.176,3.493,947.3,0.616
template,64,2,4000000,2.048,250,1,0.3003,0.422,1198370,1052306,146064,1052306,0,3990029,3503702,2042895293,2.0429,2.809,1.7939,146064,0,12.189,12.189,False,100.22,0.0,0.0,0.007,1.57,1608,220.7,0.0,0,False,False,1052268,3503576,1.7938,146102,38,0.003,12.192,1052296,0,0,0,0.0,28,0.002,10,16471,64,,0,0,0,False,83.0,90.0,96.0,83.33,69.0,119.0,83.0,0,0,51.0,51.0,84.9,3500,0,0,True,False,False,4599.0,996.9,4.613,0.05,0.089,3.493,737.0,0.698
hardcoded,64,2,4000000,2.048,250,1,0.3004,0.422,1201376,1201376,0,1201380,0,3999621,3999634,2047806223,2.0478,2.8157,2.0478,-4,-4,-0.0,0.0,False,51.22,0.01,20.115,0.003,1.38,16,111.3,0.0,0,False,False,1201294,3999348,2.0477,82,86,0.007,0.007,1201326,0,0,0,0.0,32,0.003,54,18809,64,,0,0,0,False,33.0,42.0,46.0,32.42,5.0,60.0,33.0,0,0,51.0,50.0,47.2,3499,0,0,True,False,False,1521.2,535.5,2.841,0.037,0.181,2.142,641.8,0.74
p1_static,64,2,4000000,2.048,250,1,0.3004,0.421,1201328,1201328,0,1201763,0,3998544,3999991,2047254552,2.0473,2.815,2.048,-435,-435,-0.036,0.0,False,48.3,0.01,20.014,0.0,1.41,20,109.6,0.0,0,False,False,1201341,3998587,2.0473,-13,422,0.035,-0.001,1201802,0,0,0,0.0,461,0.038,-39,18814,64,,0,0,0,False,33.0,42.0,46.0,32.86,6.0,60.0,33.0,0,0,51.0,50.0,45.0,3501,0,0,True,False,False,1315.0,510.7,2.575,0.04,0.179,2.043,624.3,0.76
baseline,64,2,4000000,2.048,250,1,0.3003,0.432,1201010,1200881,129,1200881,0,3999016,3998587,2047496630,2.0475,2.8153,2.0473,129,0,0.011,0.011,False,32.98,0.01,36.847,0.003,1.36,23,113.7,0.0,0,False,False,1200989,3998946,2.0475,21,-108,-0.009,0.002,1200904,0,0,0,0.0,-85,-0.007,-23,18795,64,,0,0,0,False,25.0,33.0,38.0,25.09,7.0,58.0,25.0,0,0,51.0,50.0,33.8,3497,0,0,True,False,False,742.4,449.7,1.651,0.034,0.217,1.798,646.8,0.757
rxonly,64,2,4000000,2.048,250,1,0.3003,0.426,1201033,1201033,0,1201339,1201317,3999312,4000331,2047648052,2.0476,2.8155,2.0482,-306,-306,-0.025,0.0,True,66.85,0.01,38.47,0.007,1.62,38,117.5,0.0,0,False,False,,,,,,,,,,,,,,,,0,64,,0,0,0,False,,,,,,,,0,0,51.0,50.0,62.4,3503,0,0,True,False,False,515.8,745.8,0.692,0.018,0.794,2.983,0.3,0.418
modular,64,2,5000000,2.56,200,1,0.3004,0.421,1432357,713123,719234,713123,0,4767763,2373710,2441094681,2.4411,3.3565,1.2153,719234,0,50.213,50.213,False,100.18,0.01,0.0,0.017,1.42,11702,414.1,0.0,0,False,False,712984,2373248,1.2151,719373,139,0.01,50.223,713135,0,0,0,0.0,151,0.011,-12,5581,128,,0,0,0,False,119.0,123.0,127.0,118.96,109.0,165.0,119.0,0,0,51.0,52.0,84.8,3498,0,0,True,False,False,6620.2,1471.9,4.498,0.059,0.114,3.494,850.6,0.676
template,64,2,5000000,2.56,200,1,0.3004,0.425,1443592,1021316,422276,1021316,0,4805715,3399959,2460526572,2.4605,3.3832,1.7408,422276,0,29.252,29.252,False,99.87,0.0,0.0,0.01,1.1,8309,364.0,0.0,0,False,False,1021154,3399420,1.7405,422438,162,0.011,29.263,1021364,0,0,0,0.0,210,0.015,-48,7993,128,,0,0,0,False,83.0,88.0,94.0,81.8,68.0,109.0,83.0,0,0,51.0,52.0,84.2,3495,0,0,True,False,False,4602.0,1027.5,4.479,0.053,0.158,3.493,714.7,0.76
hardcoded,64,2,5000000,2.56,200,1,0.3004,0.42,1501319,1501319,0,1501721,0,4997270,4998608,2558602262,2.5586,3.5181,2.5593,-402,-402,-0.027,0.0,False,64.18,0.02,23.044,0.007,0.97,40,105.4,0.0,0,False,False,1501328,4997300,2.5586,-9,393,0.026,-0.001,1501752,0,0,0,0.0,424,0.028,-31,11755,128,,0,0,0,False,23.0,36.0,42.0,23.72,4.0,51.0,23.0,0,0,51.0,51.0,58.4,3499,0,0,True,False,False,1516.6,530.0,2.862,0.032,0.175,2.649,487.3,0.95
p1_static,64,2,5000000,2.56,200,1,0.3004,0.431,1501743,1501180,563,1501180,0,4998698,4996824,2559333632,2.5593,3.5191,2.5584,563,0,0.037,0.037,False,60.23,0.01,23.869,0.007,0.95,32,104.0,0.0,0,False,False,1501691,4998525,2.5592,52,-511,-0.034,0.003,1501194,0,0,0,0.0,-497,-0.033,-14,11756,128,,0,0,0,False,24.0,35.0,41.0,24.47,4.0,45.0,24.0,0,0,51.0,51.0,54.4,3493,0,0,True,False,False,1311.2,501.1,2.617,0.03,0.175,2.504,485.3,0.951
baseline,64,2,5000000,2.56,200,1,0.3003,0.421,1501279,1501279,0,1501503,0,4998512,4999258,2559238393,2.5592,3.519,2.5596,-224,-224,-0.015,0.0,False,40.22,0.01,35.612,0.0,0.82,43,120.1,0.0,0,False,False,1501232,4998355,2.5592,47,271,0.018,0.003,1501598,0,0,0,0.0,366,0.024,-95,11747,128,,0,0,0,False,23.0,28.0,32.0,22.77,6.0,44.0,23.0,0,0,51.0,51.0,40.3,3499,0,0,True,False,False,722.1,405.4,1.781,0.027,0.205,2.027,540.9,0.899
rxonly,64,2,5000000,2.56,200,1,0.3003,0.422,1501172,1501172,0,1501177,1501189,4999430,4999446,2559708190,2.5597,3.5196,2.5597,-5,-5,-0.0,0.0,True,64.5,0.01,40.107,0.003,1.2,73,111.9,0.0,0,False,False,,,,,,,,,,,,,,,,0,128,,0,0,0,False,,,,,,,,0,0,51.0,51.0,62.1,3496,0,0,True,False,False,494.8,588.2,0.841,0.013,0.611,2.941,0.3,0.451
modular,64,2,6000000,3.072,167,1,0.3003,0.425,1684443,702016,982427,702016,0,5608619,2337473,2871613023,2.8716,3.9485,1.1968,982427,0,58.324,58.324,False,99.88,0.01,0.0,0.013,1.0,11865,344.4,0.0,0,True,False,701949,2337250,1.1967,982494,67,0.004,58.328,702031,0,0,0,0.0,82,0.005,-15,5495,128,,0,0,0,False,122.0,127.0,136.0,121.74,110.0,158.0,122.0,0,0,51.0,51.0,84.2,3500,0,0,True,False,False,6620.3,1494.5,4.43,0.054,0.177,3.493,842.9,0.682
template,64,2,6000000,3.072,167,1,0.3005,0.422,1665712,1038753,626959,1038753,0,5542906,3456606,2837967902,2.838,3.9022,1.7698,626959,0,37.639,37.639,False,99.83,0.0,0.0,0.01,0.83,12385,378.0,0.0,0,True,False,1038632,3456203,1.7696,627080,121,0.007,37.646,1038770,0,0,0,0.0,138,0.008,-17,8135,128,,0,0,0,False,84.0,88.0,94.0,83.44,69.0,118.0,84.0,0,0,51.0,51.0,84.7,3495,0,0,True,False,False,4603.1,1010.8,4.554,0.052,0.162,3.494,745.1,0.756
hardcoded,64,2,6000000,3.072,167,1,0.3003,0.434,1797778,1796951,827,1796951,0,5986982,5984228,3065335010,3.0653,4.2148,3.0639,827,0,0.046,0.046,False,77.33,0.01,14.576,0.013,0.63,70,108.6,0.0,0,False,False,1797665,5986606,3.0651,113,-714,-0.04,0.006,1796954,0,0,0,0.0,-711,-0.04,-3,14063,128,,0,0,0,False,19.0,32.0,38.0,19.8,4.0,55.0,19.0,0,0,51.0,51.0,66.4,3495,0,0,True,False,False,1495.7,493.5,3.031,0.031,0.161,2.953,416.7,1.115
p1_static,64,2,6000000,3.072,167,1,0.3004,0.425,1797700,1797644,56,1797644,0,5984309,5984123,3063966423,3.064,4.213,3.0639,56,0,0.003,0.003,False,71.65,0.01,18.226,0.007,0.68,91,103.7,0.0,0,False,False,1797603,5983986,3.0638,97,41,0.002,0.005,1797662,0,0,0,0.0,59,0.003,-18,14073,128,,0,0,0,False,19.0,32.0,38.0,20.17,4.0,43.0,19.0,0,0,51.0,51.0,63.5,3495,0,0,True,False,False,1295.5,471.6,2.747,0.031,0.161,2.822,405.3,1.129
baseline,64,2,6000000,3.072,167,1,0.3003,0.432,1797445,1797445,0,1797609,0,5984607,5985153,3064118870,3.0641,4.2132,3.0644,-164,-164,-0.009,0.0,False,45.75,0.01,36.425,0.003,0.57,54,113.1,0.0,0,False,False,1797329,5984220,3.0639,116,280,0.016,0.006,1797655,0,0,0,0.0,326,0.018,-46,14065,128,,0,0,0,False,20.0,26.0,31.0,20.23,4.0,71.0,20.0,0,0,51.0,50.0,44.2,3496,0,0,True,False,False,711.0,370.5,1.919,0.023,0.194,2.217,439.3,1.077
rxonly,64,2,6000000,3.072,167,1,0.3003,0.432,1797443,1797443,0,1797633,1797664,5985970,5986603,3064816947,3.0648,4.2141,3.0651,-190,-190,-0.011,0.0,True,61.69,0.01,41.259,0.003,0.92,251,105.2,0.0,0,False,False,,,,,,,,,,,,,,,,0,128,,0,0,0,False,,,,,,,,0,0,51.0,50.0,58.3,3499,0,0,True,False,False,479.6,479.2,1.001,0.013,0.466,2.869,0.2,0.492
modular,64,2,7000000,3.584,143,1,0.3003,0.421,1939855,702883,1236972,702883,0,6459533,2340533,3307280905,3.3073,4.5475,1.1984,1236972,0,63.766,63.766,False,100.22,0.01,0.0,0.017,0.66,12876,331.7,0.0,0,True,False,702848,2340417,1.1983,1237007,35,0.002,63.768,702882,0,0,0,0.0,34,0.002,1,5501,128,,0,0,0,False,125.0,129.0,140.0,126.04,118.0,162.0,125.0,0,0,51.0,51.0,85.1,3499,0,0,True,False,False,6620.0,1492.3,4.436,0.052,0.175,3.493,794.8,0.72
template,64,2,7000000,3.584,143,1,0.3003,0.427,1901723,1036903,864820,1036903,0,6331855,3452405,3241909833,3.2419,4.4576,1.7676,864820,0,45.476,45.476,False,100.22,0.0,0.0,0.01,0.52,14257,381.2,0.0,0,True,False,1036800,3452062,1.7675,864923,103,0.005,45.481,1036907,0,0,0,0.0,107,0.006,-4,8114,128,,0,0,0,False,85.0,89.0,95.0,84.4,68.0,115.0,85.0,0,0,51.0,51.0,83.9,3499,0,0,True,False,False,4603.4,1011.8,4.55,0.052,0.159,3.493,732.8,0.778
hardcoded,64,2,7000000,3.584,143,1,0.3005,0.423,2080985,2080985,0,2081279,0,6924313,6925291,3545248553,3.5452,4.8747,3.5457,-294,-294,-0.014,0.0,False,88.76,0.01,7.65,0.01,0.37,1247,127.3,0.0,0,False,False,2080709,6923395,3.5448,276,570,0.027,0.013,2081302,0,0,0,0.0,593,0.028,-23,16298,128,,0,0,0,False,17.0,29.0,37.0,17.93,3.0,99.0,17.0,0,0,52.0,52.0,76.7,3499,0,0,True,False,False,1484.9,466.6,3.182,0.048,0.155,3.232,394.2,1.23
p1_static,64,2,7000000,3.584,143,1,0.3005,0.419,2084110,2084110,0,2084226,0,6935510,6935896,3550981389,3.551,4.8826,3.5512,-116,-116,-0.006,0.0,False,83.34,0.01,11.288,0.007,0.38,1047,125.8,0.0,0,False,False,2083878,6934738,3.5506,232,348,0.017,0.011,2084239,0,0,0,0.0,361,0.017,-13,16320,128,,0,0,0,False,17.0,29.0,37.0,17.74,3.0,66.0,17.0,0,0,51.0,52.0,73.3,3499,0,0,True,False,False,1283.1,448.3,2.862,0.049,0.156,3.11,381.9,1.245
baseline,64,2,7000000,3.584,143,1,0.3004,0.43,2098258,2098258,0,2098364,0,6986037,6986390,3576851013,3.5769,4.9182,3.577,-106,-106,-0.005,0.0,False,50.93,0.01,34.406,0.003,0.37,1119,133.8,0.0,0,False,False,2098179,6985774,3.5767,79,185,0.009,0.004,2098357,0,0,0,0.0,178,0.008,7,16420,128,,0,0,0,False,19.0,26.0,36.0,19.33,3.0,45.0,19.0,0,0,51.0,50.0,48.4,3499,0,0,True,False,False,700.0,341.0,2.053,0.025,0.176,2.382,356.0,1.289
rxonly,64,2,7000000,3.584,143,1,0.3003,0.424,2098570,2098570,0,2098841,2098894,6988031,6988933,3577872075,3.5779,4.9196,3.5783,-271,-271,-0.013,0.0,True,62.97,0.01,34.211,0.0,0.75,544,108.4,0.0,0,False,False,,,,,,,,,,,,,,,,0,128,,0,0,0,False,,,,,,,,0,0,51.0,50.0,58.7,3499,0,0,True,False,False,459.9,395.2,1.164,0.012,0.385,2.762,0.2,0.432
modular,64,2,8000000,4.096,125,1,0.3003,0.421,2162578,705559,1457019,705559,0,7200856,2349338,3686838272,3.6868,5.0694,1.2029,1457019,0,67.374,67.374,False,99.89,0.0,0.0,0.01,0.46,17295,386.7,0.0,0,True,False,705552,2349315,1.2028,1457026,7,0.0,67.374,705560,0,0,0,0.0,8,0.0,-1,5522,128,,0,0,0,False,111.0,118.0,136.0,112.44,87.0,150.0,111.0,0,0,51.0,51.0,85.1,3496,0,0,True,False,False,6619.9,1486.8,4.453,0.042,0.177,3.493,790.9,0.726
template,64,2,8000000,4.096,125,1,0.3004,0.426,2133644,1037799,1095845,1037799,0,7103535,3455141,3637010012,3.637,5.0009,1.769,1095845,0,51.36,51.36,False,99.87,0.01,0.0,0.017,0.33,17641,400.5,0.0,0,True,False,1037888,3455437,1.7692,1095756,-89,-0.004,51.356,1037801,0,0,0,0.0,-87,-0.004,-2,8124,128,,0,0,0,False,78.0,90.0,96.0,80.5,68.0,125.0,78.0,0,0,51.0,51.0,83.9,3497,0,0,True,False,False,4603.3,1010.9,4.554,0.036,0.16,3.493,716.8,0.792
hardcoded,64,2,8000000,4.096,125,1,0.3004,0.419,2392376,2391265,1111,2391265,0,7963230,7959532,4077174166,4.0772,5.6061,4.0753,1111,0,0.046,0.046,False,99.63,0.0,0.107,0.01,0.21,1279,127.1,0.0,0,False,False,2391515,7960364,4.0757,861,-250,-0.01,0.036,2391270,0,0,0,0.0,-245,-0.01,-5,18722,128,,0,0,0,False,13.0,22.0,37.0,14.48,4.0,98.0,13.0,0,0,51.0,50.0,85.3,3495,0,0,True,False,False,1474.4,438.1,3.366,0.026,0.148,3.487,378.9,1.292
p1_static,64,2,8000000,4.096,125,1,0.3005,0.431,2366485,2366254,231,2366254,0,7874182,7873414,4031581693,4.0316,5.5434,4.0312,231,0,0.01,0.01,False,94.43,0.01,3.75,0.01,0.23,2774,140.0,0.0,0,False,False,2365484,7870852,4.0299,1001,770,0.033,0.042,2366349,0,0,0,0.0,865,0.037,-95,18526,128,,0,0,0,False,13.0,26.0,36.0,15.02,3.0,61.0,13.0,0,0,52.0,50.0,79.2,3500,0,0,True,False,False,1273.6,427.5,2.979,0.052,0.149,3.366,375.8,1.304
baseline,64,2,8000000,4.096,125,1,0.3004,0.423,2372804,2372804,0,2372838,0,7898087,7898200,4043820642,4.0438,5.5603,4.0439,-34,-34,-0.001,0.0,False,55.66,0.02,33.908,0.003,0.18,2399,169.3,0.0,0,False,False,2372534,7897188,4.0434,270,304,0.013,0.011,2372893,0,0,0,0.0,359,0.015,-55,18571,128,,0,0,0,False,16.0,25.0,34.0,17.06,4.0,51.0,16.0,0,0,51.0,50.0,53.0,3496,0,0,True,False,False,693.5,320.1,2.166,0.039,0.168,2.529,294.6,1.541
rxonly,64,2,8000000,4.096,125,1,0.3003,0.424,2400479,2400479,0,2400864,2400784,7992581,7993863,4092201544,4.0922,5.6268,4.0929,-385,-385,-0.016,0.0,True,60.36,0.01,37.558,0.007,0.54,2034,119.3,0.0,0,False,False,,,,,,,,,,,,,,,,0,128,,0,0,0,False,,,,,,,,0,0,51.0,50.0,57.2,3498,0,0,True,False,False,454.9,342.9,1.327,0.009,0.316,2.741,0.2,0.429
modular,64,2,9000000,4.608,111,1,0.3004,0.43,2406874,701154,1705720,701154,0,8012134,2334039,4102212639,4.1022,5.6405,1.195,1705720,0,70.869,70.869,False,100.19,0.0,0.0,0.01,0.34,19849,354.1,0.0,0,True,False,701136,2333979,1.195,1705738,18,0.001,70.869,701166,0,0,0,0.0,30,0.001,-12,2746,256,,0,0,0,False,126.0,132.0,140.0,126.08,116.0,277.0,126.0,0,0,52.0,51.0,83.3,3495,0,0,True,False,False,6620.2,1496.4,4.424,0.038,0.176,3.493,781.3,0.737
template,64,2,9000000,4.608,111,1,0.3004,0.426,2363697,1029415,1334282,1029415,0,7869733,3427352,4029303619,4.0293,5.5403,1.7548,1334282,0,56.449,56.449,False,99.88,0.01,0.0,0.017,0.21,23429,448.9,0.0,0,True,False,1029293,3426945,1.7546,1334404,122,0.005,56.454,1029433,0,0,0,0.0,140,0.006,-18,4028,256,,0,0,0,False,83.0,87.0,93.0,83.62,73.0,114.0,83.0,0,0,52.0,51.0,84.2,3498,0,0,True,False,False,4603.6,1019.2,4.517,0.037,0.156,3.493,718.2,0.793
hardcoded,64,2,9000000,4.608,111,1,0.3005,0.424,2621026,2409477,211549,2409477,0,8722617,8018595,4465980131,4.466,6.1407,4.1055,211549,0,8.071,8.071,False,99.38,0.01,0.2,0.013,0.07,10599,316.5,0.0,0,False,False,2408358,8014871,4.1036,212668,1119,0.043,8.114,2409625,0,0,0,0.0,1267,0.048,-148,9430,256,,0,0,0,False,36.0,41.0,44.0,36.46,9.0,69.0,36.0,0,0,52.0,52.0,84.3,3499,0,0,True,False,False,1474.6,434.3,3.396,0.028,0.127,3.482,365.0,1.331
p1_static,64,2,9000000,4.608,111,1,0.3004,0.425,2672084,2570682,101402,2570682,0,8893737,8556231,4553593370,4.5536,6.2612,4.3808,101402,0,3.795,3.795,False,99.89,0.0,0.116,0.013,0.08,8088,239.7,0.0,0,False,False,2570503,8555635,4.3805,101581,179,0.007,3.802,2570781,0,0,0,0.0,278,0.01,-99,10063,256,,0,0,0,False,35.0,39.0,42.0,35.01,9.0,70.0,35.0,0,0,52.0,52.0,84.1,3498,0,0,True,False,False,1268.3,407.3,3.114,0.016,0.154,3.485,355.7,1.37
baseline,64,2,9000000,4.608,111,1,0.3004,0.422,2580904,2570532,10372,2570532,0,8590191,8555669,4398178142,4.3982,6.0475,4.3805,10372,0,0.402,0.402,False,59.09,0.01,29.563,0.003,0.05,8121,301.4,0.0,0,False,False,2567607,8545934,4.3755,13297,2925,0.113,0.515,2570587,0,0,0,0.0,2980,0.115,-55,10049,256,,0,0,0,False,16.0,28.0,37.0,16.8,3.0,63.0,16.0,0,0,51.0,51.0,55.0,3498,0,0,True,False,False,685.2,301.4,2.273,0.036,0.156,2.579,259.4,1.773
rxonly,64,2,9000000,4.608,111,1,0.3003,0.43,2700696,2700696,0,2701360,2701357,8992819,8995030,4604323625,4.6043,6.3309,4.6055,-664,-664,-0.025,0.0,True,58.79,0.01,39.535,0.003,0.39,6353,140.0,0.0,0,False,False,,,,,,,,,,,,,,,,0,256,,0,0,0,False,,,,,,,,0,0,52.0,51.0,55.7,3502,0,0,True,False,False,451.9,305.1,1.481,0.012,0.242,2.744,0.2,0.426
modular,64,2,10000000,5.12,100,1,0.3004,0.433,2616682,717672,1899010,717672,0,8710203,2388929,4459624074,4.4596,6.132,1.2231,1899010,0,72.573,72.573,False,100.19,0.01,0.0,0.013,0.13,34452,534.7,0.0,0,True,False,717398,2388017,1.2227,1899284,274,0.01,72.584,717688,0,0,0,0.0,290,0.011,-16,2809,256,,0,0,0,False,108.0,117.0,128.0,110.15,77.0,160.0,108.0,0,0,52.0,51.0,83.0,3490,0,0,True,False,False,6620.2,1462.4,4.527,0.042,0.16,3.494,761.1,0.751
template,64,2,10000000,5.12,100,1,0.3004,0.426,2570001,1034231,1535770,1034231,0,8556585,3443378,4380971721,4.381,6.0238,1.763,1535770,0,59.758,59.758,False,100.21,0.01,0.0,0.01,0.09,47729,579.5,0.0,0,True,False,1034480,3444207,1.7634,1535521,-249,-0.01,59.748,1034217,0,0,0,0.0,-263,-0.01,14,4049,256,,0,0,0,False,77.0,83.0,95.0,77.6,67.0,120.0,77.0,0,0,52.0,51.0,84.3,3493,0,0,True,False,False,4602.9,1014.2,4.539,0.041,0.159,3.492,703.5,0.803
hardcoded,64,2,10000000,5.12,100,1,0.3004,0.434,2684543,2449686,234857,2449686,0,8936808,8154972,4575645853,4.5756,6.2915,4.1753,234857,0,8.748,8.748,False,99.46,0.0,0.173,0.01,0.0,206774,1230.2,0.0,0,True,False,2449239,8153484,4.1746,235304,447,0.017,8.765,2449753,0,0,0,0.0,514,0.019,-67,9585,256,,0,0,0,False,36.0,41.0,44.0,36.13,10.0,58.0,36.0,0,0,52.0,51.0,82.4,3495,0,0,True,False,False,1474.3,427.0,3.452,0.021,0.098,3.482,345.5,1.402
p1_static,64,2,10000000,5.12,100,1,0.3005,0.424,2799157,2592088,207069,2592088,0,9313663,8624680,4768595556,4.7686,6.5568,4.4158,207069,0,7.398,7.398,False,99.53,0.0,0.11,0.01,0.0,234294,1133.3,0.0,0,True,False,2590836,8620514,4.4137,208321,1252,0.045,7.442,2592200,0,0,0,0.0,1364,0.049,-112,10148,256,,0,0,0,False,34.0,38.0,41.0,34.16,15.0,65.0,34.0,0,0,52.0,51.0,84.5,3494,0,0,True,False,False,1267.9,404.2,3.137,0.016,0.149,3.486,336.1,1.423
baseline,64,2,10000000,5.12,100,1,0.3004,0.424,2735378,2702554,32824,2702554,0,9105453,8996189,4661991943,4.662,6.4102,4.606,32824,0,1.2,1.2,False,61.64,0.01,26.653,0.007,0.01,137177,921.7,0.0,0,True,False,2698584,8982974,4.5993,36794,3970,0.145,1.345,2702589,0,0,0,0.0,4005,0.146,-35,10561,256,,0,0,0,False,15.0,29.0,37.0,16.74,3.0,64.0,15.0,0,0,52.0,51.0,56.8,3497,0,0,True,False,False,680.2,290.5,2.341,0.028,0.137,2.613,248.2,1.884
rxonly,64,2,10000000,5.12,100,1,0.3002,0.426,2995708,2995188,520,2995188,2995159,9979468,9977735,5109487637,5.1095,7.0255,5.1086,520,0,0.017,0.017,True,59.81,0.01,34.392,0.003,0.3,5869,143.6,0.0,0,False,False,,,,,,,,,,,,,,,,0,256,,0,0,0,False,,,,,,,,0,0,52.0,51.0,55.6,3499,0,0,True,False,False,439.2,265.2,1.656,0.011,0.22,2.646,0.1,0.395
modular,64,2,11000000,5.632,91,1,0.3003,0.421,2772390,707585,2064805,707585,0,9233556,2356640,4727580798,4.7276,6.5004,1.2066,2064805,0,74.477,74.477,False,99.91,0.0,0.0,0.013,0.03,91869,812.9,0.0,0,True,False,707536,2356477,1.2065,2064854,49,0.002,74.479,707593,0,0,0,0.0,57,0.002,-8,2768,256,,0,0,0,False,110.0,115.0,123.0,110.62,99.0,151.0,110.0,0,0,52.0,51.0,85.0,3500,0,0,True,False,False,6620.0,1482.2,4.466,0.044,0.114,3.493,779.4,0.73
template,64,2,11000000,5.632,91,1,0.3003,0.424,2663551,1022050,1641501,1022050,0,8869396,3403339,4541131228,4.5411,6.2441,1.7425,1641501,0,61.628,61.628,False,99.89,0.0,0.0,0.013,0.01,232339,952.4,0.0,0,True,False,1022112,3403545,1.7426,1641439,-62,-0.002,61.626,1022047,0,0,0,0.0,-65,-0.002,3,3999,256,,0,0,0,False,86.0,90.0,97.0,85.94,73.0,112.0,86.0,0,0,52.0,51.0,84.4,3496,0,0,True,False,False,4603.2,1026.3,4.485,0.044,0.156,3.493,695.8,0.806
hardcoded,64,2,11000000,5.632,91,1,0.3005,0.43,2683524,2445364,238160,2445364,0,8931453,8138796,4572904232,4.5729,6.2877,4.1671,238160,0,8.875,8.875,False,99.91,0.0,0.12,0.007,0.0,1176051,1402.8,0.0,0,True,False,2444854,8137098,4.1662,238670,510,0.019,8.894,2445480,0,0,0,0.0,626,0.023,-116,9573,256,,0,0,0,False,36.0,41.0,44.0,35.84,11.0,80.0,36.0,0,0,52.0,51.0,83.4,3499,0,0,True,False,False,1474.1,428.4,3.441,0.02,0.15,3.487,345.5,1.388
p1_static,64,2,11000000,5.632,91,1,0.3004,0.421,2706733,2556832,149901,2556832,0,9010528,8511517,4613390346,4.6134,6.3434,4.3579,149901,0,5.538,5.538,False,99.59,0.0,0.1,0.01,0.0,1857841,1427.3,0.0,0,True,False,2557158,8512603,4.3585,149575,-326,-0.012,5.526,2556784,0,0,0,0.0,-374,-0.014,48,10010,256,,0,0,0,False,35.0,39.0,43.0,35.04,13.0,62.0,35.0,0,0,52.0,51.0,84.6,3495,0,0,True,False,False,1267.9,409.5,3.097,0.017,0.106,3.485,337.0,1.43
baseline,64,2,11000000,5.632,91,1,0.3004,0.417,2635963,2605786,30177,2605786,0,8774528,8674076,4492558616,4.4926,6.1773,4.4411,30177,0,1.145,1.145,False,59.91,0.01,26.437,0.003,0.0,1359105,1342.6,0.0,0,True,False,2602195,8662122,4.435,33768,3591,0.136,1.281,2605935,0,0,0,0.0,3740,0.142,-149,10184,256,,0,0,0,False,16.0,30.0,38.0,17.05,3.0,56.0,16.0,0,0,52.0,51.0,56.3,3498,0,0,True,False,False,681.7,294.6,2.314,0.033,0.119,2.555,250.8,1.873
rxonly,64,2,11000000,5.632,91,1,0.3004,0.42,3269949,3268305,1644,3268305,3268434,10886270,10880797,5573770485,5.5738,7.6639,5.571,1644,0,0.05,0.05,True,55.44,0.02,36.631,0.007,0.18,10363,172.8,0.0,0,False,False,,,,,,,,,,,,,,,,0,256,,0,0,0,False,,,,,,,,0,0,52.0,51.0,53.6,3497,0,0,True,False,False,438.2,234.3,1.87,0.021,0.168,2.55,0.1,0.35
modular,64,2,12000000,6.144,83,1,0.3004,0.422,2905974,700673,2205301,700673,0,9673690,2332468,4952929437,4.9529,6.8103,1.1942,2205301,0,75.889,75.889,False,99.86,0.01,0.0,0.013,0.01,328681,946.4,0.0,0,True,False,700416,2331613,1.1938,2205558,257,0.009,75.897,700696,0,0,0,0.0,280,0.01,-23,2742,256,,0,0,0,False,125.0,129.0,136.0,124.58,112.0,165.0,125.0,0,0,52.0,52.0,85.0,3500,0,0,True,False,False,6620.2,1497.8,4.42,0.05,0.113,3.494,773.2,0.73
template,64,2,12000000,6.144,83,1,0.3003,0.428,2711811,1016492,1695319,1016492,0,9029652,3384664,4623181925,4.6232,6.3569,1.7329,1695319,0,62.516,62.516,False,99.89,0.0,0.0,0.007,0.0,519588,1036.7,0.0,0,True,False,1016417,3384414,1.7328,1695394,75,0.003,62.519,1016518,0,0,0,0.0,101,0.004,-26,3978,256,,0,0,0,False,85.0,88.0,92.0,84.67,73.0,116.0,85.0,0,0,52.0,52.0,83.9,3500,0,0,True,False,False,4603.5,1032.0,4.461,0.044,0.16,3.493,703.6,0.797
hardcoded,64,2,12000000,6.144,83,1,0.3005,0.426,2695794,2458484,237310,2458484,0,8971153,8181425,4593230489,4.5932,6.3157,4.1889,237310,0,8.803,8.803,False,99.58,0.0,0.083,0.007,0.0,2263274,1307.8,0.0,0,True,False,2457748,8178975,4.1876,238046,736,0.027,8.83,2458464,0,0,0,0.0,716,0.027,20,9623,256,,0,0,0,False,35.0,40.0,44.0,35.41,18.0,83.0,35.0,0,0,52.0,52.0,84.1,3494,0,0,True,False,False,1474.0,426.2,3.459,0.022,0.092,3.487,343.8,1.402
p1_static,64,2,12000000,6.144,83,1,0.3005,0.434,2765263,2587913,177350,2587913,0,9202483,8612282,4711671316,4.7117,6.4785,4.4095,177350,0,6.413,6.413,False,99.56,0.01,0.097,0.013,0.0,2441161,1313.1,0.0,0,True,False,2587761,8611776,4.4092,177502,152,0.005,6.419,2588023,0,0,0,0.0,262,0.009,-110,10134,256,,0,0,0,False,33.0,37.0,41.0,33.5,11.0,64.0,33.0,0,0,52.0,52.0,82.6,3498,0,0,True,False,False,1268.0,404.7,3.133,0.017,0.107,3.485,333.2,1.439
baseline,64,2,12000000,6.144,83,1,0.3004,0.422,2703619,2670009,33610,2670009,0,8999978,8888095,4607988972,4.608,6.336,4.5507,33610,0,1.243,1.243,False,60.42,0.02,24.397,0.003,0.0,1949746,1252.8,0.0,0,True,False,2666160,8875282,4.5441,37459,3849,0.142,1.386,2669892,0,0,0,0.0,3732,0.138,117,10434,256,,0,0,0,False,16.0,30.0,37.0,17.05,3.0,64.0,16.0,0,0,52.0,52.0,55.5,3497,0,0,True,False,False,678.5,285.5,2.376,0.036,0.114,2.538,245.3,1.916
rxonly,64,2,12000000,6.144,83,1,0.3004,0.419,3569938,3566147,3791,3566147,3566022,11885100,11872479,6085171484,6.0852,8.3671,6.0787,3791,0,0.106,0.106,True,56.69,0.01,33.112,0.003,0.13,11124,187.1,0.0,0,False,False,,,,,,,,,,,,,,,,0,256,,0,0,0,False,,,,,,,,0,0,52.0,52.0,54.3,3496,0,0,True,False,False,432.9,212.8,2.035,0.017,0.155,2.526,0.1,0.423
rxonly,64,3,500000,0.256,2000,1,0.3003,0.424,150141,150141,0,150173,150173,499978,500084,255988779,0.256,0.352,0.256,-32,-32,-0.021,0.0,True,18.47,0.02,71.343,0.0,35.53,0,76.4,0.0,0,False,False,,,,,,,,,,,,,,,,0,8,,0,0,0,False,,,,,,,,0,0,52.0,50.0,26.7,3500,0,0,True,False,False,1713.6,3563.1,0.481,0.233,1.836,1.782,4.0,0.32
baseline,64,3,500000,0.256,2000,1,0.3003,0.419,150128,150128,0,150155,0,499880,499970,255938899,0.2559,0.3519,0.256,-27,-27,-0.018,0.0,False,13.53,0.02,68.975,0.0,34.33,1,80.6,0.0,0,False,False,150127,499877,0.2559,1,28,0.019,0.001,150164,0,0,0,0.0,37,0.025,-9,18797,8,,0,0,0,False,17.0,22.0,24.0,16.77,7.0,51.0,17.0,0,0,52.0,50.0,23.5,3493,0,0,True,False,False,2034.0,3340.4,0.609,0.364,1.276,1.67,3816.9,0.463
p1_static,64,3,500000,0.256,2000,1,0.3004,0.418,150174,150174,0,150201,0,499971,500061,255985517,0.256,0.352,0.256,-27,-27,-0.018,0.0,False,16.06,0.01,68.903,0.0,34.29,0,81.8,0.0,0,False,False,150160,499925,0.256,14,41,0.027,0.009,150208,0,0,0,0.0,48,0.032,-7,18801,8,,0,0,0,False,17.0,22.0,25.0,16.87,5.0,45.0,17.0,0,0,51.0,50.0,25.1,3500,0,0,True,False,False,2624.7,3413.2,0.769,0.425,1.248,1.707,3742.8,0.466
hardcoded,64,3,500000,0.256,2000,1,0.3004,0.417,150198,150198,0,150217,0,500011,500074,256005648,0.256,0.352,0.256,-19,-19,-0.013,0.0,False,16.53,0.02,68.681,0.0,34.16,0,82.0,0.0,0,False,False,150193,499994,0.256,5,24,0.016,0.003,150222,0,0,0,0.0,29,0.019,-5,18809,8,,0,0,0,False,18.0,23.0,25.0,17.61,8.0,43.0,18.0,0,0,51.0,50.0,25.8,3500,0,0,True,False,False,2836.3,3535.3,0.802,0.341,1.254,1.768,3834.6,0.458
template,64,3,500000,0.256,2000,1,0.3003,0.429,150159,150159,0,150159,0,500014,500014,256007481,0.256,0.352,0.256,0,0,0.0,0.0,False,25.99,0.02,68.809,0.0,34.29,0,81.8,0.0,0,False,False,150157,500007,0.256,2,2,0.001,0.001,150160,0,0,0,0.0,3,0.002,-1,18794,8,,0,0,0,False,19.0,24.0,28.0,19.08,7.0,54.0,19.0,0,0,51.0,50.0,33.4,3398,0,0,True,False,False,5969.2,4130.2,1.445,0.434,1.253,2.065,3798.7,0.462
modular,64,3,500000,0.256,2000,1,0.3003,0.419,150160,150160,0,150187,0,499966,500056,255982664,0.256,0.352,0.256,-27,-27,-0.018,0.0,False,33.22,0.01,67.297,0.0,33.52,0,81.9,0.0,0,False,False,150155,499949,0.256,5,32,0.021,0.003,150189,0,0,0,0.0,34,0.023,-2,18799,8,,0,0,0,False,20.0,25.0,29.0,20.08,9.0,59.0,20.0,0,0,51.0,50.0,39.8,3402,0,0,True,False,False,7957.4,4547.3,1.75,0.325,1.391,2.274,3783.7,0.459
rxonly,64,3,1000000,0.512,1000,1,0.3003,0.426,300318,300318,0,300347,300358,999947,1000044,511973330,0.512,0.704,0.512,-29,-29,-0.01,0.0,True,31.93,0.02,61.025,0.0,14.62,0,93.8,0.0,0,False,False,,,,,,,,,,,,,,,,0,16,,0,0,0,False,,,,,,,,0,0,51.0,49.0,37.1,3397,0,0,True,False,False,988.1,2057.8,0.48,0.073,1.415,2.058,1.6,0.465
baseline,64,3,1000000,0.512,1000,1,0.3005,0.419,300521,300521,0,300572,0,999980,1000149,511989847,0.512,0.704,0.5121,-51,-51,-0.017,0.0,False,15.86,0.01,57.779,0.0,13.79,0,91.6,0.0,0,False,False,300507,999933,0.512,14,65,0.022,0.005,300576,0,0,0,0.0,69,0.023,-4,18824,16,,0,0,0,False,21.0,26.0,28.0,20.58,11.0,53.0,21.0,0,0,51.0,49.0,23.5,3400,0,0,True,False,False,1228.3,1524.3,0.806,0.131,0.581,1.525,2171.8,0.46
p1_static,64,3,1000000,0.512,1000,1,0.3004,0.425,300408,300405,3,300405,0,999958,999948,511978752,0.512,0.704,0.512,3,0,0.001,0.001,False,20.52,0.02,56.334,0.0,13.42,0,95.4,0.0,0,False,False,300399,999928,0.512,9,6,0.002,0.003,300422,0,0,0,0.0,23,0.008,-17,18813,16,,0,0,0,False,21.0,27.0,30.0,21.52,11.0,51.0,21.0,0,0,51.0,50.0,27.0,3498,0,0,True,False,False,1836.0,1697.0,1.082,0.131,0.582,1.697,2169.6,0.459
hardcoded,64,3,1000000,0.512,1000,1,0.3004,0.419,300373,300373,0,300381,0,999983,1000010,511991548,0.512,0.704,0.512,-8,-8,-0.003,0.0,False,21.28,0.01,57.91,0.0,13.83,0,94.9,0.0,0,False,False,300374,999986,0.512,-1,7,0.002,-0.0,300413,0,0,0,0.0,39,0.013,-32,18809,16,,0,0,0,False,21.0,26.0,29.0,21.03,11.0,54.0,21.0,0,0,51.0,50.0,28.2,3498,0,0,True,False,False,2054.9,1751.3,1.173,0.131,0.589,1.751,2224.8,0.454
template,64,3,1000000,0.512,1000,1,0.3003,0.418,300300,300300,0,300324,0,999948,1000028,511973864,0.512,0.704,0.512,-24,-24,-0.008,0.0,False,37.25,0.01,60.526,0.0,14.51,0,85.3,0.0,0,False,False,300301,999952,0.512,-1,23,0.008,-0.0,300334,0,0,0,0.0,33,0.011,-10,18798,16,,0,0,0,False,23.0,32.0,35.0,23.28,9.0,59.0,23.0,0,0,51.0,51.0,41.2,3501,0,0,True,False,False,5164.2,2223.3,2.323,0.105,0.608,2.223,1756.4,0.486
modular,64,3,1000000,0.512,1000,1,0.3003,0.423,300317,300316,1,300316,0,1000069,1000066,512035763,0.512,0.704,0.512,1,0,0.0,0.0,False,49.55,0.01,44.193,0.0,14.44,0,85.2,0.0,0,False,False,300324,1000093,0.512,-7,-8,-0.003,-0.002,300310,0,0,0,0.0,-14,-0.005,6,18796,16,,0,0,0,False,28.0,40.0,46.0,28.65,13.0,70.0,28.0,0,0,51.0,51.0,49.2,3499,0,0,True,False,False,7038.4,2431.3,2.895,0.093,0.57,2.431,1727.6,0.478
rxonly,64,3,1500000,0.768,667,1,0.3003,0.419,450197,450197,0,450287,450288,1499021,1499321,767499251,0.7675,1.0553,0.7677,-90,-90,-0.02,0.0,True,45.85,0.02,51.404,0.0,7.78,2,107.2,0.0,0,False,False,,,,,,,,,,,,,,,,0,32,,0,0,0,False,,,,,,,,0,0,51.0,51.0,47.3,3498,0,0,True,False,False,760.3,1643.4,0.463,0.049,1.275,2.464,0.9,0.455
baseline,64,3,1500000,0.768,667,1,0.3003,0.431,450219,450219,0,450259,0,1499136,1499269,767557884,0.7676,1.0554,0.7676,-40,-40,-0.009,0.0,False,18.01,0.01,47.776,0.0,7.16,1,105.0,0.0,0,False,False,450200,1499073,0.7675,19,59,0.013,0.004,450273,0,0,0,0.0,73,0.016,-14,14092,32,,0,0,0,False,25.0,30.0,33.0,24.98,14.0,56.0,25.0,0,0,51.0,51.0,23.2,3498,0,0,True,False,False,969.4,984.9,0.984,0.08,0.397,1.477,1597.6,0.469
p1_static,64,3,1500000,0.768,667,1,0.3003,0.421,450362,450283,79,450283,0,1499532,1499269,767760655,0.7678,1.0557,0.7676,79,0,0.018,0.018,False,24.81,0.01,47.241,0.0,7.08,0,111.4,0.0,0,False,False,450343,1499469,0.7677,19,-60,-0.013,0.004,450253,0,0,0,0.0,-90,-0.02,30,14095,32,,0,0,0,False,27.0,32.0,36.0,26.83,10.0,59.0,27.0,0,0,51.0,51.0,29.2,3495,0,0,True,False,False,1576.4,1133.5,1.391,0.087,0.395,1.699,1604.5,0.463
hardcoded,64,3,1500000,0.768,667,1,0.3004,0.417,450333,450239,94,450239,0,1499338,1499025,767661145,0.7677,1.0555,0.7675,94,0,0.021,0.021,False,25.72,0.02,48.573,0.0,7.3,1,110.7,0.0,0,False,False,450299,1499224,0.7676,34,-60,-0.013,0.008,450236,0,0,0,0.0,-63,-0.014,3,14099,32,,0,0,0,False,26.0,32.0,36.0,26.47,11.0,55.0,26.0,0,0,51.0,51.0,30.4,3500,0,0,True,False,False,1791.3,1170.4,1.531,0.086,0.405,1.754,1582.9,0.471
template,64,3,1500000,0.768,667,1,0.3003,0.417,450217,450211,6,450211,0,1499229,1499209,767605285,0.7676,1.0555,0.7676,6,0,0.001,0.001,False,49.03,0.02,30.699,0.0,8.17,1,94.1,0.0,0,False,False,450211,1499209,0.7676,6,0,0.0,0.001,450224,0,0,0,0.0,13,0.003,-13,14090,32,,0,0,0,False,34.0,47.0,57.0,34.14,11.0,74.0,34.0,0,0,51.0,50.0,47.0,3494,0,0,True,False,False,4796.1,1504.7,3.187,0.062,0.321,2.256,1187.7,0.511
modular,64,3,1500000,0.768,667,1,0.3003,0.421,450199,450199,0,450211,0,1499116,1499156,767547612,0.7675,1.0554,0.7676,-12,-12,-0.003,0.0,False,67.06,0.01,17.232,0.003,8.04,1,95.9,0.0,0,False,False,450228,1499212,0.7676,-29,-17,-0.004,-0.006,450225,0,0,0,0.0,-3,-0.001,-14,14090,32,,0,0,0,False,42.0,61.0,69.0,42.36,13.0,80.0,42.0,0,0,51.0,50.0,60.0,3498,0,0,True,False,False,6727.9,1763.1,3.816,0.055,0.267,2.643,1154.5,0.488
rxonly,64,3,2000000,1.024,500,1,0.3002,0.433,600586,600392,194,600392,600380,2000335,1999689,1024171638,1.0242,1.4082,1.0238,194,0,0.032,0.032,True,55.87,0.01,45.683,0.0,4.85,2,121.0,0.0,0,False,False,,,,,,,,,,,,,,,,0,32,,0,0,0,False,,,,,,,,0,0,51.0,50.0,53.7,3495,0,0,True,False,False,654.1,1367.6,0.478,0.034,1.197,2.735,0.7,0.442
baseline,64,3,2000000,1.024,500,1,0.3003,0.421,600628,600628,0,600734,0,1999879,2000232,1023938109,1.0239,1.4079,1.0241,-106,-106,-0.018,0.0,False,20.61,0.01,43.106,0.0,4.52,1,117.0,0.0,0,False,False,600615,1999835,1.0239,13,119,0.02,0.002,600735,0,0,0,0.0,120,0.02,-1,18800,32,,0,0,0,False,28.0,34.0,37.0,28.03,11.0,53.0,28.0,0,0,51.0,50.0,24.7,3499,0,0,True,False,False,865.6,738.8,1.172,0.059,0.323,1.478,1282.2,0.503
p1_static,64,3,2000000,1.024,500,1,0.3004,0.419,600630,600630,0,600712,0,1999602,1999875,1023796244,1.0238,1.4077,1.0239,-82,-82,-0.014,0.0,False,27.47,0.01,27.739,0.003,4.73,3,115.0,0.0,0,False,False,600610,1999535,1.0238,20,102,0.017,0.003,600760,0,0,0,0.0,150,0.025,-48,18804,32,,0,0,0,False,35.0,45.0,48.0,34.68,10.0,61.0,35.0,0,0,51.0,49.0,28.4,3495,0,0,True,False,False,1400.8,711.8,1.968,0.049,0.257,1.424,1107.0,0.507
hardcoded,64,3,2000000,1.024,500,1,0.3005,0.425,600790,600790,0,601166,0,1999282,2000533,1023632520,1.0236,1.4075,1.0243,-376,-376,-0.063,0.0,False,28.75,0.0,26.502,0.0,4.7,4,115.2,0.0,0,False,False,600760,1999182,1.0236,30,406,0.068,0.005,601176,0,0,0,0.0,416,0.069,-10,18821,32,,0,0,0,False,35.0,45.0,49.0,34.82,9.0,62.0,35.0,0,0,51.0,49.0,28.8,3498,0,0,True,False,False,1602.4,725.4,2.209,0.053,0.253,1.451,1091.9,0.514
template,64,3,2000000,1.024,500,1,0.3003,0.422,600593,600593,0,600617,0,2000014,2000094,1024007415,1.024,1.408,1.024,-24,-24,-0.004,0.0,False,60.77,0.0,15.998,0.003,4.85,1,106.4,0.0,0,False,False,600611,2000074,1.024,-18,6,0.001,-0.003,600514,0,0,0,0.0,-97,-0.016,103,18796,32,,0,0,0,False,40.0,53.0,60.0,39.64,10.0,78.0,40.0,0,0,51.0,50.0,54.8,3497,0,0,True,False,False,4676.0,1205.0,3.881,0.058,0.213,2.41,1036.6,0.506
modular,64,3,2000000,1.024,500,1,0.3002,0.42,600476,600453,23,600453,0,2000088,2000012,1024045440,1.024,1.4081,1.024,23,0,0.004,0.004,False,86.61,0.0,8.211,0.0,4.76,0,110.5,0.0,0,False,False,600538,2000295,1.0242,-62,-85,-0.014,-0.01,600451,0,0,0,0.0,-87,-0.014,2,18786,32,,0,0,0,False,35.0,52.0,63.0,35.52,11.0,76.0,35.0,0,0,51.0,50.0,75.3,3500,0,0,True,False,False,6656.8,1586.0,4.197,0.04,0.21,3.172,1110.5,0.49
rxonly,64,3,2500000,1.28,400,1,0.3002,0.43,750677,750433,244,750433,750402,2500458,2499645,1280234747,1.2802,1.7603,1.2798,244,0,0.033,0.033,True,60.86,0.01,42.046,0.003,3.31,8,124.7,0.0,0,False,False,,,,,,,,,,,,,,,,0,64,,0,0,0,False,,,,,,,,0,0,51.0,50.0,57.9,3500,0,0,True,False,False,595.5,1141.1,0.522,0.026,1.077,2.852,0.6,0.422
baseline,64,3,2500000,1.28,400,1,0.3003,0.419,750802,750802,0,750962,0,2499817,2500349,1279906434,1.2799,1.7599,1.2802,-160,-160,-0.021,0.0,False,23.85,0.02,41.416,0.0,3.24,2,116.5,0.0,0,False,False,750817,2499867,1.2799,-15,145,0.019,-0.002,750975,0,0,0,0.0,158,0.021,-13,11751,64,,0,0,0,False,26.0,34.0,41.0,26.52,8.0,51.0,26.0,0,0,51.0,50.0,27.7,3501,0,0,True,False,False,814.8,627.6,1.298,0.048,0.277,1.569,962.5,0.581
p1_static,64,3,2500000,1.28,400,1,0.3004,0.422,750904,750904,0,751193,0,2499468,2500430,1279728112,1.2797,1.7596,1.2802,-289,-289,-0.038,0.0,False,31.97,0.0,21.496,0.0,3.23,6,119.3,0.0,0,False,False,750906,2499475,1.2797,-2,287,0.038,-0.0,751191,0,0,0,0.0,285,0.038,2,11759,64,,0,0,0,False,40.0,48.0,51.0,39.67,14.0,65.0,40.0,0,0,51.0,50.0,31.4,3498,0,0,True,False,False,1350.4,602.3,2.242,0.046,0.215,1.506,967.0,0.537
hardcoded,64,3,2500000,1.28,400,1,0.3004,0.417,751095,751049,46,751049,0,2499985,2499832,1279992571,1.28,1.76,1.2799,46,0,0.006,0.006,False,34.68,0.01,22.7,0.0,3.21,9,116.7,0.0,0,False,False,751122,2500075,1.28,-27,-73,-0.01,-0.004,751101,0,0,0,0.0,-21,-0.003,-52,11763,64,,0,0,0,False,38.0,48.0,51.0,37.7,11.0,62.0,38.0,0,0,51.0,50.0,33.7,3496,0,0,True,False,False,1560.5,643.9,2.423,0.049,0.218,1.61,915.9,0.566
template,64,3,2500000,1.28,400,1,0.3003,0.422,750742,750742,0,750878,0,2499614,2500067,1279802531,1.2798,1.7597,1.28,-136,-136,-0.018,0.0,False,75.88,0.0,13.994,0.0,3.35,5,109.8,0.0,0,False,False,750655,2499324,1.2797,87,223,0.03,0.012,750847,0,0,0,0.0,192,0.026,31,11750,64,,0,0,0,False,32.0,46.0,54.0,32.15,8.0,69.0,32.0,0,0,51.0,50.0,66.7,3497,0,0,True,False,False,4651.6,1158.1,4.016,0.046,0.196,2.895,911.3,0.559
modular,64,3,2500000,1.28,400,1,0.3003,0.43,750680,702566,48114,702566,0,2499480,2339278,1279733928,1.2797,1.7596,1.1977,48114,0,6.409,6.409,False,99.88,0.01,0.0,0.023,3.51,9,126.2,0.0,0,False,False,702506,2339079,1.1976,48174,60,0.008,6.417,702582,0,0,0,0.0,76,0.01,-16,10998,64,,0,0,0,False,118.0,127.0,135.0,117.92,95.0,165.0,118.0,0,0,51.0,50.0,83.3,3499,0,0,True,False,False,6617.6,1493.4,4.431,0.048,0.161,3.493,973.0,0.56
rxonly,64,3,3000000,1.536,333,1,0.3002,0.422,901432,901423,9,901423,901427,3002837,3002807,1537452886,1.5375,2.114,1.5374,9,0,0.001,0.001,True,55.14,0.01,44.315,0.0,2.78,9,117.1,0.0,0,False,False,,,,,,,,,,,,,,,,0,64,,0,0,0,False,,,,,,,,0,0,51.0,49.0,55.0,3501,0,0,True,False,False,566.3,891.8,0.635,0.022,0.879,2.678,0.4,0.42
baseline,64,3,3000000,1.536,333,1,0.3004,0.419,901788,901788,0,901907,0,3002411,3002807,1537234467,1.5372,2.1137,1.5374,-119,-119,-0.013,0.0,False,26.63,0.01,40.985,0.007,2.5,10,122.9,0.0,0,False,False,901765,3002334,1.5372,23,142,0.016,0.003,901947,0,0,0,0.0,182,0.02,-40,14114,64,,0,0,0,False,28.0,37.0,42.0,27.97,9.0,56.0,28.0,0,0,51.0,49.0,30.0,3500,0,0,True,False,False,786.4,553.3,1.421,0.039,0.246,1.661,788.8,0.644
p1_static,64,3,3000000,1.536,333,1,0.3004,0.425,902068,902068,0,902090,0,3002859,3002933,1537464246,1.5375,2.114,1.5375,-22,-22,-0.002,0.0,False,37.19,0.01,21.285,0.0,2.47,6,115.7,0.0,0,False,False,902038,3002759,1.5374,30,52,0.006,0.003,902164,0,0,0,0.0,126,0.014,-74,14126,64,,0,0,0,False,37.0,46.0,49.0,36.45,11.0,59.0,37.0,0,0,51.0,50.0,35.3,3498,0,0,True,False,False,1338.0,560.3,2.388,0.041,0.209,1.683,789.2,0.635
hardcoded,64,3,3000000,1.536,333,1,0.3004,0.425,901955,901955,0,902060,0,3002429,3002778,1537243883,1.5372,2.1137,1.5374,-105,-105,-0.012,0.0,False,39.42,0.0,20.149,0.003,2.23,10,117.3,0.0,0,False,False,901922,3002319,1.5372,33,138,0.015,0.004,902086,0,0,0,0.0,164,0.018,-26,14121,64,,0,0,0,False,39.0,48.0,51.0,38.92,6.0,71.0,39.0,0,0,51.0,50.0,37.2,3500,0,0,True,False,False,1539.5,579.6,2.656,0.049,0.205,1.74,822.9,0.605
template,64,3,3000000,1.536,333,1,0.3005,0.425,901884,901884,0,902124,0,3001745,3002544,1536893871,1.5369,2.1132,1.5373,-240,-240,-0.027,0.0,False,89.39,0.01,6.763,0.01,2.25,13,116.4,0.0,0,False,False,901903,3001809,1.5369,-19,221,0.025,-0.002,902161,0,0,0,0.0,258,0.029,-37,14120,64,,0,0,0,False,28.0,42.0,51.0,28.68,8.0,79.0,28.0,0,0,51.0,51.0,76.2,3498,0,0,True,False,False,4621.3,1077.1,4.29,0.068,0.169,3.234,836.6,0.61
modular,64,3,3000000,1.536,333,1,0.3003,0.425,901523,705555,195968,705555,0,3002533,2349859,1537297285,1.5373,2.1138,1.2031,195968,0,21.737,21.737,False,99.91,0.01,0.0,0.017,2.71,157,319.6,0.0,0,False,False,705616,2350063,1.2032,195907,-61,-0.007,21.731,705544,0,0,0,0.0,-72,-0.008,11,11041,64,,0,0,0,False,120.0,133.0,146.0,122.33,101.0,164.0,120.0,0,0,51.0,51.0,84.3,3495,0,0,True,False,False,6619.2,1486.4,4.453,0.052,0.178,3.493,989.4,0.587
rxonly,64,3,3500000,1.792,286,1,0.3002,0.431,1049456,1049456,0,1049500,1049516,3495607,3495754,1789751241,1.7898,2.4609,1.7898,-44,-44,-0.004,0.0,True,61.49,0.02,42.066,0.01,2.09,26,116.0,0.0,0,False,False,,,,,,,,,,,,,,,,0,64,,0,0,0,False,,,,,,,,0,0,51.0,50.0,58.9,3493,0,0,True,False,False,539.0,818.1,0.659,0.021,0.856,2.86,0.5,0.399
baseline,64,3,3500000,1.792,286,1,0.3003,0.424,1050032,1049887,145,1049887,0,3496461,3495978,1790188198,1.7902,2.4615,1.7899,145,0,0.014,0.014,False,29.6,0.01,40.698,0.0,2.0,18,113.6,0.0,0,False,False,1049979,3496284,1.7901,53,-92,-0.009,0.005,1049788,0,0,0,0.0,-191,-0.018,99,16433,64,,0,0,0,False,26.0,35.0,39.0,26.04,7.0,53.0,26.0,0,0,51.0,50.0,31.9,3494,0,0,True,False,False,764.1,501.6,1.523,0.036,0.231,1.753,684.6,0.727
p1_static,64,3,3500000,1.792,286,1,0.3004,0.418,1050067,1049983,84,1049983,0,3495986,3495706,1789944948,1.7899,2.4612,1.7898,84,0,0.008,0.008,False,42.47,0.01,20.528,0.0,1.79,16,115.0,0.0,0,False,False,1050045,3495912,1.7899,22,-62,-0.006,0.002,1049975,0,0,0,0.0,-70,-0.007,8,16440,64,,0,0,0,False,36.0,45.0,48.0,35.76,8.0,58.0,36.0,0,0,51.0,49.0,40.1,3499,0,0,True,False,False,1324.7,527.9,2.509,0.039,0.193,1.846,718.4,0.678
hardcoded,64,3,3500000,1.792,286,1,0.3003,0.421,1050024,1049690,334,1049690,0,3496337,3495224,1790124583,1.7901,2.4614,1.7896,334,0,0.032,0.032,False,45.14,0.01,19.639,0.0,1.72,15,116.7,0.0,0,False,False,1049957,3496113,1.79,67,-267,-0.025,0.006,1049779,0,0,0,0.0,-178,-0.017,-89,16432,64,,0,0,0,False,36.0,44.0,48.0,35.8,8.0,65.0,36.0,0,0,51.0,49.0,42.1,3494,0,0,True,False,False,1527.6,551.4,2.77,0.038,0.191,1.927,727.4,0.666
template,64,3,3500000,1.792,286,1,0.3004,0.431,1049337,1041650,7687,1041650,0,3493285,3467695,1788562117,1.7886,2.4593,1.7755,7687,0,0.733,0.733,False,99.87,0.0,0.0,0.01,1.76,34,111.2,0.0,0,False,False,1041295,3466513,1.7749,8042,355,0.034,0.766,1041692,0,0,0,0.0,397,0.038,-42,16303,64,,0,0,0,False,73.0,88.0,96.0,61.75,13.0,114.0,73.0,0,0,51.0,50.0,83.4,3501,0,0,True,False,False,4599.3,1007.6,4.565,0.057,0.158,3.494,790.3,0.649
modular,64,3,3500000,1.792,286,1,0.3003,0.429,1044208,706177,338031,706177,0,3477087,2351484,1780268720,1.7803,2.4479,1.204,338031,0,32.372,32.372,False,99.89,0.0,0.0,0.01,2.23,4381,484.7,0.0,0,False,False,706256,2351747,1.2041,337952,-79,-0.008,32.364,706160,0,0,0,0.0,-96,-0.009,17,11055,64,,0,0,0,False,120.0,131.0,139.0,119.88,79.0,161.0,120.0,0,0,51.0,50.0,83.9,3495,0,0,True,False,False,6619.7,1485.1,4.457,0.065,0.174,3.492,956.8,0.608
rxonly,64,3,4000000,2.048,250,1,0.3003,0.421,1200720,1200720,0,1200755,1200718,3998671,3998788,2047319797,2.0473,2.8151,2.0474,-35,-35,-0.003,0.0,True,66.94,0.01,39.976,0.003,1.68,34,120.2,0.0,0,False,False,,,,,,,,,,,,,,,,0,64,,0,0,0,False,,,,,,,,0,0,51.0,50.0,63.7,3502,0,0,True,False,False,519.3,754.0,0.689,0.017,0.792,3.015,0.3,0.456
baseline,64,3,4000000,2.048,250,1,0.3004,0.422,1200866,1200866,0,1200946,0,3998158,3998425,2047057341,2.0471,2.8147,2.0472,-80,-80,-0.007,0.0,False,33.24,0.01,35.478,0.0,1.27,24,116.3,0.0,0,False,False,1200827,3998029,2.047,39,119,0.01,0.003,1201000,0,0,0,0.0,173,0.014,-54,18794,64,,0,0,0,False,26.0,33.0,36.0,25.47,6.0,49.0,26.0,0,0,51.0,50.0,34.4,3498,0,0,True,False,False,739.1,444.8,1.662,0.032,0.214,1.778,661.5,0.749
p1_static,64,3,4000000,2.048,250,1,0.3003,0.42,1201067,1201002,65,1201002,0,3999916,3999700,2047957392,2.048,2.8159,2.0478,65,0,0.005,0.005,False,48.93,0.01,21.757,0.0,1.39,17,111.2,0.0,0,False,False,1201131,4000129,2.0481,-64,-129,-0.011,-0.005,1200970,0,0,0,0.0,-161,-0.013,32,18793,64,,0,0,0,False,33.0,42.0,46.0,32.23,7.0,58.0,33.0,0,0,51.0,51.0,45.0,3498,0,0,True,False,False,1318.0,517.8,2.546,0.036,0.183,2.071,630.6,0.752
hardcoded,64,3,4000000,2.048,250,1,0.3004,0.422,1201174,1201174,0,1201275,0,3998952,3999288,2047463649,2.0475,2.8153,2.0476,-101,-101,-0.008,0.0,False,51.3,0.01,19.992,0.007,1.39,20,108.6,0.0,0,False,False,1201230,3999138,2.0476,-56,45,0.004,-0.005,1201470,0,0,0,0.0,240,0.02,-195,18803,64,,0,0,0,False,32.0,41.0,45.0,31.81,7.0,62.0,32.0,0,0,51.0,51.0,47.1,3501,0,0,True,False,False,1521.0,535.8,2.839,0.041,0.181,2.143,631.2,0.752
template,64,3,4000000,2.048,250,1,0.3003,0.42,1194186,1032954,161232,1032954,0,3976317,3439458,2035874688,2.0359,2.7993,1.761,161232,0,13.501,13.501,False,99.89,0.01,0.0,0.013,1.52,2594,260.0,0.0,0,False,False,1032857,3439135,1.7608,161329,97,0.008,13.51,1032965,0,0,0,0.0,108,0.009,-11,16168,64,,0,0,0,False,83.0,89.0,96.0,82.08,50.0,112.0,83.0,0,0,51.0,51.0,85.1,3499,0,0,True,False,False,4599.9,1015.7,4.529,0.061,0.099,3.493,732.0,0.712
modular,64,3,4000000,2.048,250,1,0.3002,0.427,1179070,712163,466907,712163,0,3927196,2372042,2010724610,2.0107,2.7647,1.2145,466907,0,39.6,39.6,False,99.92,0.0,0.0,0.01,1.88,7637,444.1,0.0,0,False,False,712054,2371679,1.2143,467016,109,0.009,39.609,712166,0,0,0,0.0,112,0.009,-3,11143,64,,0,0,0,False,123.0,130.0,138.0,119.88,94.0,160.0,123.0,0,0,51.0,51.0,83.6,3499,0,0,True,False,False,6620.2,1472.6,4.495,0.059,0.113,3.493,931.0,0.627
rxonly,64,3,5000000,2.56,200,1,0.3003,0.422,1501059,1501059,0,1501072,1501106,4998784,4998827,2559377491,2.5594,3.5191,2.5594,-13,-13,-0.001,0.0,True,67.79,0.02,30.761,0.003,1.17,132,108.9,0.0,0,False,False,,,,,,,,,,,,,,,,0,128,,0,0,0,False,,,,,,,,0,0,51.0,49.0,62.7,3498,0,0,True,False,False,477.7,571.0,0.837,0.012,0.633,2.855,0.3,0.442
baseline,64,3,5000000,2.56,200,1,0.3003,0.428,1501042,1501042,0,1501306,0,4997672,4998551,2558808227,2.5588,3.5184,2.5593,-264,-264,-0.018,0.0,False,40.1,0.01,36.091,0.0,0.85,68,115.5,0.0,0,False,False,1501007,4997555,2.5587,35,299,0.02,0.002,1501299,0,0,0,0.0,292,0.019,7,11746,128,,0,0,0,False,23.0,28.0,32.0,22.63,5.0,44.0,23.0,0,0,51.0,49.0,39.6,3498,0,0,True,False,False,722.3,404.8,1.784,0.028,0.205,2.024,539.7,0.898
p1_static,64,3,5000000,2.56,200,1,0.3004,0.42,1501561,1501561,0,1501727,0,4998459,4999011,2559211176,2.5592,3.5189,2.5595,-166,-166,-0.011,0.0,False,60.05,0.01,23.791,0.007,0.95,25,105.5,0.0,0,False,False,1501506,4998276,2.5591,55,221,0.015,0.004,1501757,0,0,0,0.0,251,0.017,-30,11755,128,,0,0,0,False,24.0,36.0,42.0,24.86,5.0,55.0,24.0,0,0,51.0,50.0,55.3,3499,0,0,True,False,False,1311.0,501.5,2.614,0.029,0.175,2.507,490.1,0.94
hardcoded,64,3,5000000,2.56,200,1,0.3005,0.423,1501950,1501950,0,1502572,0,4997807,4999876,2558877268,2.5589,3.5185,2.5599,-622,-622,-0.041,0.0,False,64.25,0.01,23.559,0.007,0.94,67,105.7,0.0,0,False,False,1501977,4997897,2.5589,-27,595,0.04,-0.002,1502712,0,0,0,0.0,735,0.049,-140,11762,128,,0,0,0,False,22.0,35.0,42.0,22.77,4.0,47.0,22.0,0,0,51.0,50.0,58.7,3495,0,0,True,False,False,1516.1,525.3,2.886,0.035,0.176,2.627,472.7,0.978
template,64,3,5000000,2.56,200,1,0.3004,0.425,1439505,1006834,432671,1006834,0,4792664,3352136,2453844147,2.4538,3.374,1.7163,432671,0,30.057,30.057,False,99.87,0.01,0.0,0.017,1.09,8935,388.0,0.0,0,False,False,1006696,3351677,1.7161,432809,138,0.01,30.067,1006848,0,0,0,0.0,152,0.011,-14,7879,128,,0,0,0,False,87.0,92.0,98.0,85.78,57.0,118.0,87.0,0,0,51.0,50.0,84.5,3500,0,0,True,False,False,4602.2,1042.2,4.416,0.055,0.16,3.493,732.7,0.75
modular,64,3,5000000,2.56,200,1,0.3003,0.417,1421518,686678,734840,686678,0,4733495,2286560,2423549445,2.4235,3.3324,1.1707,734840,0,51.694,51.694,False,100.23,0.0,0.0,0.01,1.5,11919,424.9,0.0,0,True,False,686583,2286244,1.1706,734935,95,0.007,51.701,686680,0,0,0,0.0,97,0.007,-2,5374,128,,0,0,0,False,114.0,119.0,132.0,114.47,104.0,162.0,114.0,0,0,52.0,50.0,85.6,3499,0,0,True,False,False,6620.1,1527.8,4.333,0.054,0.176,3.493,859.8,0.672
rxonly,64,3,6000000,3.072,167,1,0.3003,0.422,1797111,1797111,0,1797386,1797308,5983975,5984890,3063795253,3.0638,4.2127,3.0643,-275,-275,-0.015,0.0,True,66.18,0.01,28.616,0.0,0.95,189,103.6,0.0,0,False,False,,,,,,,,,,,,,,,,0,128,,0,0,0,False,,,,,,,,0,0,51.0,50.0,60.9,3494,0,0,True,False,False,462.1,466.3,0.991,0.017,0.502,2.791,0.3,0.409
baseline,64,3,6000000,3.072,167,1,0.3004,0.425,1797766,1797766,0,1797902,0,5985313,5985766,3064480597,3.0645,4.2137,3.0647,-136,-136,-0.008,0.0,False,45.83,0.01,36.06,0.0,0.56,86,117.2,0.0,0,False,False,1797699,5985090,3.0644,67,203,0.011,0.004,1797971,0,0,0,0.0,272,0.015,-69,14068,128,,0,0,0,False,20.0,26.0,31.0,20.49,4.0,42.0,20.0,0,0,51.0,50.0,44.6,3498,0,0,True,False,False,711.1,370.2,1.921,0.022,0.193,2.216,441.1,1.072
p1_static,64,3,6000000,3.072,167,1,0.3004,0.421,1796956,1796956,0,1797417,0,5982355,5983890,3062966142,3.063,4.2116,3.0638,-461,-461,-0.026,0.0,False,72.11,0.01,17.804,0.007,0.63,112,109.4,0.0,0,False,False,1796889,5982132,3.0629,67,528,0.029,0.004,1797482,0,0,0,0.0,593,0.033,-65,14067,128,,0,0,0,False,19.0,32.0,39.0,20.2,3.0,81.0,19.0,0,0,51.0,50.0,64.3,3498,0,0,True,False,False,1294.8,472.6,2.74,0.033,0.162,2.828,402.5,1.14
hardcoded,64,3,6000000,3.072,167,1,0.3005,0.426,1797833,1797645,188,1797645,0,5983627,5983001,3063617025,3.0636,4.2125,3.0633,188,0,0.01,0.01,False,76.9,0.01,15.097,0.003,0.64,140,104.9,0.0,0,False,False,1797791,5983487,3.0635,42,-146,-0.008,0.002,1797597,0,0,0,0.0,-194,-0.011,48,14078,128,,0,0,0,False,18.0,31.0,39.0,19.45,4.0,68.0,18.0,0,0,51.0,50.0,67.2,3502,0,0,True,False,False,1496.8,491.6,3.045,0.033,0.162,2.941,412.4,1.134
template,64,3,6000000,3.072,167,1,0.3003,0.428,1688918,1024694,664224,1024694,0,5623246,3411714,2879101955,2.8791,3.9588,1.7468,664224,0,39.328,39.328,False,99.88,0.01,0.0,0.017,0.76,11782,377.5,0.0,0,True,False,1024656,3411588,1.7467,664262,38,0.002,39.331,1024706,0,0,0,0.0,50,0.003,-12,8019,128,,0,0,0,False,81.0,86.0,91.0,81.38,57.0,106.0,81.0,0,0,51.0,51.0,83.8,3497,0,0,True,False,False,4603.5,1023.9,4.496,0.05,0.162,3.493,738.1,0.766
modular,64,3,6000000,3.072,167,1,0.3003,0.429,1663568,687620,975948,687620,0,5539083,2289527,2836010851,2.836,3.8995,1.1722,975948,0,58.666,58.666,False,100.22,0.0,0.0,0.013,1.02,12502,392.1,0.0,0,True,False,687531,2289231,1.1721,976037,89,0.005,58.671,687615,0,0,0,0.0,84,0.005,5,5382,128,,0,0,0,False,130.0,135.0,143.0,130.27,104.0,166.0,130.0,0,0,52.0,51.0,83.6,3494,0,0,True,False,False,6619.9,1525.7,4.339,0.05,0.176,3.493,820.3,0.702
rxonly,64,3,7000000,3.584,143,1,0.3003,0.425,2099155,2098729,426,2098729,2098690,6989821,6988402,3578788400,3.5788,4.9208,3.5781,426,0,0.02,0.02,True,62.32,0.01,38.24,0.003,0.75,421,108.8,0.0,0,False,False,,,,,,,,,,,,,,,,0,128,,0,0,0,False,,,,,,,,0,0,51.0,50.0,58.8,3496,0,0,True,False,False,463.6,400.1,1.159,0.012,0.398,2.796,0.2,0.439
baseline,64,3,7000000,3.584,143,1,0.3004,0.422,2097251,2097251,0,2097664,0,6982039,6983414,3574804453,3.5748,4.9154,3.5755,-413,-413,-0.02,0.0,False,50.84,0.01,35.512,0.007,0.33,1532,137.8,0.0,0,False,False,2097237,6981993,3.5748,14,427,0.02,0.001,2097669,0,0,0,0.0,432,0.021,-5,16414,128,,0,0,0,False,18.0,24.0,33.0,18.22,4.0,56.0,18.0,0,0,51.0,50.0,49.2,3498,0,0,True,False,False,701.8,342.3,2.05,0.025,0.179,2.391,351.6,1.312
p1_static,64,3,7000000,3.584,143,1,0.3004,0.424,2088264,2088264,0,2088581,0,6951134,6952190,3558981040,3.559,4.8936,3.5595,-317,-317,-0.015,0.0,False,83.42,0.01,11.294,0.007,0.4,536,126.3,0.0,0,False,False,2088306,6951274,3.5591,-42,275,0.013,-0.002,2088661,0,0,0,0.0,355,0.017,-80,16347,128,,0,0,0,False,17.0,29.0,37.0,18.01,4.0,86.0,17.0,0,0,51.0,51.0,72.5,3495,0,0,True,False,False,1283.0,447.2,2.869,0.047,0.154,3.109,382.1,1.241
hardcoded,64,3,7000000,3.584,143,1,0.3005,0.426,2085994,2084969,1025,2084969,0,6942851,6939440,3554740185,3.5547,4.8878,3.553,1025,0,0.049,0.049,False,89.72,0.0,6.846,0.01,0.38,1242,133.0,0.0,0,False,False,2086026,6942958,3.5548,-32,-1057,-0.051,-0.002,2084898,0,0,0,0.0,-1128,-0.054,71,16330,128,,0,0,0,False,17.0,30.0,38.0,18.68,4.0,74.0,17.0,0,0,51.0,51.0,76.4,3501,0,0,True,False,False,1483.3,468.4,3.167,0.048,0.154,3.251,400.5,1.207
template,64,3,7000000,3.584,143,1,0.3003,0.421,1874994,1022813,852181,1022813,0,6243255,3405708,3196546935,3.1965,4.3953,1.7437,852181,0,45.45,45.45,False,100.22,0.0,0.0,0.01,0.5,16270,412.0,0.0,0,True,False,1022888,3405958,1.7439,852106,-75,-0.004,45.446,1022810,0,0,0,0.0,-78,-0.004,3,8005,128,,0,0,0,False,86.0,91.0,98.0,86.32,70.0,125.0,86.0,0,0,51.0,51.0,85.2,3496,0,0,True,False,False,4603.2,1025.5,4.489,0.048,0.159,3.493,748.9,0.759
modular,64,3,7000000,3.584,143,1,0.3004,0.422,1905692,700315,1205377,700315,0,6344734,2331600,3248504123,3.2485,4.4667,1.1938,1205377,0,63.251,63.251,False,99.88,0.0,0.0,0.017,0.78,14695,356.2,0.0,0,True,False,700160,2331084,1.1935,1205532,155,0.008,63.26,700336,0,0,0,0.0,176,0.009,-21,5481,128,,0,0,0,False,129.0,132.0,141.0,128.45,104.0,175.0,129.0,0,0,52.0,51.0,84.9,3497,0,0,True,False,False,6620.1,1498.4,4.418,0.04,0.176,3.494,806.7,0.713
rxonly,64,3,8000000,4.096,125,1,0.3003,0.421,2399244,2399244,0,2399682,2399521,7988969,7990427,4090352403,4.0904,5.6242,4.0911,-438,-438,-0.018,0.0,True,59.11,0.01,39.614,0.01,0.52,4118,123.9,0.0,0,False,False,,,,,,,,,,,,,,,,0,128,,0,0,0,False,,,,,,,,0,0,51.0,51.0,56.7,3502,0,0,True,False,False,456.7,339.2,1.346,0.01,0.293,2.71,0.2,0.445
baseline,64,3,8000000,4.096,125,1,0.3004,0.43,2376041,2376041,0,2376954,0,7909445,7912484,4049636201,4.0496,5.5682,4.0512,-913,-913,-0.038,0.0,False,55.54,0.02,33.062,0.013,0.21,2717,154.5,0.0,0,False,False,2375753,7908487,4.0491,288,1201,0.051,0.012,2377023,0,0,0,0.0,1270,0.053,-69,18594,128,,0,0,0,False,17.0,26.0,35.0,17.48,3.0,76.0,17.0,0,0,51.0,51.0,52.1,3498,0,0,True,False,False,692.3,317.7,2.179,0.042,0.166,2.514,294.0,1.539
p1_static,64,3,8000000,4.096,125,1,0.3007,0.429,2370075,2370075,0,2370806,0,7882554,7884985,4035867719,4.0359,5.5493,4.0371,-731,-731,-0.031,0.0,False,94.52,0.01,3.841,0.01,0.22,3012,142.7,0.0,0,False,False,2369263,7879853,4.0345,812,1543,0.065,0.034,2370895,0,0,0,0.0,1632,0.069,-89,18560,128,,0,0,0,False,14.0,26.0,36.0,15.27,3.0,78.0,14.0,0,0,52.0,51.0,79.7,3493,0,0,True,False,False,1273.6,426.9,2.984,0.056,0.148,3.366,374.4,1.307
hardcoded,64,3,8000000,4.096,125,1,0.3005,0.422,2392001,2392001,0,2392059,0,7960608,7960801,4075831438,4.0758,5.6043,4.0759,-58,-58,-0.002,0.0,False,99.56,0.01,0.133,0.013,0.19,1358,127.9,0.0,0,False,False,2391782,7959879,4.0755,219,277,0.012,0.009,2392166,0,0,0,0.0,384,0.016,-107,18730,128,,0,0,0,False,14.0,20.0,33.0,14.51,4.0,70.0,14.0,0,0,51.0,51.0,84.4,3497,0,0,True,False,False,1474.6,438.0,3.367,0.038,0.156,3.487,375.8,1.303
template,64,3,8000000,4.096,125,1,0.3003,0.424,2151952,1040948,1111004,1040948,0,7166881,3466782,3669443091,3.6694,5.0455,1.775,1111004,0,51.628,51.628,False,99.91,0.0,0.0,0.01,0.33,17078,401.5,0.0,0,True,False,1040901,3466626,1.7749,1111051,47,0.002,51.63,1040940,0,0,0,0.0,39,0.002,8,8143,128,,0,0,0,False,85.0,88.0,94.0,84.58,67.0,112.0,85.0,0,0,52.0,51.0,84.4,3499,0,0,True,False,False,4603.2,1007.5,4.569,0.035,0.159,3.493,714.3,0.791
modular,64,3,8000000,4.096,125,1,0.3003,0.421,2136641,695898,1440743,695898,0,7115033,2317346,3642897232,3.6429,5.009,1.1865,1440743,0,67.43,67.43,False,99.89,0.01,0.0,0.017,0.46,19256,403.7,0.0,0,True,False,695872,2317259,1.1864,1440769,26,0.001,67.431,695904,0,0,0,0.0,32,0.001,-6,5447,128,,0,0,0,False,130.0,134.0,140.0,129.5,104.0,166.0,130.0,0,0,52.0,51.0,85.1,3499,0,0,True,False,False,6620.1,1507.3,4.392,0.029,0.175,3.493,794.4,0.721
rxonly,64,3,9000000,4.608,111,1,0.3003,0.428,2700662,2700662,0,2701206,2701402,8992304,8994115,4604059776,4.6041,6.3306,4.605,-544,-544,-0.02,0.0,True,58.5,0.01,37.445,0.003,0.4,5967,143.4,0.0,0,False,False,,,,,,,,,,,,,,,,0,256,,0,0,0,False,,,,,,,,0,0,51.0,50.0,55.8,3499,0,0,True,False,False,448.9,300.4,1.495,0.009,0.249,2.702,0.1,0.478
baseline,64,3,9000000,4.608,111,1,0.3004,0.428,2571155,2559192,11963,2559192,0,8558667,8518845,4382037689,4.382,6.0253,4.3616,11963,0,0.465,0.465,False,59.02,0.01,28.69,0.0,0.05,10147,326.8,0.0,0,False,False,2556070,8508453,4.3563,15085,3122,0.121,0.587,2559130,0,0,0,0.0,3060,0.119,62,10004,256,,0,0,0,False,16.0,29.0,37.0,16.9,2.0,60.0,16.0,0,0,51.0,50.0,54.3,3495,0,0,True,False,False,684.8,299.4,2.287,0.036,0.156,2.55,256.9,1.797
p1_static,64,3,9000000,4.608,111,1,0.3004,0.421,2666451,2540926,125525,2540926,0,8875175,8457370,4544089735,4.5441,6.2481,4.3302,125525,0,4.708,4.708,False,99.59,0.0,0.09,0.01,0.08,8832,266.9,0.0,0,False,False,2540175,8454870,4.3289,126276,751,0.028,4.736,2540913,0,0,0,0.0,738,0.028,13,9944,256,,0,0,0,False,35.0,38.0,42.0,34.61,14.0,86.0,35.0,0,0,52.0,51.0,84.5,3505,0,0,True,False,False,1268.2,412.2,3.077,0.023,0.158,3.486,357.2,1.358
hardcoded,64,3,9000000,4.608,111,1,0.3004,0.428,2634298,2436018,198280,2436018,0,8768468,8108477,4489455892,4.4895,6.173,4.1515,198280,0,7.527,7.527,False,99.93,0.01,0.113,0.02,0.07,9658,305.3,0.0,0,False,False,2435836,8107872,4.1512,198462,182,0.007,7.534,2436044,0,0,0,0.0,208,0.008,-26,9537,256,,0,0,0,False,35.0,38.0,41.0,34.92,11.0,62.0,35.0,0,0,51.0,51.0,83.7,3498,0,0,True,False,False,1474.4,430.0,3.429,0.023,0.098,3.486,361.7,1.35
template,64,3,9000000,4.608,111,1,0.3003,0.417,2297069,1032465,1264604,1032465,0,7650155,3438519,3916879389,3.9169,5.3857,1.7605,1264604,0,55.053,55.053,False,100.24,0.0,0.0,0.01,0.17,34340,521.0,0.0,0,True,False,1032528,3438729,1.7606,1264541,-63,-0.003,55.05,1032445,0,0,0,0.0,-83,-0.004,20,4039,256,,0,0,0,False,77.0,89.0,97.0,79.06,70.0,119.0,77.0,0,0,51.0,51.0,85.6,3494,0,0,True,False,False,4603.2,1015.8,4.532,0.034,0.096,3.493,727.8,0.782
modular,64,3,9000000,4.608,111,1,0.3003,0.421,2364081,713073,1651008,713073,0,7871449,2374249,4030182118,4.0302,5.5415,1.2156,1651008,0,69.837,69.837,False,99.88,0.01,0.0,0.017,0.33,24192,403.0,0.0,0,True,False,712960,2373873,1.2154,1651121,113,0.005,69.842,713080,0,0,0,0.0,120,0.005,-7,2791,256,,0,0,0,False,128.0,134.0,142.0,128.23,106.0,208.0,128.0,0,0,52.0,51.0,84.9,3499,0,0,True,False,False,6620.0,1471.3,4.5,0.041,0.175,3.493,785.1,0.732
rxonly,64,3,10000000,5.12,100,1,0.3003,0.423,2994200,2994200,0,2994636,2994693,9971156,9972608,5105232056,5.1052,7.0197,5.106,-436,-436,-0.015,0.0,True,58.93,0.01,34.744,0.003,0.3,7106,150.3,0.0,0,False,False,,,,,,,,,,,,,,,,0,256,,0,0,0,False,,,,,,,,0,0,51.0,51.0,55.6,3499,0,0,True,False,False,440.8,262.7,1.678,0.013,0.207,2.62,0.1,0.44
baseline,64,3,10000000,5.12,100,1,0.3004,0.425,2742604,2711158,31446,2711158,0,9129465,9024789,4674286572,4.6743,6.4271,4.6207,31446,0,1.147,1.147,False,61.42,0.01,26.617,0.003,0.01,115801,938.7,0.0,0,True,False,2706965,9010832,4.6135,35639,4193,0.153,1.299,2711214,0,0,0,0.0,4249,0.155,-56,10594,256,,0,0,0,False,15.0,29.0,37.0,16.58,3.0,61.0,15.0,0,0,51.0,51.0,56.4,3495,0,0,True,False,False,680.4,287.5,2.366,0.026,0.137,2.595,246.2,1.904
p1_static,64,3,10000000,5.12,100,1,0.3005,0.421,2720356,2559926,160430,2559926,0,9054136,8520178,4635717940,4.6357,6.3741,4.3623,160430,0,5.897,5.897,False,99.5,0.0,0.136,0.007,0.0,575912,1348.1,0.0,0,True,False,2558978,8517023,4.3607,161378,948,0.035,5.932,2560073,0,0,0,0.0,1095,0.04,-147,10020,256,,0,0,0,False,34.0,39.0,42.0,34.19,9.0,75.0,34.0,0,0,51.0,52.0,85.0,3493,0,0,True,False,False,1268.1,409.0,3.101,0.02,0.11,3.484,337.5,1.425
hardcoded,64,3,10000000,5.12,100,1,0.3004,0.422,2749176,2435772,313404,2435772,0,9151533,8108265,4685585318,4.6856,6.4427,4.1514,313404,0,11.4,11.4,False,100.19,0.0,0.0,0.013,0.0,96389,989.1,0.0,0,True,False,2435365,8106911,4.1507,313811,407,0.015,11.415,2435900,0,0,0,0.0,535,0.019,-128,9533,256,,0,0,0,False,35.0,39.0,43.0,35.08,27.0,60.0,35.0,0,0,52.0,52.0,84.7,3500,0,0,True,False,False,1474.4,430.9,3.422,0.015,0.156,3.494,356.2,1.363
template,64,3,10000000,5.12,100,1,0.3003,0.422,2583435,1026599,1556836,1026599,0,8602009,3418245,4404228751,4.4042,6.0558,1.7501,1556836,0,60.262,60.262,False,100.22,0.0,0.0,0.01,0.07,57810,652.7,0.0,0,True,False,1026421,3417652,1.7498,1557014,178,0.007,60.269,1026618,0,0,0,0.0,197,0.008,-19,4017,256,,0,0,0,False,78.0,91.0,96.0,80.91,40.0,116.0,78.0,0,0,52.0,51.0,84.7,3500,0,0,True,False,False,4603.5,1022.0,4.504,0.03,0.16,3.493,697.1,0.813
modular,64,3,10000000,5.12,100,1,0.3004,0.422,2575788,701089,1874699,701089,0,8575276,2334055,4390541417,4.3905,6.037,1.195,1874699,0,72.782,72.782,False,99.87,0.01,0.0,0.013,0.15,40924,547.5,0.0,0,True,False,700845,2333243,1.1946,1874943,244,0.009,72.791,701108,0,0,0,0.0,263,0.01,-19,2744,256,,0,0,0,False,129.0,134.0,142.0,128.88,106.0,161.0,129.0,0,2,52.0,51.0,84.9,3496,0,0,True,False,True,6620.4,1496.9,4.423,0.041,0.174,3.494,776.6,0.737
rxonly,64,3,11000000,5.632,91,1,0.3003,0.417,3281685,3281548,137,3281548,3281538,10926423,10925967,5594328884,5.5943,7.6922,5.5941,137,0,0.004,0.004,True,56.91,0.01,34.081,0.007,0.19,10793,182.9,0.0,0,False,False,,,,,,,,,,,,,,,,0,256,,0,0,0,False,,,,,,,,0,0,51.0,51.0,54.6,3495,0,0,True,False,False,436.4,233.1,1.872,0.013,0.173,2.547,0.1,0.547
baseline,64,3,11000000,5.632,91,1,0.3004,0.419,2832225,2790256,41969,2790256,0,9427003,9287310,4826625958,4.8266,6.6366,4.7551,41969,0,1.482,1.482,False,62.27,0.01,26.658,0.003,0.0,549484,1163.0,0.0,0,True,False,2781878,9259424,4.7408,50347,8378,0.296,1.778,2790258,0,0,0,0.0,8380,0.296,-2,10889,256,,0,0,0,False,15.0,29.0,37.0,16.21,2.0,70.0,15.0,0,0,52.0,51.0,57.8,3496,0,0,True,False,False,679.7,282.0,2.411,0.022,0.125,2.619,241.5,1.953
p1_static,64,3,11000000,5.632,91,1,0.3004,0.424,2744388,2596110,148278,2596110,0,9135550,8641961,4677402041,4.6774,6.4314,4.4247,148278,0,5.403,5.403,False,99.72,0.0,0.193,0.013,0.0,1677998,1421.5,0.0,0,True,False,2596288,8642553,4.425,148100,-178,-0.006,5.396,2595473,0,0,0,0.0,-815,-0.03,637,10162,256,,0,0,0,False,34.0,39.0,42.0,34.25,13.0,74.0,34.0,0,0,52.0,51.0,84.0,3499,0,0,True,False,False,1267.9,402.6,3.149,0.019,0.103,3.48,333.5,1.453
hardcoded,64,3,11000000,5.632,91,1,0.3004,0.422,2759056,2468481,290575,2468481,0,9186060,8218614,4703263105,4.7033,6.467,4.2079,290575,0,10.532,10.532,False,100.21,0.0,0.0,0.01,0.0,690843,1350.5,0.0,0,True,False,2469355,8221523,4.2094,289701,-874,-0.032,10.5,2468137,0,0,0,0.0,-1218,-0.044,344,9663,256,,0,0,0,False,36.0,41.0,45.0,36.56,27.0,65.0,36.0,0,0,52.0,51.0,84.7,3498,0,0,True,False,False,1473.3,424.9,3.468,0.014,0.104,3.492,342.5,1.394
template,64,3,11000000,5.632,91,1,0.3003,0.422,2652913,1034695,1618218,1034695,0,8834444,3445629,4523235570,4.5232,6.2194,1.7642,1618218,0,60.998,60.998,False,99.9,0.0,0.0,0.013,0.01,230236,928.7,0.0,0,True,False,1034583,3445256,1.764,1618330,112,0.004,61.002,1034695,0,0,0,0.0,112,0.004,0,4048,256,,0,0,0,False,84.0,89.0,96.0,85.03,71.0,108.0,84.0,0,0,52.0,51.0,84.8,3500,0,0,True,False,False,4603.4,1013.8,4.541,0.03,0.159,3.493,691.8,0.819
modular,64,3,11000000,5.632,91,1,0.3003,0.429,2782940,704946,2077994,704946,0,9266323,2347250,4744357822,4.7444,6.5235,1.2018,2077994,0,74.669,74.669,False,100.22,0.0,0.0,0.007,0.03,96406,827.1,0.0,0,True,False,704949,2347260,1.2018,2077991,-3,-0.0,74.669,704947,0,0,0,0.0,-2,-0.0,-1,2759,256,,0,0,0,False,124.0,130.0,137.0,124.36,115.0,151.0,124.0,0,0,52.0,51.0,83.7,3497,0,0,True,False,False,6619.7,1488.0,4.449,0.035,0.176,3.493,769.1,0.746
rxonly,64,3,12000000,6.144,83,1,0.3004,0.421,3543519,3536119,7400,3536119,3536071,11796919,11772283,6040022722,6.04,8.305,6.0274,7400,0,0.209,0.209,True,55.92,0.01,34.204,0.003,0.11,33208,228.4,0.0,0,False,False,,,,,,,,,,,,,,,,0,256,,0,0,0,False,,,,,,,,0,0,52.0,51.0,53.0,3494,0,0,True,False,False,435.4,213.8,2.037,0.019,0.146,2.517,0.1,0.465
baseline,64,3,12000000,6.144,83,1,0.3005,0.423,2753283,2722542,30741,2722542,0,9161720,9059427,4690800798,4.6908,6.4499,4.6384,30741,0,1.117,1.117,False,61.09,0.01,24.7,0.003,0.0,1768288,1236.4,0.0,0,True,False,2715966,9037545,4.6272,37317,6576,0.239,1.355,2722503,0,0,0,0.0,6537,0.237,39,10631,256,,0,0,0,False,15.0,29.0,37.0,16.61,3.0,75.0,15.0,0,0,52.0,51.0,56.3,3498,0,0,True,False,False,678.7,282.0,2.407,0.03,0.113,2.554,242.2,1.942
p1_static,64,3,12000000,6.144,83,1,0.3004,0.432,2816836,2604190,212646,2604190,0,9375600,8667826,4800307364,4.8003,6.6004,4.4379,212646,0,7.549,7.549,False,100.01,0.01,0.09,0.01,0.0,2415109,1308.3,0.0,0,True,False,2603868,8666754,4.4374,212968,322,0.011,7.561,2604262,0,0,0,0.0,394,0.014,-72,10194,256,,0,0,0,False,34.0,39.0,41.0,33.89,9.0,60.0,34.0,0,0,52.0,51.0,82.8,3501,0,0,True,False,False,1267.9,402.5,3.15,0.018,0.095,3.489,334.9,1.433
hardcoded,64,3,12000000,6.144,83,1,0.3005,0.425,2715291,2456853,258438,2456853,0,9035780,8175766,4626319750,4.6263,6.3612,4.186,258438,0,9.518,9.518,False,99.96,0.0,0.103,0.01,0.0,2245041,1303.7,0.0,0,True,False,2456278,8173853,4.185,259013,575,0.021,9.539,2457038,0,0,0,0.0,760,0.028,-185,9618,256,,0,0,0,False,37.0,41.0,44.0,36.78,16.0,83.0,37.0,0,0,52.0,51.0,84.3,3495,0,0,True,False,False,1474.1,426.7,3.454,0.016,0.095,3.489,347.1,1.39
template,64,3,12000000,6.144,83,1,0.3003,0.417,2786422,1025583,1760839,1025583,0,9278091,3414936,4750382942,4.7504,6.5318,1.7484,1760839,0,63.194,63.194,False,100.22,0.0,0.0,0.017,0.0,464762,1008.3,0.0,0,True,False,1025490,3414626,1.7483,1760932,93,0.003,63.197,1025566,0,0,0,0.0,76,0.003,17,4013,256,,0,0,0,False,78.0,92.0,96.0,81.46,69.0,111.0,78.0,0,0,52.0,51.0,85.6,3498,0,0,True,False,False,4603.3,1022.8,4.501,0.027,0.155,3.493,695.9,0.814
modular,64,3,12000000,6.144,83,1,0.3003,0.417,2847360,718174,2129186,718174,0,9481025,2391347,4854285015,4.8543,6.6746,1.2244,2129186,0,74.778,74.778,False,100.22,0.0,0.0,0.01,0.0,390406,1026.1,0.0,0,True,False,718016,2390820,1.2241,2129344,158,0.006,74.783,718181,0,0,0,0.0,165,0.006,-7,2810,256,,0,0,0,False,126.0,130.0,138.0,126.25,104.0,162.0,126.0,0,0,52.0,51.0,85.5,3497,0,0,True,False,False,6619.9,1460.8,4.532,0.036,0.176,3.493,759.1,0.754
modular,64,4,500000,0.256,2000,1,0.3003,0.426,150169,150151,18,150151,0,500041,499981,256021050,0.256,0.352,0.256,18,0,0.012,0.012,False,33.04,0.01,70.363,0.0,35.05,1,76.9,0.0,0,False,False,150166,500031,0.256,3,-15,-0.01,0.002,150151,0,0,0,0.0,-15,-0.01,0,18798,8,,0,0,0,False,19.0,24.0,28.0,19.21,8.0,59.0,19.0,0,0,52.0,50.0,39.7,3505,0,0,True,False,False,8031.7,4755.1,1.689,0.309,1.419,2.377,3880.8,0.466
template,64,4,500000,0.256,2000,1,0.3003,0.431,150154,150130,24,150130,0,499984,499904,255991824,0.256,0.352,0.256,24,0,0.016,0.016,False,25.58,0.02,70.199,0.0,34.96,1,75.1,0.0,0,False,False,150151,499974,0.256,3,-21,-0.014,0.002,150137,0,0,0,0.0,-14,-0.009,-7,18797,8,,0,0,0,False,19.0,24.0,26.0,18.51,9.0,54.0,19.0,0,0,52.0,50.0,33.2,3498,0,0,True,False,False,6008.3,4233.1,1.419,0.308,1.267,2.116,3888.8,0.462
hardcoded,64,4,500000,0.256,2000,1,0.3004,0.419,150201,150201,0,150211,0,499971,500004,255985508,0.256,0.352,0.256,-10,-10,-0.007,0.0,False,16.47,0.02,69.386,0.0,34.53,0,81.7,0.0,0,False,False,150195,499951,0.256,6,16,0.011,0.004,150214,0,0,0,0.0,19,0.013,-3,18813,8,,0,0,0,False,17.0,22.0,24.0,16.88,7.0,49.0,17.0,0,0,51.0,51.0,25.9,3495,0,0,True,False,False,2873.4,3548.5,0.81,0.302,1.259,1.774,3870.2,0.463
p1_static,64,4,500000,0.256,2000,1,0.3004,0.417,150234,150203,31,150203,0,500047,499944,256024533,0.256,0.352,0.256,31,0,0.021,0.021,False,16.46,0.01,70.82,0.0,35.26,0,76.7,0.0,0,False,False,150226,500021,0.256,8,-23,-0.015,0.005,150201,0,0,0,0.0,-25,-0.017,2,18818,8,,0,0,0,False,17.0,22.0,24.0,16.94,8.0,52.0,17.0,0,0,52.0,51.0,26.3,3498,0,0,True,False,False,2685.3,3623.1,0.741,0.32,1.278,1.811,3917.1,0.461
baseline,64,4,500000,0.256,2000,1,0.3002,0.419,150141,150122,19,150122,0,500054,499991,256027907,0.256,0.352,0.256,19,0,0.013,0.013,False,13.57,0.02,70.725,0.0,35.21,0,73.4,0.0,0,False,False,150129,500014,0.256,12,-7,-0.005,0.008,150117,0,0,0,0.0,-12,-0.008,5,18793,8,,0,0,0,False,16.0,21.0,23.0,16.24,7.0,48.0,16.0,0,0,51.0,51.0,23.6,3495,0,0,True,False,False,2071.9,3397.5,0.61,0.31,1.295,1.699,3876.8,0.465
rxonly,64,4,500000,0.256,2000,1,0.3003,0.422,150145,150140,5,150140,150138,500028,500012,256014779,0.256,0.352,0.256,5,0,0.003,0.003,True,18.69,0.01,73.417,0.0,36.59,0,72.1,0.0,0,False,False,,,,,,,,,,,,,,,,0,8,,0,0,0,False,,,,,,,,0,0,51.0,51.0,27.1,3498,0,0,True,False,False,1739.7,3500.4,0.497,0.128,1.905,1.75,3.1,0.437
modular,64,4,1000000,0.512,1000,1,0.3002,0.42,300238,300238,0,300241,0,999984,999994,511991851,0.512,0.704,0.512,-3,-3,-0.001,0.0,False,49.46,0.01,44.551,0.0,14.54,0,85.1,0.0,0,False,False,300233,999967,0.512,5,8,0.003,0.002,300238,0,0,0,0.0,5,0.002,3,18787,16,,0,0,0,False,27.0,40.0,45.0,28.47,12.0,77.0,27.0,0,0,51.0,50.0,49.1,3498,0,0,True,False,False,7048.2,2431.4,2.899,0.095,0.573,2.431,1737.1,0.483
template,64,4,1000000,0.512,1000,1,0.3003,0.425,300292,300292,0,300298,0,999928,999948,511963250,0.512,0.7039,0.512,-6,-6,-0.002,0.0,False,37.2,0.01,60.344,0.0,14.47,1,86.4,0.0,0,False,False,300281,999891,0.5119,11,17,0.006,0.004,300299,0,0,0,0.0,18,0.006,-1,18796,16,,0,0,0,False,24.0,33.0,37.0,24.04,10.0,66.0,24.0,0,0,51.0,50.0,40.3,3500,0,0,True,False,False,5166.0,2199.2,2.349,0.106,0.599,2.199,1764.7,0.481
hardcoded,64,4,1000000,0.512,1000,1,0.3004,0.425,300407,300297,110,300297,0,1000165,999799,512084696,0.5121,0.7041,0.5119,110,0,0.037,0.037,False,21.25,0.02,57.655,0.0,13.76,1,95.1,0.0,0,False,False,300384,1000088,0.512,23,-87,-0.029,0.008,300300,0,0,0,0.0,-84,-0.028,-3,18806,16,,0,0,0,False,22.0,27.0,29.0,21.73,11.0,46.0,22.0,0,0,51.0,49.0,27.9,3492,0,0,True,False,False,2061.8,1748.9,1.179,0.13,0.59,1.749,2187.3,0.464
p1_static,64,4,1000000,0.512,1000,1,0.3004,0.416,300369,300369,0,300395,0,999962,1000049,511981032,0.512,0.704,0.512,-26,-26,-0.009,0.0,False,20.69,0.01,57.544,0.0,13.73,0,95.6,0.0,0,False,False,300356,999919,0.512,13,39,0.013,0.004,300400,0,0,0,0.0,44,0.015,-5,18808,16,,0,0,0,False,22.0,27.0,29.0,21.63,12.0,51.0,22.0,0,0,51.0,49.0,27.8,3499,0,0,True,False,False,1850.4,1730.1,1.07,0.128,0.584,1.73,2222.2,0.455
baseline,64,4,1000000,0.512,1000,1,0.3002,0.419,300237,300237,0,300247,0,1000026,1000060,512013821,0.512,0.704,0.512,-10,-10,-0.003,0.0,False,15.59,0.01,57.483,0.0,13.72,0,89.8,0.0,0,False,False,300235,1000020,0.512,2,12,0.004,0.001,300227,0,0,0,0.0,-8,-0.003,20,18786,16,,0,0,0,False,20.0,25.0,27.0,20.16,10.0,40.0,20.0,0,0,51.0,50.0,23.2,3498,0,0,True,False,False,1233.6,1537.9,0.802,0.128,0.581,1.538,2192.4,0.457
rxonly,64,4,1000000,0.512,1000,1,0.3003,0.422,300315,300272,43,300272,300272,1000097,999954,512049844,0.512,0.7041,0.512,43,0,0.014,0.014,True,31.98,0.01,62.337,0.0,14.96,0,91.3,0.0,0,False,False,,,,,,,,,,,,,,,,0,16,,0,0,0,False,,,,,,,,0,0,51.0,50.0,37.0,3499,0,0,True,False,False,1011.5,2083.4,0.485,0.057,1.441,2.083,1.8,0.358
modular,64,4,1500000,0.768,667,1,0.3003,0.42,450290,450276,14,450276,0,1499391,1499344,767688394,0.7677,1.0556,0.7677,14,0,0.003,0.003,False,68.82,0.01,17.765,0.007,7.54,0,99.8,0.0,0,False,False,450283,1499368,0.7677,7,-7,-0.002,0.002,450226,0,0,0,0.0,-57,-0.013,50,14094,32,,0,0,0,False,41.0,61.0,69.0,41.79,12.0,78.0,41.0,0,0,51.0,50.0,61.7,3497,0,0,True,False,False,6730.4,1802.4,3.734,0.049,0.27,2.702,1149.2,0.49
template,64,4,1500000,0.768,667,1,0.3004,0.418,450332,450332,0,450505,0,1498988,1499564,767481994,0.7675,1.0553,0.7678,-173,-173,-0.038,0.0,False,48.89,0.01,29.585,0.0,8.08,1,92.6,0.0,0,False,False,450314,1498928,0.7675,18,191,0.042,0.004,450568,0,0,0,0.0,254,0.056,-63,14102,32,,0,0,0,False,35.0,50.0,59.0,35.65,8.0,68.0,35.0,0,0,51.0,50.0,46.7,3497,0,0,True,False,False,4793.4,1477.1,3.245,0.061,0.313,2.215,1187.2,0.507
hardcoded,64,4,1500000,0.768,667,1,0.3003,0.423,450277,450164,113,450164,0,1499381,1499005,767683491,0.7677,1.0556,0.7675,113,0,0.025,0.025,False,25.63,0.01,50.402,0.0,7.61,1,108.8,0.0,0,False,False,450255,1499308,0.7676,22,-91,-0.02,0.005,450163,0,0,0,0.0,-92,-0.02,1,14092,32,,0,0,0,False,26.0,32.0,37.0,26.04,10.0,56.0,26.0,0,0,51.0,50.0,30.6,3502,0,0,True,False,False,1806.1,1187.9,1.52,0.082,0.416,1.781,1579.9,0.472
p1_static,64,4,1500000,0.768,667,1,0.3004,0.422,450364,450364,0,450439,0,1499119,1499369,767549254,0.7675,1.0554,0.7677,-75,-75,-0.017,0.0,False,24.71,0.01,47.347,0.0,7.09,2,111.0,0.0,0,False,False,450343,1499049,0.7675,21,96,0.021,0.005,450462,0,0,0,0.0,119,0.026,-23,14102,32,,0,0,0,False,27.0,32.0,35.0,26.85,12.0,59.0,27.0,0,0,51.0,50.0,29.5,3496,0,0,True,False,False,1582.0,1135.0,1.394,0.084,0.394,1.702,1601.2,0.469
baseline,64,4,1500000,0.768,667,1,0.3004,0.419,450281,450281,0,450358,0,1499160,1499416,767570216,0.7676,1.0554,0.7677,-77,-77,-0.017,0.0,False,17.99,0.01,48.433,0.0,7.27,2,105.4,0.0,0,False,False,450271,1499127,0.7676,10,87,0.019,0.002,450329,0,0,0,0.0,58,0.013,29,14091,32,,0,0,0,False,25.0,30.0,33.0,24.91,15.0,52.0,25.0,0,0,51.0,50.0,23.8,3496,0,0,True,False,False,976.0,992.4,0.983,0.082,0.402,1.488,1597.3,0.473
rxonly,64,4,1500000,0.768,667,1,0.3003,0.425,450271,450217,54,450217,450210,1499364,1499184,767674479,0.7677,1.0556,0.7676,54,0,0.012,0.012,True,45.02,0.01,53.558,0.0,8.15,1,103.8,0.0,0,False,False,,,,,,,,,,,,,,,,0,32,,0,0,0,False,,,,,,,,0,0,51.0,50.0,47.1,3498,0,0,True,False,False,775.6,1649.6,0.47,0.041,1.271,2.473,1.0,0.352
modular,64,4,2000000,1.024,500,1,0.3003,0.423,600626,600626,0,600682,0,2000012,2000199,1024006446,1.024,1.408,1.0241,-56,-56,-0.009,0.0,False,87.48,0.0,7.689,0.0,4.8,0,108.6,0.0,0,False,False,600615,1999975,1.024,11,67,0.011,0.002,600688,0,0,0,0.0,73,0.012,-6,18798,32,,0,0,0,False,36.0,53.0,64.0,36.65,11.0,85.0,36.0,0,0,51.0,51.0,75.4,3496,0,0,True,False,False,6653.3,1593.7,4.175,0.038,0.209,3.188,1086.0,0.502
template,64,4,2000000,1.024,500,1,0.3003,0.429,600575,600575,0,600670,0,1999703,2000019,1023848202,1.0238,1.4078,1.024,-95,-95,-0.016,0.0,False,62.08,0.01,16.925,0.0,4.99,2,104.8,0.0,0,False,False,600579,1999716,1.0239,-4,91,0.015,-0.001,600722,0,0,0,0.0,143,0.024,-52,18798,32,,0,0,0,False,38.0,52.0,59.0,37.53,9.0,75.0,38.0,0,0,51.0,51.0,54.3,3500,0,0,True,False,False,4681.8,1232.0,3.8,0.051,0.216,2.464,1019.3,0.517
hardcoded,64,4,2000000,1.024,500,1,0.3004,0.417,600756,600756,0,600984,0,1999659,2000418,1023825865,1.0238,1.4078,1.0242,-228,-228,-0.038,0.0,False,29.0,0.01,23.956,0.0,4.49,1,117.6,0.0,0,False,False,600772,1999713,1.0239,-16,212,0.035,-0.003,601000,0,0,0,0.0,228,0.038,-16,18816,32,,0,0,0,False,37.0,46.0,50.0,37.04,11.0,70.0,37.0,0,0,51.0,49.0,29.3,3500,0,0,True,False,False,1591.0,723.1,2.2,0.052,0.24,1.446,1116.8,0.496
p1_static,64,4,2000000,1.024,500,1,0.3004,0.418,600545,600545,0,600757,0,1999348,2000054,1023666451,1.0237,1.4075,1.024,-212,-212,-0.035,0.0,False,27.23,0.01,26.664,0.0,5.0,3,111.9,0.0,0,False,False,600520,1999265,1.0236,25,237,0.039,0.004,600767,0,0,0,0.0,247,0.041,-10,18802,32,,0,0,0,False,34.0,43.0,47.0,34.18,9.0,62.0,34.0,0,0,51.0,49.0,28.4,3495,0,0,True,False,False,1399.1,713.3,1.961,0.049,0.255,1.427,1078.0,0.52
baseline,64,4,2000000,1.024,500,1,0.3003,0.43,600480,600480,0,600669,0,1999471,2000100,1023729196,1.0237,1.4076,1.0241,-189,-189,-0.031,0.0,False,20.73,0.01,44.24,0.0,4.67,2,116.8,0.0,0,False,False,600482,1999477,1.0237,-2,187,0.031,-0.0,600642,0,0,0,0.0,160,0.027,27,18795,32,,0,0,0,False,28.0,33.0,36.0,27.62,9.0,51.0,28.0,0,0,51.0,49.0,24.8,3498,0,0,True,False,False,870.8,751.3,1.159,0.061,0.329,1.503,1280.4,0.507
rxonly,64,4,2000000,1.024,500,1,0.3003,0.424,600543,600543,0,600750,600765,1999518,2000207,1023753455,1.0238,1.4077,1.0241,-207,-207,-0.034,0.0,True,52.92,0.01,47.595,0.0,5.09,3,114.9,0.0,0,False,False,,,,,,,,,,,,,,,,0,32,,0,0,0,False,,,,,,,,0,0,51.0,49.0,53.2,3501,0,0,True,False,False,660.8,1324.6,0.499,0.037,1.171,2.65,0.6,0.46
modular,64,4,2500000,1.28,400,1,0.3004,0.425,750796,717118,33678,717118,0,2499520,2387401,1279754502,1.2798,1.7597,1.2223,33678,0,4.486,4.486,False,99.87,0.0,0.0,0.01,3.41,5,121.8,0.0,0,False,False,716973,2386918,1.2221,33823,145,0.019,4.505,717138,0,0,0,0.0,165,0.022,-20,11226,64,,0,0,0,False,122.0,130.0,139.0,121.76,97.0,175.0,122.0,0,0,51.0,51.0,84.4,3494,0,0,True,False,False,6616.3,1463.3,4.522,0.046,0.174,3.493,967.9,0.549
template,64,4,2500000,1.28,400,1,0.3004,0.422,750913,750913,0,751065,0,2499900,2500406,1279948830,1.2799,1.7599,1.2802,-152,-152,-0.02,0.0,False,75.13,0.0,14.462,0.0,3.42,5,109.5,0.0,0,False,False,750853,2499700,1.2798,60,212,0.028,0.008,751110,0,0,0,0.0,257,0.034,-45,11754,64,,0,0,0,False,32.0,46.0,54.0,32.13,9.0,69.0,32.0,0,0,51.0,51.0,66.5,3499,0,0,True,False,False,4654.4,1151.1,4.043,0.045,0.197,2.878,916.0,0.553
hardcoded,64,4,2500000,1.28,400,1,0.3004,0.423,750755,750755,0,750857,0,2499344,2499683,1279664270,1.2797,1.7595,1.2798,-102,-102,-0.014,0.0,False,33.17,0.01,21.033,0.0,3.2,8,120.6,0.0,0,False,False,750732,2499267,1.2796,23,125,0.017,0.003,750836,0,0,0,0.0,104,0.014,21,11753,64,,0,0,0,False,41.0,49.0,52.0,40.54,12.0,71.0,41.0,0,0,51.0,50.0,32.2,3495,0,0,True,False,False,1556.7,614.7,2.533,0.041,0.215,1.536,979.3,0.532
p1_static,64,4,2500000,1.28,400,1,0.3004,0.417,750932,750932,0,750963,0,2499923,2500026,1279960602,1.28,1.7599,1.28,-31,-31,-0.004,0.0,False,31.98,0.01,21.882,0.0,3.18,5,119.8,0.0,0,False,False,750890,2499783,1.2799,42,73,0.01,0.006,750965,0,0,0,0.0,75,0.01,-2,11757,64,,0,0,0,False,39.0,48.0,51.0,39.13,11.0,67.0,39.0,0,0,51.0,50.0,31.8,3495,0,0,True,False,False,1352.8,604.0,2.24,0.041,0.215,1.51,944.4,0.55
baseline,64,4,2500000,1.28,400,1,0.3002,0.419,750731,750425,306,750425,0,2500595,2499575,1280304656,1.2803,1.7604,1.2798,306,0,0.041,0.041,False,23.52,0.01,41.813,0.007,3.28,6,116.4,0.0,0,False,False,750639,2500288,1.2801,92,-214,-0.029,0.012,750435,0,0,0,0.0,-204,-0.027,-10,11743,64,,0,0,0,False,28.0,38.0,42.0,28.33,8.0,57.0,28.0,0,0,51.0,49.0,27.5,3498,0,0,True,False,False,816.2,628.9,1.298,0.044,0.274,1.572,921.0,0.577
rxonly,64,4,2500000,1.28,400,1,0.3003,0.421,750749,750749,0,750898,750875,2499780,2500276,1279887686,1.2799,1.7598,1.2801,-149,-149,-0.02,0.0,True,61.02,0.01,42.018,0.003,3.3,7,125.5,0.0,0,False,False,,,,,,,,,,,,,,,,0,64,,0,0,0,False,,,,,,,,0,0,51.0,49.0,59.9,3495,0,0,True,False,False,593.8,1136.5,0.522,0.027,1.091,2.842,0.7,0.392
modular,64,4,3000000,1.536,333,1,0.3004,0.418,901778,695346,206432,695346,0,3002222,2314963,1537137842,1.5371,2.1136,1.1853,206432,0,22.892,22.892,False,100.21,0.0,0.0,0.01,2.74,192,332.7,0.0,0,False,False,695184,2314424,1.185,206594,162,0.018,22.91,695362,0,0,0,0.0,178,0.02,-16,10884,64,,0,0,0,False,122.0,133.0,141.0,121.83,104.0,161.0,122.0,0,0,51.0,51.0,85.5,3498,0,0,True,False,False,6620.0,1509.1,4.387,0.049,0.177,3.494,986.2,0.587
template,64,4,3000000,1.536,333,1,0.3003,0.421,901685,901685,0,901849,0,3002326,3002872,1537191302,1.5372,2.1136,1.5375,-164,-164,-0.018,0.0,False,89.17,0.0,6.53,0.01,2.33,12,110.6,0.0,0,False,False,901713,3002419,1.5372,-28,136,0.015,-0.003,901901,0,0,0,0.0,188,0.021,-52,14113,64,,0,0,0,False,28.0,42.0,51.0,29.03,7.0,77.0,28.0,0,0,51.0,51.0,77.0,3497,0,0,True,False,False,4620.5,1075.9,4.295,0.041,0.17,3.231,834.4,0.613
hardcoded,64,4,3000000,1.536,333,1,0.3004,0.419,901712,901712,0,901859,0,3001831,3002321,1536937851,1.5369,2.1133,1.5372,-147,-147,-0.016,0.0,False,39.46,0.01,20.577,0.0,2.21,11,121.4,0.0,0,False,False,901740,3001924,1.537,-28,119,0.013,-0.003,901886,0,0,0,0.0,146,0.016,-27,14119,64,,0,0,0,False,38.0,47.0,50.0,37.72,12.0,75.0,38.0,0,0,51.0,50.0,37.7,3499,0,0,True,False,False,1540.0,580.2,2.654,0.037,0.204,1.742,812.0,0.613
p1_static,64,4,3000000,1.536,333,1,0.3004,0.426,901784,901784,0,901795,0,3002369,3002406,1537213275,1.5372,2.1137,1.5372,-11,-11,-0.001,0.0,False,37.25,0.01,20.556,0.0,2.24,12,121.7,0.0,0,False,False,901780,3002356,1.5372,4,15,0.002,0.0,901829,0,0,0,0.0,49,0.005,-34,14117,64,,0,0,0,False,39.0,47.0,51.0,38.43,13.0,68.0,39.0,0,0,51.0,50.0,35.1,3494,0,0,True,False,False,1333.4,555.5,2.4,0.037,0.205,1.668,819.4,0.607
baseline,64,4,3000000,1.536,333,1,0.3003,0.43,901800,901758,42,901758,0,3002780,3002640,1537423553,1.5374,2.114,1.5374,42,0,0.005,0.005,False,26.69,0.01,40.82,0.0,2.49,9,122.5,0.0,0,False,False,901753,3002623,1.5373,47,5,0.001,0.005,901716,0,0,0,0.0,-37,-0.004,42,14113,64,,0,0,0,False,28.0,36.0,42.0,27.67,7.0,56.0,28.0,0,0,51.0,50.0,29.3,3493,0,0,True,False,False,785.4,551.8,1.423,0.038,0.246,1.657,791.9,0.645
rxonly,64,4,3000000,1.536,333,1,0.3003,0.426,901721,901687,34,901687,901690,3002978,3002864,1537524831,1.5375,2.1141,1.5375,34,0,0.004,0.004,True,65.16,0.02,41.212,0.003,2.52,8,127.5,0.0,0,False,False,,,,,,,,,,,,,,,,0,64,,0,0,0,False,,,,,,,,0,0,51.0,50.0,61.7,3498,0,0,True,False,False,563.9,992.8,0.568,0.019,1.039,2.981,0.4,0.449
modular,64,4,3500000,1.792,286,1,0.3004,0.422,1045432,711558,333874,711558,0,3480487,2368943,1782009689,1.782,2.4503,1.2129,333874,0,31.936,31.936,False,99.87,0.0,0.0,0.01,2.21,3416,381.3,0.0,0,False,False,711412,2368456,1.2126,334020,146,0.014,31.95,711575,0,0,0,0.0,163,0.016,-17,11138,64,,0,0,0,False,121.0,129.0,137.0,121.77,101.0,155.0,121.0,0,0,51.0,51.0,84.7,3500,0,0,True,False,False,6620.0,1474.7,4.489,0.044,0.176,3.493,974.5,0.598
template,64,4,3500000,1.792,286,1,0.3003,0.43,1049825,1009130,40695,1009130,0,3495773,3360264,1789836151,1.7898,2.461,1.7205,40695,0,3.876,3.876,False,99.89,0.0,0.0,0.013,1.84,139,140.9,0.0,0,False,False,1009227,3360587,1.7206,40598,-97,-0.009,3.867,1009145,0,0,0,0.0,-82,-0.008,-15,15797,64,,0,0,0,False,83.0,94.0,100.0,76.91,9.0,119.0,83.0,0,0,51.0,51.0,83.6,3494,0,0,True,False,False,4599.8,1039.4,4.425,0.046,0.121,3.493,784.6,0.665
hardcoded,64,4,3500000,1.792,286,1,0.3004,0.433,1050073,1050073,0,1050241,0,3495476,3496035,1789683851,1.7897,2.4608,1.79,-168,-168,-0.016,0.0,False,45.66,0.01,19.926,0.003,1.72,13,112.4,0.0,0,False,False,1050055,3495416,1.7897,18,186,0.018,0.002,1050125,0,0,0,0.0,70,0.007,116,16443,64,,0,0,0,False,35.0,44.0,48.0,35.01,8.0,65.0,35.0,0,0,51.0,50.0,41.4,3496,0,0,True,False,False,1527.9,558.6,2.735,0.047,0.192,1.953,707.5,0.683
p1_static,64,4,3500000,1.792,286,1,0.3004,0.426,1050252,1050037,215,1050037,0,3496042,3495327,1789973859,1.79,2.4612,1.7896,215,0,0.02,0.02,False,43.25,0.0,20.472,0.0,1.75,12,113.6,0.0,0,False,False,1050233,3495979,1.7899,19,-196,-0.019,0.002,1050168,0,0,0,0.0,-65,-0.006,-131,16444,64,,0,0,0,False,36.0,45.0,48.0,35.76,8.0,62.0,36.0,0,0,51.0,50.0,40.0,3494,0,0,True,False,False,1324.4,535.8,2.472,0.038,0.192,1.873,729.7,0.666
baseline,64,4,3500000,1.792,286,1,0.3003,0.421,1049993,1049891,102,1049891,0,3496443,3496103,1790178889,1.7902,2.4615,1.79,102,0,0.01,0.01,False,29.84,0.01,39.433,0.003,1.89,21,118.9,0.0,0,False,False,1049990,3496433,1.7902,3,-99,-0.009,0.0,1049857,0,0,0,0.0,-133,-0.013,34,16431,64,,0,0,0,False,26.0,35.0,39.0,26.19,6.0,48.0,26.0,0,0,51.0,50.0,32.2,3498,0,0,True,False,False,763.3,500.9,1.524,0.037,0.229,1.751,699.4,0.717
rxonly,64,4,3500000,1.792,286,1,0.3004,0.422,1049981,1049981,0,1050142,1050153,3495798,3496334,1789848860,1.7898,2.461,1.7901,-161,-161,-0.015,0.0,True,62.77,0.01,41.794,0.003,2.07,11,120.9,0.0,0,False,False,,,,,,,,,,,,,,,,0,64,,0,0,0,False,,,,,,,,0,0,51.0,50.0,60.2,3500,0,0,True,False,False,540.6,831.8,0.65,0.019,0.846,2.908,0.4,0.48
modular,64,4,4000000,2.048,250,1,0.3004,0.42,1180029,703356,476673,703356,0,3928832,2341779,2011562367,2.0116,2.7659,1.199,476673,0,40.395,40.395,False,99.88,0.0,0.0,0.01,1.83,7401,422.8,0.0,0,False,False,703197,2341250,1.1987,476832,159,0.013,40.408,703374,0,0,0,0.0,177,0.015,-18,11009,64,,0,0,0,False,112.0,119.0,137.0,113.13,102.0,171.0,112.0,0,0,51.0,50.0,85.1,3497,0,0,True,False,False,6620.2,1491.8,4.438,0.053,0.176,3.494,954.0,0.612
template,64,4,4000000,2.048,250,1,0.3004,0.418,1194186,1042215,151971,1042215,0,3975767,3469814,2035592836,2.0356,2.7989,1.7765,151971,0,12.726,12.726,False,100.21,0.0,0.0,0.01,1.56,2749,273.1,0.0,0,False,False,1041937,3468889,1.7761,152249,278,0.023,12.749,1042252,0,0,0,0.0,315,0.026,-37,16310,64,,0,0,0,False,85.0,91.0,98.0,84.57,69.0,117.0,85.0,0,0,51.0,50.0,85.5,3498,0,0,True,False,False,4599.7,1006.8,4.568,0.049,0.156,3.494,726.8,0.71
hardcoded,64,4,4000000,2.048,250,1,0.3004,0.419,1201102,1201102,0,1201353,0,3998424,3999260,2047193579,2.0472,2.8149,2.0476,-251,-251,-0.021,0.0,False,51.49,0.01,19.924,0.0,1.39,16,109.1,0.0,0,False,False,1201097,3998408,2.0472,5,256,0.021,0.0,1201330,0,0,0,0.0,233,0.019,23,18807,64,,0,0,0,False,32.0,41.0,46.0,31.84,7.0,63.0,32.0,0,0,51.0,50.0,47.6,3501,0,0,True,False,False,1520.4,538.8,2.822,0.034,0.182,2.155,629.3,0.754
p1_static,64,4,4000000,2.048,250,1,0.3004,0.428,1201062,1200958,104,1200958,0,3998114,3997768,2047034483,2.047,2.8147,2.0469,104,0,0.009,0.009,False,48.16,0.01,20.522,0.003,1.39,14,108.5,0.0,0,False,False,1200992,3997881,2.0469,70,-34,-0.003,0.006,1200961,0,0,0,0.0,-31,-0.003,-3,18805,64,,0,0,0,False,33.0,42.0,46.0,32.76,8.0,66.0,33.0,0,0,51.0,50.0,44.2,3500,0,0,True,False,False,1315.3,509.3,2.582,0.035,0.181,2.036,630.3,0.753
baseline,64,4,4000000,2.048,250,1,0.3003,0.424,1201217,1201217,0,1201378,0,3999404,3999940,2047695021,2.0477,2.8156,2.048,-161,-161,-0.013,0.0,False,33.37,0.01,35.659,0.003,1.28,17,117.4,0.0,0,False,False,1201193,3999324,2.0477,24,185,0.015,0.002,1201429,0,0,0,0.0,236,0.02,-51,18798,64,,0,0,0,False,26.0,33.0,37.0,25.83,5.0,45.0,26.0,0,0,51.0,50.0,34.3,3497,0,0,True,False,False,739.4,449.1,1.646,0.034,0.215,1.797,668.0,0.744
rxonly,64,4,4000000,2.048,250,1,0.3003,0.421,1200801,1200801,0,1200909,1200956,3998794,3999153,2047382587,2.0474,2.8152,2.0476,-108,-108,-0.009,0.0,True,64.65,0.01,41.453,0.0,1.67,30,118.9,0.0,0,False,False,,,,,,,,,,,,,,,,0,64,,0,0,0,False,,,,,,,,0,0,51.0,50.0,62.1,3497,0,0,True,False,False,522.4,744.4,0.702,0.016,0.754,2.977,0.3,0.446
modular,64,4,5000000,2.56,200,1,0.3003,0.421,1428561,700052,728509,700052,0,4756382,2330817,2435267640,2.4353,3.3485,1.1934,728509,0,50.996,50.996,False,99.87,0.01,0.0,0.017,1.39,10599,405.1,0.0,0,False,False,699952,2330484,1.1932,728609,100,0.007,51.003,700067,0,0,0,0.0,115,0.008,-15,5479,128,,0,0,0,False,116.0,122.0,139.0,116.45,104.0,159.0,116.0,0,0,51.0,51.0,85.0,3495,0,0,True,False,False,6620.5,1498.7,4.417,0.056,0.177,3.493,870.4,0.662
template,64,4,5000000,2.56,200,1,0.3003,0.42,1443731,1035367,408364,1035367,0,4806988,3447316,2461178057,2.4612,3.3841,1.765,408364,0,28.285,28.285,False,99.88,0.0,0.0,0.01,1.16,9285,373.6,0.0,0,False,False,1035310,3447126,1.7649,408421,57,0.004,28.289,1035368,0,0,0,0.0,58,0.004,-1,8103,128,,0,0,0,False,83.0,92.0,98.0,84.2,69.0,122.0,83.0,0,0,51.0,51.0,85.4,3499,0,0,True,False,False,4601.1,1013.3,4.541,0.057,0.159,3.493,696.6,0.771
hardcoded,64,4,5000000,2.56,200,1,0.3005,0.419,1501681,1501681,0,1502431,0,4996623,4999118,2558271190,2.5583,3.5176,2.5595,-750,-750,-0.05,0.0,False,65.17,0.01,22.323,0.003,0.93,29,107.8,0.0,0,False,False,1501751,4996856,2.5584,-70,680,0.045,-0.005,1502450,0,0,0,0.0,699,0.047,-19,11761,128,,0,0,0,False,22.0,35.0,41.0,23.18,5.0,50.0,22.0,0,0,51.0,51.0,59.2,3501,0,0,True,False,False,1514.3,528.8,2.864,0.054,0.175,2.643,486.4,0.951
p1_static,64,4,5000000,2.56,200,1,0.3003,0.423,1501351,1500891,460,1500891,0,4999226,4997694,2559604023,2.5596,3.5195,2.5588,460,0,0.031,0.031,False,59.66,0.01,23.096,0.0,0.94,22,106.1,0.0,0,False,False,1501225,4998807,2.5594,126,-334,-0.022,0.008,1500776,0,0,0,0.0,-449,-0.03,115,11746,128,,0,0,0,False,25.0,36.0,42.0,25.47,5.0,66.0,25.0,0,0,51.0,51.0,54.8,3498,0,0,True,False,False,1310.4,498.4,2.629,0.033,0.174,2.491,494.7,0.93
baseline,64,4,5000000,2.56,200,1,0.3003,0.425,1501027,1500906,121,1500906,0,4998100,4997697,2559027544,2.559,3.5187,2.5588,121,0,0.008,0.008,False,40.01,0.01,37.084,0.0,0.9,31,111.6,0.0,0,False,False,1500979,4997940,2.5589,48,-73,-0.005,0.003,1500924,0,0,0,0.0,-55,-0.004,-18,11744,128,,0,0,0,False,22.0,29.0,33.0,22.24,5.0,48.0,22.0,0,0,51.0,50.0,39.9,3499,0,0,True,False,False,723.7,409.3,1.768,0.028,0.202,2.045,523.2,0.907
rxonly,64,4,5000000,2.56,200,1,0.3003,0.419,1500481,1500481,0,1500550,1500646,4997375,4997605,2558656296,2.5587,3.5182,2.5588,-69,-69,-0.005,0.0,True,66.72,0.01,33.998,0.003,1.17,126,112.0,0.0,0,False,False,,,,,,,,,,,,,,,,0,128,,0,0,0,False,,,,,,,,0,0,51.0,50.0,62.3,3495,0,0,True,False,False,483.3,578.6,0.835,0.014,0.643,2.892,0.3,0.382
modular,64,4,6000000,3.072,167,1,0.3003,0.426,1653699,710835,942864,710835,0,5506648,2367007,2819404086,2.8194,3.8767,1.2119,942864,0,57.015,57.015,False,99.89,0.0,0.0,0.01,1.02,12977,380.0,0.0,0,True,False,710832,2366997,1.2119,942867,3,0.0,57.016,710827,0,0,0,0.0,-5,-0.0,8,5562,128,,0,0,0,False,110.0,115.0,125.0,110.13,99.0,161.0,110.0,0,0,51.0,51.0,84.0,3499,0,0,True,False,False,6619.8,1475.7,4.486,0.044,0.176,3.493,818.2,0.703
template,64,4,6000000,3.072,167,1,0.3003,0.417,1661093,1035427,625666,1035427,0,5530600,3447448,2831667287,2.8317,3.8935,1.7651,625666,0,37.666,37.666,False,100.22,0.0,0.0,0.007,0.81,13421,399.3,0.0,0,True,False,1035253,3446869,1.7648,625840,174,0.01,37.676,1035451,0,0,0,0.0,198,0.012,-24,8102,128,,0,0,0,False,78.0,87.0,94.0,79.05,69.0,119.0,78.0,0,0,51.0,51.0,85.6,3498,0,0,True,False,False,4603.2,1013.4,4.543,0.054,0.1,3.493,744.1,0.758
hardcoded,64,4,6000000,3.072,167,1,0.3004,0.424,1797485,1797485,0,1797505,0,5983116,5983182,3063355598,3.0634,4.2121,3.0634,-20,-20,-0.001,0.0,False,76.44,0.01,15.089,0.007,0.66,113,106.6,0.0,0,False,False,1797366,5982720,3.0632,119,139,0.008,0.007,1797515,0,0,0,0.0,149,0.008,-10,14072,128,,0,0,0,False,19.0,32.0,39.0,19.98,4.0,57.0,19.0,0,0,51.0,51.0,67.5,3495,0,0,True,False,False,1496.9,491.1,3.048,0.034,0.16,2.938,418.1,1.105
p1_static,64,4,6000000,3.072,167,1,0.3004,0.419,1797009,1797009,0,1797154,0,5981963,5982446,3062765343,3.0628,4.2113,3.063,-145,-145,-0.008,0.0,False,72.52,0.01,17.54,0.01,0.65,92,108.5,0.0,0,False,False,1796945,5981750,3.0627,64,209,0.012,0.004,1797206,0,0,0,0.0,261,0.015,-52,14066,128,,0,0,0,False,19.0,32.0,39.0,20.2,4.0,79.0,19.0,0,0,51.0,51.0,65.0,3497,0,0,True,False,False,1294.1,474.8,2.726,0.033,0.161,2.84,408.5,1.122
baseline,64,4,6000000,3.072,167,1,0.3004,0.424,1797050,1797050,0,1797685,0,5982663,5984777,3063123594,3.0631,4.2118,3.0642,-635,-635,-0.035,0.0,False,46.14,0.01,36.751,0.0,0.6,92,116.8,0.0,0,False,False,1797149,5982992,3.0633,-99,536,0.03,-0.006,1797805,0,0,0,0.0,656,0.037,-120,14064,128,,0,0,0,False,20.0,26.0,33.0,20.47,5.0,73.0,20.0,0,0,51.0,51.0,45.2,3497,0,0,True,False,False,711.2,375.3,1.895,0.029,0.193,2.246,440.9,1.069
rxonly,64,4,6000000,3.072,167,1,0.3003,0.424,1797319,1797293,26,1797293,1797272,5984918,5984831,3064278082,3.0643,4.2134,3.0642,26,0,0.001,0.001,True,64.36,0.01,34.455,0.0,0.9,314,107.5,0.0,0,False,False,,,,,,,,,,,,,,,,0,128,,0,0,0,False,,,,,,,,0,0,51.0,51.0,60.0,3499,0,0,True,False,False,468.8,470.7,0.996,0.014,0.473,2.817,0.3,0.379
modular,64,4,7000000,3.584,143,1,0.3004,0.421,1903462,701216,1202246,701216,0,6337362,2334619,3244729779,3.2447,4.4615,1.1953,1202246,0,63.161,63.161,False,99.88,0.0,0.0,0.01,0.73,13985,363.2,0.0,0,True,False,701117,2334290,1.1952,1202345,99,0.005,63.166,701226,0,0,0,0.0,109,0.006,-10,5488,128,,0,0,0,False,129.0,134.0,139.0,128.5,103.0,170.0,129.0,0,0,51.0,51.0,85.0,3497,0,0,True,False,False,6620.1,1496.3,4.424,0.046,0.114,3.493,800.4,0.719
template,64,4,7000000,3.584,143,1,0.3004,0.417,1923566,1018971,904595,1018971,0,6404246,3392522,3278974064,3.279,4.5086,1.737,904595,0,47.027,47.027,False,100.2,0.01,0.0,0.017,0.55,15295,405.1,0.0,0,True,False,1018923,3392362,1.7369,904643,48,0.002,47.029,1018981,0,0,0,0.0,58,0.003,-10,7975,128,,0,0,0,False,79.0,92.0,97.0,81.92,68.0,126.0,79.0,0,0,51.0,51.0,85.7,3498,0,0,True,False,False,4603.6,1029.7,4.471,0.052,0.159,3.493,739.3,0.767
hardcoded,64,4,7000000,3.584,143,1,0.3005,0.424,2081598,2081598,0,2082344,0,6927236,6929719,3546745189,3.5467,4.8768,3.548,-746,-746,-0.036,0.0,False,89.14,0.0,7.178,0.003,0.36,1073,135.3,0.0,0,False,False,2081505,6926927,3.5466,93,839,0.04,0.004,2082213,0,0,0,0.0,708,0.034,131,16302,128,,0,0,0,False,17.0,30.0,38.0,18.42,3.0,70.0,17.0,0,0,51.0,50.0,76.9,3498,0,0,True,False,False,1484.3,468.1,3.171,0.047,0.155,3.244,397.9,1.22
p1_static,64,4,7000000,3.584,143,1,0.3005,0.426,2089796,2089796,0,2090052,0,6954731,6955583,3560822468,3.5608,4.8961,3.5613,-256,-256,-0.012,0.0,False,82.76,0.01,12.017,0.01,0.41,773,123.0,0.0,0,False,False,2089689,6954375,3.5606,107,363,0.017,0.005,2089935,0,0,0,0.0,246,0.012,117,16364,128,,0,0,0,False,16.0,29.0,37.0,17.55,4.0,90.0,16.0,0,0,51.0,50.0,72.0,3495,0,0,True,False,False,1283.8,444.7,2.887,0.038,0.155,3.093,378.1,1.251
baseline,64,4,7000000,3.584,143,1,0.3004,0.422,2096814,2096814,0,2097296,0,6979050,6980655,3573274007,3.5733,4.9133,3.5741,-482,-482,-0.023,0.0,False,50.79,0.01,35.211,0.003,0.32,1389,138.3,0.0,0,False,False,2096777,6978927,3.5732,37,519,0.025,0.002,2097206,0,0,0,0.0,429,0.02,90,16411,128,,0,0,0,False,18.0,25.0,32.0,18.4,4.0,49.0,18.0,0,0,51.0,50.0,49.3,3499,0,0,True,False,False,701.8,343.1,2.045,0.031,0.178,2.395,351.7,1.312
rxonly,64,4,7000000,3.584,143,1,0.3003,0.432,2099206,2098731,475,2098731,2098746,6990687,6989106,3579232204,3.5792,4.9214,3.5784,475,0,0.023,0.023,True,60.64,0.01,41.494,0.003,0.71,719,117.2,0.0,0,False,False,,,,,,,,,,,,,,,,0,128,,0,0,0,False,,,,,,,,0,0,51.0,50.0,57.1,3497,0,0,True,False,False,467.4,401.0,1.166,0.013,0.371,2.802,0.2,0.408
modular,64,4,8000000,4.096,125,1,0.3003,0.422,2156069,702205,1453864,702205,0,7178596,2337980,3675441333,3.6754,5.0537,1.197,1453864,0,67.431,67.431,False,99.88,0.0,0.0,0.01,0.45,15860,358.4,0.0,0,True,False,702016,2337350,1.1967,1454053,189,0.009,67.44,702220,0,0,0,0.0,204,0.009,-15,5496,128,,0,0,0,False,130.0,134.0,140.0,129.69,96.0,168.0,130.0,0,0,51.0,50.0,84.8,3496,0,0,True,False,False,6620.2,1494.3,4.43,0.042,0.177,3.494,799.9,0.718
template,64,4,8000000,4.096,125,1,0.3003,0.422,2129961,999993,1129968,999993,0,7092983,3330076,3631607590,3.6316,4.9935,1.705,1129968,0,53.051,53.051,False,100.23,0.0,0.0,0.013,0.3,23745,476.8,0.0,0,True,False,1000121,3330503,1.7052,1129840,-128,-0.006,53.045,999964,0,0,0,0.0,-157,-0.007,29,7826,128,,0,0,0,False,81.0,95.0,100.0,82.79,70.0,118.0,81.0,0,0,51.0,50.0,85.0,3497,0,0,True,False,False,4603.0,1048.8,4.389,0.045,0.156,3.493,737.6,0.769
hardcoded,64,4,8000000,4.096,125,1,0.3004,0.419,2394876,2388871,6005,2388871,0,7971707,7951718,4081514002,4.0815,5.6121,4.0713,6005,0,0.251,0.251,False,99.69,0.0,0.073,0.01,0.22,1347,125.7,0.0,0,False,False,2388783,7951425,4.0711,6093,88,0.004,0.254,2388944,0,0,0,0.0,161,0.007,-73,18701,128,,0,0,0,False,14.0,29.0,43.0,15.99,4.0,82.0,14.0,0,0,51.0,51.0,85.1,3500,0,0,True,False,False,1474.5,438.7,3.361,0.032,0.155,3.489,381.9,1.283
p1_static,64,4,8000000,4.096,125,1,0.3004,0.422,2368177,2366990,1187,2366990,0,7882423,7878472,4035800654,4.0358,5.5492,4.0338,1187,0,0.05,0.05,False,94.76,0.01,3.212,0.01,0.19,4538,163.6,0.0,0,False,False,2367147,7878994,4.034,1030,-157,-0.007,0.043,2366868,0,0,0,0.0,-279,-0.012,122,18531,128,,0,0,0,False,14.0,26.0,37.0,15.63,3.0,84.0,14.0,0,0,51.0,51.0,81.0,3496,0,0,True,False,False,1272.9,427.4,2.978,0.047,0.149,3.368,373.8,1.325
baseline,64,4,8000000,4.096,125,1,0.3004,0.422,2376079,2375758,321,2375758,0,7908470,7907402,4049137036,4.0491,5.5676,4.0486,321,0,0.014,0.014,False,55.43,0.02,34.132,0.007,0.18,1067,161.7,0.0,0,False,False,2375589,7906839,4.0483,490,169,0.007,0.021,2375804,0,0,0,0.0,215,0.009,-46,18596,128,,0,0,0,False,16.0,25.0,35.0,16.93,4.0,61.0,16.0,0,0,51.0,51.0,52.8,3498,0,0,True,False,False,693.4,318.3,2.178,0.045,0.167,2.517,290.3,1.561
rxonly,64,4,8000000,4.096,125,1,0.3005,0.425,2401409,2401409,0,2402194,2402172,7991630,7994243,4091714937,4.0917,5.6261,4.0931,-785,-785,-0.033,0.0,True,59.89,0.01,37.785,0.0,0.53,3434,125.9,0.0,0,False,False,,,,,,,,,,,,,,,,0,128,,0,0,0,False,,,,,,,,0,0,51.0,51.0,56.7,3499,0,0,True,False,False,454.5,339.2,1.34,0.011,0.306,2.711,0.2,0.437
modular,64,4,9000000,4.608,111,1,0.3004,0.423,2384045,705514,1678531,705514,0,7936850,2348764,4063667413,4.0637,5.5875,1.2026,1678531,0,70.407,70.407,False,100.2,0.01,0.0,0.013,0.27,21659,404.1,0.0,0,True,False,705335,2348168,1.2023,1678710,179,0.008,70.414,705518,0,0,0,0.0,183,0.008,-4,2761,256,,0,0,0,False,125.0,130.0,137.0,124.52,102.0,160.0,125.0,0,0,51.0,51.0,84.7,3499,0,0,True,False,False,6620.2,1487.4,4.451,0.043,0.175,3.493,773.7,0.739
template,64,4,9000000,4.608,111,1,0.3004,0.419,2322794,1027307,1295487,1027307,0,7732903,3420047,3959246620,3.9592,5.444,1.7511,1295487,0,55.773,55.773,False,99.87,0.0,0.0,0.013,0.19,29525,493.3,0.0,0,True,False,1027148,3419518,1.7508,1295646,159,0.007,55.78,1027320,0,0,0,0.0,172,0.007,-13,4020,256,,0,0,0,False,84.0,89.0,95.0,84.65,68.0,116.0,84.0,0,0,51.0,51.0,85.6,3497,0,0,True,False,False,4603.4,1021.4,4.507,0.047,0.097,3.493,724.9,0.777
hardcoded,64,4,9000000,4.608,111,1,0.3005,0.421,2621750,2431612,190138,2431612,0,8723288,8090646,4466323834,4.4663,6.1412,4.1424,190138,0,7.252,7.252,False,99.6,0.01,0.106,0.01,0.07,15545,355.4,0.0,0,False,False,2430392,8086587,4.1403,191358,1220,0.047,7.299,2431650,0,0,0,0.0,1258,0.048,-38,9516,256,,0,0,0,False,36.0,41.0,44.0,36.26,10.0,65.0,36.0,0,0,51.0,50.0,84.8,3498,0,0,True,False,False,1474.4,431.2,3.419,0.033,0.117,3.489,364.2,1.337
p1_static,64,4,9000000,4.608,111,1,0.3005,0.427,2659727,2557374,102353,2557374,0,8851764,8511126,4532103328,4.5321,6.2316,4.3577,102353,0,3.848,3.848,False,99.41,0.0,0.163,0.007,0.06,11238,290.0,0.0,0,False,False,2556662,8508756,4.3565,103065,712,0.027,3.875,2557557,0,0,0,0.0,895,0.034,-183,10012,256,,0,0,0,False,34.0,38.0,41.0,34.07,9.0,70.0,34.0,0,0,51.0,50.0,83.8,3498,0,0,True,False,False,1268.5,409.1,3.101,0.027,0.151,3.482,353.9,1.378
baseline,64,4,9000000,4.608,111,1,0.3004,0.42,2574279,2562149,12130,2562149,0,8568865,8528489,4387259330,4.3873,6.0325,4.3666,12130,0,0.471,0.471,False,59.45,0.01,28.6,0.007,0.06,16065,314.6,0.0,0,False,False,2559529,8519768,4.3621,14750,2620,0.102,0.573,2562260,0,0,0,0.0,2731,0.106,-111,10017,256,,0,0,0,False,16.0,28.0,37.0,16.92,3.0,60.0,16.0,0,0,53.0,51.0,55.4,3498,0,0,True,False,False,684.0,300.4,2.277,0.041,0.156,2.562,260.4,1.765
rxonly,64,4,9000000,4.608,111,1,0.3004,0.424,2702048,2702048,0,2703040,2702922,8994926,8998228,4605402206,4.6054,6.3324,4.6071,-992,-992,-0.037,0.0,True,57.46,0.01,41.262,0.0,0.37,4852,138.3,0.0,0,False,False,,,,,,,,,,,,,,,,0,256,,0,0,0,False,,,,,,,,0,0,51.0,51.0,55.5,3497,0,0,True,False,False,451.8,298.7,1.513,0.012,0.247,2.688,0.2,0.465
modular,64,4,10000000,5.12,100,1,0.3004,0.428,2582838,701656,1881182,701656,0,8598236,2335804,4402297201,4.4023,6.0532,1.1959,1881182,0,72.834,72.834,False,99.85,0.02,0.0,0.017,0.12,51989,612.9,0.0,0,True,False,701696,2335937,1.196,1881142,-40,-0.002,72.832,701650,0,0,0,0.0,-46,-0.002,6,2747,256,,0,0,0,False,126.0,132.0,140.0,126.25,117.0,158.0,126.0,0,0,51.0,51.0,83.7,3497,0,0,True,False,False,6619.9,1495.4,4.427,0.044,0.177,3.493,780.6,0.734
template,64,4,10000000,5.12,100,1,0.3004,0.431,2598111,1039574,1558537,1039574,0,8649333,3460830,4428458785,4.4285,6.0891,1.7719,1558537,0,59.987,59.987,False,99.87,0.0,0.0,0.013,0.08,53537,606.8,0.0,0,True,False,1039488,3460544,1.7718,1558623,86,0.003,59.991,1039588,0,0,0,0.0,100,0.004,-14,4069,256,,0,0,0,False,77.0,90.0,96.0,80.11,68.0,119.0,77.0,0,0,51.0,51.0,83.2,3495,0,0,True,False,False,4603.4,1009.3,4.561,0.054,0.156,3.493,692.2,0.817
hardcoded,64,4,10000000,5.12,100,1,0.3004,0.431,2653859,2418975,234884,2418975,0,8833570,8051741,4522787955,4.5228,6.2188,4.1225,234884,0,8.851,8.851,False,99.45,0.01,0.136,0.013,0.0,430923,1380.7,0.0,0,True,False,2418427,8049917,4.1216,235432,548,0.021,8.871,2419006,0,0,0,0.0,579,0.022,-31,9469,256,,0,0,0,False,36.0,41.0,45.0,36.02,11.0,72.0,36.0,0,0,51.0,51.0,83.1,3497,0,0,True,False,False,1474.1,432.5,3.409,0.024,0.104,3.482,347.4,1.39
p1_static,64,4,10000000,5.12,100,1,0.3005,0.44,2787724,2577912,209812,2577912,0,9276937,8578728,4749791905,4.7498,6.531,4.3923,209812,0,7.526,7.526,False,99.57,0.0,0.15,0.017,0.0,128116,1043.4,0.0,0,True,False,2576593,8574339,4.3901,211131,1319,0.047,7.574,2578198,0,0,0,0.0,1605,0.058,-286,10090,256,,0,0,0,False,34.0,39.0,42.0,34.15,7.0,69.0,34.0,0,0,51.0,51.0,81.5,3496,0,0,True,False,False,1268.1,406.2,3.122,0.026,0.106,3.485,341.5,1.407
baseline,64,4,10000000,5.12,100,1,0.3003,0.425,2638394,2609071,29323,2609071,0,8784518,8686887,4497673320,4.4977,6.1843,4.4477,29323,0,1.111,1.111,False,61.69,0.02,25.211,0.007,0.0,279210,1252.9,0.0,0,True,False,2605965,8676546,4.4424,32429,3106,0.118,1.229,2609174,0,0,0,0.0,3209,0.122,-103,10195,256,,0,0,0,False,16.0,30.0,38.0,17.11,3.0,62.0,16.0,0,0,52.0,52.0,56.3,3499,0,0,True,False,False,680.1,298.7,2.277,0.044,0.128,2.595,256.0,1.826
rxonly,64,4,10000000,5.12,100,1,0.3003,0.418,2990544,2990265,279,2990265,2990208,9957564,9956635,5098273253,5.0983,7.0101,5.0978,279,0,0.009,0.009,True,59.51,0.03,33.447,0.003,0.3,3847,135.1,0.0,0,False,False,,,,,,,,,,,,,,,,0,256,,0,0,0,False,,,,,,,,0,0,54.0,52.0,56.7,3502,0,0,True,False,False,440.2,265.6,1.657,0.025,0.223,2.645,0.2,0.377
modular,64,4,11000000,5.632,91,1,0.3004,0.423,2801778,717754,2084024,717754,0,9327156,2389412,4775504361,4.7755,6.5663,1.2234,2084024,0,74.382,74.382,False,99.87,0.01,0.0,0.01,0.03,102799,803.0,0.0,0,True,False,717632,2389006,1.2232,2084146,122,0.004,74.387,717763,0,0,0,0.0,131,0.005,-9,2809,256,,0,0,0,False,122.0,128.0,141.0,122.43,101.0,167.0,122.0,0,0,52.0,52.0,84.8,3495,0,0,True,False,False,6619.8,1462.0,4.528,0.07,0.174,3.493,747.8,0.763
template,64,4,11000000,5.632,91,1,0.3004,0.425,2704243,1027991,1676252,1027991,0,9002732,3422298,4609398912,4.6094,6.3379,1.7522,1676252,0,61.986,61.986,False,100.2,0.01,0.0,0.017,0.02,146728,830.9,0.0,0,True,False,1027904,3422009,1.7521,1676339,87,0.003,61.989,1027998,0,0,0,0.0,94,0.003,-7,4023,256,,0,0,0,False,77.0,83.0,95.0,77.68,68.0,115.0,77.0,0,0,52.0,52.0,84.2,3496,0,0,True,False,False,4603.2,1020.7,4.51,0.056,0.155,3.493,696.4,0.809
hardcoded,64,4,11000000,5.632,91,1,0.3004,0.421,2685171,2422812,262359,2422812,0,8937291,8064058,4575893183,4.5759,6.2919,4.1288,262359,0,9.771,9.771,False,99.41,0.01,0.176,0.01,0.0,795909,1369.6,0.0,0,True,False,2421952,8061196,4.1273,263219,860,0.032,9.803,2422946,0,0,0,0.0,994,0.037,-134,9482,256,,0,0,0,False,36.0,42.0,46.0,36.47,9.0,98.0,36.0,0,0,52.0,52.0,84.9,3495,0,0,True,False,False,1474.3,431.8,3.414,0.028,0.118,3.482,351.8,1.374
p1_static,64,4,11000000,5.632,91,1,0.3004,0.425,2748457,2598174,150283,2598174,0,9150160,8649838,4684882142,4.6849,6.4417,4.4287,150283,0,5.468,5.468,False,99.44,0.01,0.176,0.013,0.0,1644941,1420.9,0.0,0,True,False,2597785,8648543,4.4281,150672,389,0.014,5.482,2598146,0,0,0,0.0,361,0.013,28,10166,256,,0,0,0,False,34.0,38.0,42.0,33.78,10.0,68.0,34.0,0,0,52.0,52.0,84.1,3497,0,0,True,False,False,1268.3,402.5,3.151,0.023,0.093,3.481,334.3,1.456
baseline,64,4,11000000,5.632,91,1,0.3003,0.418,2680133,2655418,24715,2655418,0,8923569,8841280,4568867462,4.5689,6.2822,4.5267,24715,0,0.922,0.922,False,60.2,0.01,26.217,0.003,0.0,1293674,1340.4,0.0,0,True,False,2650051,8823410,4.5176,30082,5367,0.2,1.122,2655479,0,0,0,0.0,5428,0.203,-61,10367,256,,0,0,0,False,15.0,29.0,38.0,16.5,2.0,59.0,15.0,0,0,52.0,51.0,55.7,3500,0,0,True,False,False,680.5,285.6,2.383,0.031,0.119,2.525,244.1,1.916
rxonly,64,4,11000000,5.632,91,1,0.3003,0.424,3279543,3279543,0,3280209,3280302,10921868,10924086,5591996735,5.592,7.689,5.5931,-666,-666,-0.02,0.0,True,57.87,0.01,32.654,0.003,0.19,15025,191.2,0.0,0,False,False,,,,,,,,,,,,,,,,0,256,,0,0,0,False,,,,,,,,0,0,51.0,51.0,54.2,3498,0,0,True,False,False,435.3,234.2,1.859,0.01,0.174,2.559,0.1,0.499
modular,64,4,12000000,6.144,83,1,0.3003,0.427,2852399,702545,2149854,702545,0,9499603,2339749,4863796788,4.8638,6.6877,1.198,2149854,0,75.37,75.37,False,99.91,0.0,0.0,0.01,0.0,387455,1019.7,0.0,0,True,False,702528,2339692,1.1979,2149871,17,0.001,75.371,702540,0,0,0,0.0,12,0.0,5,2749,256,,0,0,0,False,124.0,129.0,138.0,124.05,101.0,176.0,124.0,0,0,52.0,51.0,83.8,3499,0,0,True,False,False,6619.9,1492.8,4.435,0.037,0.173,3.493,744.9,0.765
template,64,4,12000000,6.144,83,1,0.3003,0.42,2755990,1025294,1730696,1025294,0,9176920,3414033,4698583293,4.6986,6.4606,1.748,1730696,0,62.798,62.798,False,100.22,0.0,0.0,0.01,0.0,497718,1017.6,0.0,0,True,False,1025404,3414399,1.7482,1730586,-110,-0.004,62.794,1025261,0,0,0,0.0,-143,-0.005,33,4011,256,,0,0,0,False,79.0,91.0,98.0,81.85,70.0,125.0,79.0,0,0,52.0,51.0,85.0,3499,0,0,True,False,False,4603.0,1023.1,4.499,0.044,0.159,3.493,690.7,0.817
hardcoded,64,4,12000000,6.144,83,1,0.3004,0.426,2633645,2399185,234460,2399185,0,8765776,7985403,4488077325,4.4881,6.1711,4.0885,234460,0,8.902,8.902,False,99.55,0.0,0.1,0.01,0.0,2228407,1309.4,0.0,0,True,False,2398414,7982837,4.0872,235231,771,0.029,8.932,2399235,0,0,0,0.0,821,0.031,-50,9391,256,,0,0,0,False,35.0,39.0,44.0,34.7,16.0,77.0,35.0,0,0,51.0,51.0,84.0,3499,0,0,True,False,False,1474.1,436.5,3.377,0.019,0.095,3.485,350.4,1.377
p1_static,64,4,12000000,6.144,83,1,0.3005,0.42,2803010,2603181,199829,2603181,0,9327174,8662232,4775513346,4.7755,6.5663,4.4351,199829,0,7.129,7.129,False,99.44,0.01,0.123,0.017,0.0,2411143,1308.2,0.0,0,True,False,2603152,8662135,4.435,199858,29,0.001,7.13,2603275,0,0,0,0.0,123,0.004,-94,10195,256,,0,0,0,False,34.0,39.0,42.0,33.99,15.0,87.0,34.0,0,0,52.0,51.0,84.6,3502,0,0,True,False,False,1268.2,402.0,3.155,0.019,0.097,3.482,336.6,1.427
baseline,64,4,12000000,6.144,83,1,0.3003,0.423,2657288,2631931,25357,2631931,0,8847549,8763122,4529945471,4.5299,6.2287,4.4867,25357,0,0.954,0.954,False,58.67,0.01,24.076,0.003,0.0,1922068,1260.3,0.0,0,True,False,2628367,8751256,4.4806,28921,3564,0.134,1.088,2631856,0,0,0,0.0,3489,0.131,75,10283,256,,0,0,0,False,16.0,29.0,38.0,17.01,2.0,65.0,16.0,0,0,52.0,51.0,54.2,3500,0,0,True,False,False,678.1,280.1,2.421,0.035,0.113,2.454,240.9,1.948
rxonly,64,4,12000000,6.144,83,1,0.3004,0.424,3578025,3574456,3569,3574456,3574547,11910979,11899098,6098421567,6.0984,8.3853,6.0923,3569,0,0.1,0.1,True,57.26,0.02,33.439,0.013,0.14,12238,182.8,0.0,0,False,False,,,,,,,,,,,,,,,,0,256,,0,0,0,False,,,,,,,,0,0,52.0,51.0,53.8,3500,0,0,True,False,False,433.5,213.4,2.032,0.015,0.157,2.539,0.1,0.416
rxonly,64,5,500000,0.256,2000,1,0.3004,0.42,150165,150165,0,150210,150203,499961,500111,255980290,0.256,0.352,0.2561,-45,-45,-0.03,0.0,True,18.46,0.01,71.895,0.0,35.81,0,71.7,0.0,0,False,False,,,,,,,,,,,,,,,,0,8,,0,0,0,False,,,,,,,,0,0,51.0,50.0,26.9,3498,0,0,True,False,False,1758.7,3591.8,0.49,0.15,1.864,1.796,3.0,0.406
baseline,64,5,500000,0.256,2000,1,0.3004,0.418,150175,150175,0,150206,0,499958,500061,255978638,0.256,0.352,0.256,-31,-31,-0.021,0.0,False,13.44,0.03,69.486,0.0,34.58,0,79.0,0.0,0,False,False,150176,499961,0.256,-1,30,0.02,-0.001,150213,0,0,0,0.0,37,0.025,-7,18805,8,,0,0,0,False,16.0,21.0,23.0,16.14,4.0,50.0,16.0,0,0,51.0,50.0,22.9,3498,0,0,True,False,False,2050.7,3308.4,0.62,0.312,1.285,1.654,3810.5,0.468
p1_static,64,5,500000,0.256,2000,1,0.3005,0.418,150222,150222,0,150288,0,499927,500147,255962988,0.256,0.3519,0.2561,-66,-66,-0.044,0.0,False,15.95,0.02,69.291,0.0,34.48,0,78.1,0.0,0,False,False,150219,499917,0.256,3,69,0.046,0.002,150291,0,0,0,0.0,72,0.048,-3,18822,8,,0,0,0,False,16.0,22.0,24.0,16.45,5.0,42.0,16.0,0,0,51.0,51.0,25.0,3502,0,0,True,False,False,2645.1,3428.1,0.772,0.308,1.251,1.715,3759.2,0.47
hardcoded,64,5,500000,0.256,2000,1,0.3003,0.425,150184,150173,11,150173,0,500059,500022,256030217,0.256,0.352,0.256,11,0,0.007,0.007,False,16.31,0.02,69.553,0.0,34.61,0,77.3,0.0,0,False,False,150185,500062,0.256,-1,-12,-0.008,-0.001,150167,0,0,0,0.0,-18,-0.012,6,18805,8,,0,0,0,False,17.0,22.0,24.0,16.69,5.0,41.0,17.0,0,0,51.0,51.0,25.2,3495,0,0,True,False,False,2869.4,3487.2,0.823,0.298,1.254,1.744,3761.1,0.474
template,64,5,500000,0.256,2000,1,0.3003,0.417,150151,150141,10,150141,0,500029,499995,256014885,0.256,0.352,0.256,10,0,0.007,0.007,False,25.33,0.02,69.254,0.0,34.46,0,77.2,0.0,0,False,False,150151,500029,0.256,0,-10,-0.007,0.0,150138,0,0,0,0.0,-13,-0.009,3,18795,8,,0,0,0,False,18.0,23.0,26.0,18.28,8.0,45.0,18.0,0,0,51.0,50.0,33.5,3502,0,0,True,False,False,5994.1,4162.5,1.44,0.299,1.264,2.081,3845.6,0.465
modular,64,5,500000,0.256,2000,1,0.3004,0.418,150189,150189,0,150216,0,499999,500089,255999941,0.256,0.352,0.256,-27,-27,-0.018,0.0,False,32.59,0.02,68.494,0.0,34.09,0,81.7,0.0,0,False,False,150185,499986,0.256,4,31,0.021,0.003,150210,0,0,0,0.0,25,0.017,6,18807,8,,0,0,0,False,20.0,25.0,29.0,19.66,8.0,74.0,20.0,0,0,51.0,50.0,39.5,3501,0,0,True,False,False,7988.9,4611.3,1.732,0.316,1.393,2.306,3782.4,0.468
rxonly,64,5,1000000,0.512,1000,1,0.3003,0.419,300311,300311,0,300325,300325,999981,1000028,511990588,0.512,0.704,0.512,-14,-14,-0.005,0.0,True,31.93,0.01,61.056,0.0,14.63,0,91.9,0.0,0,False,False,,,,,,,,,,,,,,,,0,16,,0,0,0,False,,,,,,,,0,0,51.0,50.0,36.4,3499,0,0,True,False,False,992.0,2066.6,0.48,0.064,1.417,2.067,1.6,0.455
baseline,64,5,1000000,0.512,1000,1,0.3004,0.427,300387,300338,49,300338,0,1000118,999955,512060920,0.5121,0.7041,0.512,49,0,0.016,0.016,False,15.51,0.01,56.63,0.0,13.5,1,95.0,0.0,0,False,False,300366,1000049,0.512,21,-28,-0.009,0.007,300320,0,0,0,0.0,-46,-0.015,18,18804,16,,0,0,0,False,21.0,26.0,28.0,20.73,10.0,47.0,21.0,0,0,51.0,50.0,22.5,3494,0,0,True,False,False,1224.0,1522.5,0.804,0.132,0.578,1.522,2193.7,0.455
p1_static,64,5,1000000,0.512,1000,1,0.3004,0.421,300373,300373,0,300446,0,999868,1000111,511932640,0.5119,0.7039,0.5121,-73,-73,-0.024,0.0,False,20.61,0.01,58.949,0.0,14.1,0,94.9,0.0,0,False,False,300373,999868,0.5119,0,73,0.024,0.0,300461,0,0,0,0.0,88,0.029,-15,18811,16,,0,0,0,False,20.0,26.0,28.0,20.46,8.0,44.0,20.0,0,0,51.0,50.0,27.4,3498,0,0,True,False,False,1862.0,1729.1,1.077,0.133,0.585,1.729,2204.4,0.463
hardcoded,64,5,1000000,0.512,1000,1,0.3004,0.418,300397,300386,11,300386,0,999978,999941,511988895,0.512,0.704,0.512,11,0,0.004,0.004,False,21.19,0.01,57.659,0.0,13.77,2,91.9,0.0,0,False,False,300395,999971,0.512,2,-9,-0.003,0.001,300380,0,0,0,0.0,-15,-0.005,6,18812,16,,0,0,0,False,21.0,26.0,29.0,21.51,10.0,66.0,21.0,0,0,51.0,50.0,28.0,3496,0,0,True,False,False,2053.0,1741.2,1.179,0.14,0.587,1.741,2173.2,0.462
template,64,5,1000000,0.512,1000,1,0.3003,0.421,300350,300350,0,300360,0,1000027,1000060,512013879,0.512,0.704,0.512,-10,-10,-0.003,0.0,False,36.96,0.01,60.231,0.0,14.44,0,90.3,0.0,0,False,False,300342,1000000,0.512,8,18,0.006,0.003,300361,0,0,0,0.0,19,0.006,-1,18802,16,,0,0,0,False,23.0,33.0,36.0,23.68,9.0,59.0,23.0,0,0,51.0,51.0,40.1,3499,0,0,True,False,False,5158.3,2162.0,2.386,0.09,0.586,2.162,1725.8,0.474
modular,64,5,1000000,0.512,1000,1,0.3003,0.42,300253,300253,0,300267,0,1000000,1000046,512000097,0.512,0.704,0.512,-14,-14,-0.005,0.0,False,49.54,0.01,44.766,0.0,14.46,0,85.8,0.0,0,False,False,300242,999963,0.512,11,25,0.008,0.004,300258,0,0,0,0.0,16,0.005,9,18788,16,,0,0,0,False,27.0,40.0,45.0,28.41,10.0,80.0,27.0,0,0,51.0,51.0,49.2,3497,0,0,True,False,False,7048.4,2429.3,2.901,0.1,0.575,2.429,1734.8,0.484
rxonly,64,5,1500000,0.768,667,1,0.3003,0.417,450220,450220,0,450277,450260,1499217,1499407,767599206,0.7676,1.0554,0.7677,-57,-57,-0.013,0.0,True,44.74,0.01,52.52,0.0,7.97,0,102.0,0.0,0,False,False,,,,,,,,,,,,,,,,0,32,,0,0,0,False,,,,,,,,0,0,51.0,50.0,46.5,3501,0,0,True,False,False,761.3,1613.0,0.472,0.04,1.307,2.419,0.9,0.4
baseline,64,5,1500000,0.768,667,1,0.3003,0.425,450217,450217,0,450249,0,1499150,1499257,767565085,0.7676,1.0554,0.7676,-32,-32,-0.007,0.0,False,17.94,0.01,48.629,0.0,7.31,1,109.1,0.0,0,False,False,450194,1499073,0.7675,23,55,0.012,0.005,450241,0,0,0,0.0,47,0.01,8,14091,32,,0,0,0,False,24.0,30.0,33.0,24.55,14.0,57.0,24.0,0,0,51.0,50.0,23.5,3497,0,0,True,False,False,975.3,988.5,0.987,0.082,0.402,1.482,1602.0,0.473
p1_static,64,5,1500000,0.768,667,1,0.3004,0.417,450293,450293,0,450425,0,1498935,1499374,767454962,0.7675,1.0553,0.7677,-132,-132,-0.029,0.0,False,24.74,0.02,47.232,0.0,7.07,2,111.8,0.0,0,False,False,450296,1498945,0.7675,-3,129,0.029,-0.001,450460,0,0,0,0.0,164,0.036,-35,14102,32,,0,0,0,False,27.0,32.0,35.0,26.87,11.0,64.0,27.0,0,0,51.0,50.0,29.6,3500,0,0,True,False,False,1583.0,1139.1,1.39,0.084,0.398,1.708,1592.8,0.47
hardcoded,64,5,1500000,0.768,667,1,0.3005,0.424,450496,450449,47,450449,0,1499377,1499221,767681487,0.7677,1.0556,0.7676,47,0,0.01,0.01,False,25.74,0.01,50.267,0.0,7.59,2,104.1,0.0,0,False,False,450494,1499371,0.7677,2,-45,-0.01,0.0,450481,0,0,0,0.0,-13,-0.003,-32,14111,32,,0,0,0,False,26.0,31.0,35.0,25.94,11.0,60.0,26.0,0,0,51.0,50.0,30.7,3503,0,0,True,False,False,1805.6,1190.2,1.517,0.089,0.415,1.784,1602.4,0.472
template,64,5,1500000,0.768,667,1,0.3003,0.421,450244,450205,39,450205,0,1499205,1499075,767593052,0.7676,1.0554,0.7675,39,0,0.009,0.009,False,47.71,0.0,28.693,0.0,8.19,1,96.9,0.0,0,False,False,450208,1499085,0.7675,36,-3,-0.001,0.008,450203,0,0,0,0.0,-5,-0.001,2,14092,32,,0,0,0,False,36.0,52.0,58.0,37.01,10.0,75.0,36.0,0,0,51.0,50.0,45.4,3496,0,0,True,False,False,4784.0,1431.6,3.342,0.059,0.304,2.146,1174.9,0.505
modular,64,5,1500000,0.768,667,1,0.3004,0.422,450268,450268,0,450381,0,1499053,1499430,767515615,0.7675,1.0553,0.7677,-113,-113,-0.025,0.0,False,67.24,0.01,17.202,0.007,7.85,1,97.6,0.0,0,False,False,450285,1499110,0.7675,-17,96,0.021,-0.004,450403,0,0,0,0.0,118,0.026,-22,14096,32,,0,0,0,False,42.0,61.0,69.0,42.59,11.0,87.0,42.0,0,0,51.0,50.0,60.0,3494,0,0,True,False,False,6725.4,1757.0,3.828,0.05,0.265,2.635,1149.5,0.488
rxonly,64,5,2000000,1.024,500,1,0.3004,0.427,600774,600615,159,600615,600649,2000089,1999560,1024045952,1.024,1.4081,1.0238,159,0,0.026,0.026,True,53.64,0.01,46.206,0.0,4.92,2,114.0,0.0,0,False,False,,,,,,,,,,,,,,,,0,32,,0,0,0,False,,,,,,,,0,0,51.0,49.0,52.7,3499,0,0,True,False,False,650.4,1323.5,0.491,0.035,1.215,2.646,0.8,0.432
baseline,64,5,2000000,1.024,500,1,0.3003,0.426,600554,600554,0,600675,0,1999688,2000091,1023840511,1.0238,1.4078,1.024,-121,-121,-0.02,0.0,False,20.82,0.01,42.767,0.0,4.48,5,117.9,0.0,0,False,False,600520,1999575,1.0238,34,155,0.026,0.006,600723,0,0,0,0.0,203,0.034,-48,18797,32,,0,0,0,False,28.0,33.0,37.0,27.63,9.0,50.0,28.0,0,0,51.0,49.0,24.8,3499,0,0,True,False,False,865.5,739.5,1.17,0.058,0.324,1.479,1275.6,0.505
p1_static,64,5,2000000,1.024,500,1,0.3004,0.419,600682,600682,0,600713,0,1999730,1999833,1023862085,1.0239,1.4078,1.0239,-31,-31,-0.005,0.0,False,27.59,0.0,24.322,0.0,4.67,1,115.9,0.0,0,False,False,600673,1999700,1.0238,9,40,0.007,0.001,600709,0,0,0,0.0,36,0.006,4,18806,32,,0,0,0,False,36.0,45.0,49.0,36.37,10.0,74.0,36.0,0,0,51.0,50.0,28.4,3498,0,0,True,False,False,1388.2,707.4,1.962,0.049,0.245,1.415,1125.4,0.495
hardcoded,64,5,2000000,1.024,500,1,0.3004,0.435,600711,600545,166,600545,0,2000023,1999470,1024011823,1.024,1.408,1.0237,166,0,0.028,0.028,False,28.71,0.01,23.346,0.0,4.5,3,116.5,0.0,0,False,False,600639,1999783,1.0239,72,-94,-0.016,0.012,600498,0,0,0,0.0,-141,-0.023,47,18806,32,,0,0,0,False,38.0,47.0,51.0,37.65,13.0,67.0,38.0,0,0,51.0,50.0,28.2,3497,0,0,True,False,False,1589.0,715.4,2.221,0.049,0.239,1.43,1107.4,0.499
template,64,5,2000000,1.024,500,1,0.3003,0.421,600523,600523,0,600578,0,1999593,1999776,1023791936,1.0238,1.4077,1.0239,-55,-55,-0.009,0.0,False,60.05,0.01,15.816,0.0,4.83,5,110.0,0.0,0,False,False,600518,1999576,1.0238,5,60,0.01,0.001,600605,0,0,0,0.0,87,0.014,-27,18798,32,,0,0,0,False,39.0,53.0,58.0,39.18,10.0,74.0,39.0,0,0,51.0,50.0,54.2,3498,0,0,True,False,False,4676.4,1191.3,3.925,0.049,0.215,2.382,1014.5,0.517
modular,64,5,2000000,1.024,500,1,0.3004,0.421,600756,600756,0,601055,0,1999636,2000631,1023813764,1.0238,1.4077,1.0243,-299,-299,-0.05,0.0,False,86.76,0.0,8.012,0.007,4.78,1,107.3,0.0,0,False,False,600817,1999839,1.0239,-61,238,0.04,-0.01,601044,0,0,0,0.0,227,0.038,11,18813,32,,0,0,0,False,36.0,52.0,62.0,36.33,8.0,74.0,36.0,0,0,51.0,50.0,75.2,3496,0,0,True,False,False,6655.8,1583.9,4.202,0.038,0.211,3.169,1049.8,0.519
rxonly,64,5,2500000,1.28,400,1,0.3003,0.421,750760,750619,141,750619,750602,2500064,2499594,1280033021,1.28,1.76,1.2798,141,0,0.019,0.019,True,61.31,0.01,42.282,0.0,3.33,12,120.3,0.0,0,False,False,,,,,,,,,,,,,,,,0,64,,0,0,0,False,,,,,,,,0,0,51.0,50.0,59.8,3496,0,0,True,False,False,590.6,1145.9,0.515,0.026,1.131,2.864,0.6,0.42
baseline,64,5,2500000,1.28,400,1,0.3004,0.419,750752,750743,9,750743,0,2499561,2499531,1279775298,1.2798,1.7597,1.2798,9,0,0.001,0.001,False,23.44,0.01,43.599,0.0,3.47,9,113.9,0.0,0,False,False,750710,2499421,1.2797,42,33,0.004,0.006,750727,0,0,0,0.0,17,0.002,16,11748,64,,0,0,0,False,28.0,38.0,43.0,28.31,6.0,52.0,28.0,0,0,51.0,50.0,27.9,3498,0,0,True,False,False,824.7,639.0,1.291,0.045,0.278,1.597,894.0,0.591
p1_static,64,5,2500000,1.28,400,1,0.3004,0.429,751037,750723,314,750723,0,2500536,2499491,1280274693,1.2803,1.7604,1.2797,314,0,0.042,0.042,False,31.82,0.0,23.136,0.0,3.22,8,118.3,0.0,0,False,False,751002,2500419,1.2802,35,-279,-0.037,0.005,750688,0,0,0,0.0,-314,-0.042,35,11756,64,,0,0,0,False,39.0,48.0,51.0,38.43,10.0,69.0,39.0,0,0,51.0,50.0,30.7,3497,0,0,True,False,False,1356.8,602.3,2.253,0.045,0.219,1.505,955.5,0.547
hardcoded,64,5,2500000,1.28,400,1,0.3004,0.424,750880,750845,35,750845,0,2499970,2499854,1279985090,1.28,1.76,1.2799,35,0,0.005,0.005,False,33.4,0.01,21.102,0.0,3.18,4,119.2,0.0,0,False,False,750855,2499887,1.2799,25,-10,-0.001,0.003,750727,0,0,0,0.0,-128,-0.017,118,11754,64,,0,0,0,False,41.0,49.0,52.0,40.3,14.0,63.0,41.0,0,0,51.0,50.0,32.1,3495,0,0,True,False,False,1557.2,620.3,2.51,0.047,0.213,1.551,950.4,0.548
template,64,5,2500000,1.28,400,1,0.3003,0.421,750725,750491,234,750491,0,2499984,2499205,1279992014,1.28,1.76,1.2796,234,0,0.031,0.031,False,74.72,0.01,14.289,0.0,3.23,8,117.5,0.0,0,False,False,750756,2500087,1.28,-31,-265,-0.035,-0.004,750446,0,0,0,0.0,-310,-0.041,45,11747,64,,0,0,0,False,33.0,47.0,55.0,32.92,8.0,75.0,33.0,0,0,51.0,50.0,66.2,3498,0,0,True,False,False,4654.1,1145.6,4.063,0.05,0.196,2.863,921.5,0.549
modular,64,5,2500000,1.28,400,1,0.3003,0.428,750824,712666,38158,712666,0,2499907,2372858,1279952572,1.28,1.7599,1.2149,38158,0,5.082,5.082,False,99.88,0.0,0.0,0.01,3.48,17,131.7,0.0,0,False,False,712687,2372928,1.2149,38137,-21,-0.003,5.079,712678,0,0,0,0.0,-9,-0.001,-12,11157,64,,0,0,0,False,124.0,134.0,142.0,124.44,106.0,244.0,124.0,0,0,51.0,50.0,83.9,3495,0,0,True,False,False,6616.6,1472.1,4.495,0.05,0.177,3.493,961.3,0.56
rxonly,64,5,3000000,1.536,333,1,0.3003,0.421,901725,901725,0,901846,901852,3002434,3002837,1537246272,1.5372,2.1137,1.5375,-121,-121,-0.013,0.0,True,62.19,0.01,41.491,0.003,2.55,17,120.5,0.0,0,False,False,,,,,,,,,,,,,,,,0,64,,0,0,0,False,,,,,,,,0,0,51.0,50.0,59.6,3497,0,0,True,False,False,557.8,960.9,0.58,0.022,1.01,2.886,0.5,0.394
baseline,64,5,3000000,1.536,333,1,0.3003,0.421,901735,901605,130,901605,0,3002447,3002014,1537253260,1.5373,2.1137,1.537,130,0,0.014,0.014,False,26.86,0.01,40.125,0.0,2.43,11,118.8,0.0,0,False,False,901663,3002208,1.5371,72,-58,-0.006,0.008,901609,0,0,0,0.0,-54,-0.006,-4,14112,64,,0,0,0,False,27.0,36.0,41.0,27.29,9.0,60.0,27.0,0,0,51.0,50.0,29.7,3499,0,0,True,False,False,783.8,553.5,1.416,0.041,0.247,1.662,803.0,0.643
p1_static,64,5,3000000,1.536,333,1,0.3004,0.419,901951,901951,0,902030,0,3002881,3003144,1537475449,1.5375,2.114,1.5376,-79,-79,-0.009,0.0,False,37.26,0.01,21.737,0.0,2.55,9,114.5,0.0,0,False,False,901903,3002721,1.5374,48,127,0.014,0.005,901956,0,0,0,0.0,53,0.006,74,14121,64,,0,0,0,False,36.0,45.0,49.0,35.99,12.0,63.0,36.0,0,0,51.0,50.0,35.8,3498,0,0,True,False,False,1339.9,563.2,2.379,0.038,0.21,1.691,788.8,0.637
hardcoded,64,5,3000000,1.536,333,1,0.3004,0.422,901817,901817,0,902009,0,3002130,3002769,1537090854,1.5371,2.1135,1.5374,-192,-192,-0.021,0.0,False,39.67,0.0,21.029,0.0,2.48,11,117.0,0.0,0,False,False,901759,3001937,1.537,58,250,0.028,0.006,901969,0,0,0,0.0,210,0.023,40,14119,64,,0,0,0,False,36.0,44.0,48.0,35.62,10.0,58.0,36.0,0,0,51.0,50.0,37.6,3498,0,0,True,False,False,1543.1,588.1,2.624,0.041,0.208,1.766,803.2,0.624
template,64,5,3000000,1.536,333,1,0.3004,0.421,901944,901944,0,902108,0,3002715,3003261,1537390515,1.5374,2.1139,1.5377,-164,-164,-0.018,0.0,False,89.06,0.0,6.808,0.0,2.26,8,112.1,0.0,0,False,False,901919,3002632,1.5373,25,189,0.021,0.003,902105,0,0,0,0.0,186,0.021,3,14117,64,,0,0,0,False,28.0,42.0,52.0,28.92,8.0,68.0,28.0,0,0,51.0,50.0,76.8,3498,0,0,True,False,False,4620.9,1075.8,4.295,0.049,0.17,3.231,847.8,0.599
modular,64,5,3000000,1.536,333,1,0.3003,0.422,901676,708994,192682,708994,0,3002196,2360647,1537124567,1.5371,2.1135,1.2087,192682,0,21.369,21.369,False,100.21,0.01,0.0,0.017,2.8,95,251.5,0.0,0,False,False,708993,2360644,1.2086,192683,1,0.0,21.369,708998,0,0,0,0.0,5,0.001,-4,11100,64,,0,0,0,False,122.0,129.0,138.0,120.22,89.0,167.0,122.0,0,0,51.0,50.0,84.7,3502,0,0,True,False,False,6619.2,1479.6,4.474,0.053,0.178,3.493,981.9,0.579
rxonly,64,5,3500000,1.792,286,1,0.3003,0.424,1049684,1049684,0,1049984,1049974,3495354,3496353,1789621427,1.7896,2.4607,1.7901,-300,-300,-0.029,0.0,True,62.4,0.01,42.433,0.007,2.11,23,121.2,0.0,0,False,False,,,,,,,,,,,,,,,,0,64,,0,0,0,False,,,,,,,,0,0,51.0,49.0,60.0,3500,0,0,True,False,False,540.2,831.2,0.65,0.021,0.831,2.906,0.4,0.412
baseline,64,5,3500000,1.792,286,1,0.3005,0.429,1050446,1050446,0,1050704,0,3495094,3495953,1789488580,1.7895,2.4605,1.7899,-258,-258,-0.025,0.0,False,30.08,0.01,37.325,0.003,1.74,21,121.1,0.0,0,False,False,1050412,3494981,1.7894,34,292,0.028,0.003,1050659,0,0,0,0.0,247,0.024,45,16451,64,,0,0,0,False,26.0,34.0,39.0,26.03,8.0,55.0,26.0,0,0,51.0,49.0,31.7,3496,0,0,True,False,False,759.6,493.4,1.539,0.039,0.226,1.725,742.8,0.688
p1_static,64,5,3500000,1.792,286,1,0.3004,0.419,1050335,1050017,318,1050017,0,3496871,3495813,1790398398,1.7904,2.4618,1.7899,318,0,0.03,0.03,False,42.37,0.01,19.699,0.003,1.72,8,116.6,0.0,0,False,False,1050231,3496525,1.7902,104,-214,-0.02,0.01,1049906,0,0,0,0.0,-325,-0.031,111,16442,64,,0,0,0,False,37.0,45.0,49.0,37.01,13.0,68.0,37.0,0,0,51.0,50.0,39.9,3501,0,0,True,False,False,1321.4,523.9,2.522,0.04,0.191,1.831,733.9,0.661
hardcoded,64,5,3500000,1.792,286,1,0.3003,0.419,1050320,1049982,338,1049982,0,3497243,3496117,1790588432,1.7906,2.4621,1.79,338,0,0.032,0.032,False,45.22,0.01,19.605,0.0,1.7,13,116.9,0.0,0,False,False,1050313,3497219,1.7906,7,-331,-0.032,0.001,1049911,0,0,0,0.0,-402,-0.038,71,16437,64,,0,0,0,False,36.0,45.0,48.0,35.9,9.0,69.0,36.0,0,0,51.0,50.0,42.3,3498,0,0,True,False,False,1526.7,550.9,2.771,0.042,0.191,1.926,723.8,0.669
template,64,5,3500000,1.792,286,1,0.3004,0.424,1049936,1016947,32989,1016947,0,3495654,3385821,1789775139,1.7898,2.4609,1.7335,32989,0,3.142,3.142,False,99.88,0.0,0.0,0.01,1.75,118,136.3,0.0,0,False,False,1016836,3385451,1.7334,33100,111,0.011,3.153,1016987,0,0,0,0.0,151,0.014,-40,15919,64,,0,0,0,False,85.0,95.0,104.0,85.34,56.0,142.0,85.0,0,0,51.0,50.0,84.6,3495,0,0,True,False,False,4599.7,1031.7,4.458,0.055,0.158,3.493,806.3,0.645
modular,64,5,3500000,1.792,286,1,0.3004,0.423,1048268,676055,372213,676055,0,3489801,2250662,1786778233,1.7868,2.4568,1.1523,372213,0,35.507,35.507,False,99.87,0.0,0.0,0.01,2.29,1845,366.6,0.0,0,False,False,675904,2250159,1.1521,372364,151,0.014,35.522,676058,0,0,0,0.0,154,0.015,-3,10581,64,,0,0,0,False,123.0,131.0,150.0,123.99,110.0,195.0,123.0,0,0,51.0,50.0,84.8,3492,0,0,True,False,False,6620.1,1552.3,4.265,0.054,0.176,3.494,986.1,0.59
rxonly,64,5,4000000,2.048,250,1,0.3004,0.422,1200992,1200992,0,1201327,1201310,3998121,3999236,2047038349,2.047,2.8147,2.0476,-335,-335,-0.028,0.0,True,63.12,0.02,41.516,0.0,1.68,33,115.5,0.0,0,False,False,,,,,,,,,,,,,,,,0,64,,0,0,0,False,,,,,,,,0,0,51.0,50.0,61.1,3498,0,0,True,False,False,522.8,731.5,0.715,0.02,0.737,2.925,0.4,0.421
baseline,64,5,4000000,2.048,250,1,0.3003,0.422,1201050,1201017,33,1201017,0,3999106,3998996,2047542358,2.0475,2.8154,2.0475,33,0,0.003,0.003,False,33.23,0.01,35.801,0.0,1.29,14,116.7,0.0,0,False,False,1200980,3998873,2.0474,70,37,0.003,0.006,1200914,0,0,0,0.0,-66,-0.005,103,18797,64,,0,0,0,False,25.0,32.0,36.0,25.17,7.0,51.0,25.0,0,0,51.0,50.0,34.6,3497,0,0,True,False,False,741.3,449.2,1.65,0.035,0.215,1.796,662.7,0.753
p1_static,64,5,4000000,2.048,250,1,0.3004,0.422,1201398,1201398,0,1201423,0,3999277,3999360,2047629840,2.0476,2.8155,2.0477,-25,-25,-0.002,0.0,False,48.26,0.01,19.993,0.003,1.4,14,107.7,0.0,0,False,False,1201410,3999316,2.0477,-12,13,0.001,-0.001,1201463,0,0,0,0.0,53,0.004,-40,18811,64,,0,0,0,False,34.0,42.0,46.0,33.42,8.0,62.0,34.0,0,0,51.0,50.0,44.6,3497,0,0,True,False,False,1314.6,510.8,2.574,0.041,0.181,2.043,638.8,0.744
hardcoded,64,5,4000000,2.048,250,1,0.3004,0.423,1201013,1201013,0,1201198,0,3998530,3999146,2047247463,2.0472,2.815,2.0476,-185,-185,-0.015,0.0,False,51.59,0.0,20.082,0.0,1.4,15,107.4,0.0,0,False,False,1200955,3998337,2.0471,58,243,0.02,0.005,1201385,0,0,0,0.0,430,0.036,-187,18801,64,,0,0,0,False,31.0,41.0,46.0,31.28,6.0,57.0,31.0,0,0,51.0,50.0,47.2,3499,0,0,True,False,False,1520.9,539.8,2.818,0.035,0.182,2.159,615.6,0.77
template,64,5,4000000,2.048,250,1,0.3003,0.422,1194665,1037219,157446,1037219,0,3977686,3453463,2036575416,2.0366,2.8003,1.7682,157446,0,13.179,13.179,False,100.21,0.01,0.0,0.013,1.55,2553,261.9,0.0,0,False,False,1037035,3452850,1.7679,157630,184,0.015,13.194,1037241,0,0,0,0.0,206,0.017,-22,16233,64,,0,0,0,False,84.0,91.0,96.0,83.86,68.0,124.0,84.0,0,0,51.0,51.0,84.8,3500,0,0,True,False,False,4599.5,1011.5,4.547,0.057,0.157,3.493,740.5,0.696
modular,64,5,4000000,2.048,250,1,0.3004,0.426,1176668,688441,488227,688441,0,3917451,2292009,2005735242,2.0057,2.7579,1.1735,488227,0,41.492,41.492,False,100.21,0.0,0.0,0.01,1.92,8692,503.6,0.0,0,False,False,688197,2291197,1.1731,488471,244,0.021,41.513,688473,0,0,0,0.0,276,0.023,-32,10776,64,,0,0,0,False,123.0,130.0,136.0,123.87,88.0,161.0,123.0,0,0,51.0,51.0,84.1,3495,0,0,True,False,False,6620.7,1524.4,4.343,0.056,0.174,3.494,903.4,0.644
rxonly,64,5,5000000,2.56,200,1,0.3003,0.428,1500585,1500585,0,1500867,1500956,4997174,4998113,2558553514,2.5586,3.518,2.559,-282,-282,-0.019,0.0,True,66.91,0.01,34.437,0.003,1.22,93,107.5,0.0,0,False,False,,,,,,,,,,,,,,,,0,128,,0,0,0,False,,,,,,,,0,0,51.0,50.0,61.7,3498,0,0,True,False,False,483.7,580.8,0.833,0.015,0.61,2.903,0.2,0.439
baseline,64,5,5000000,2.56,200,1,0.3004,0.419,1501317,1501317,0,1501720,0,4997711,4999053,2558828309,2.5588,3.5184,2.5595,-403,-403,-0.027,0.0,False,40.42,0.01,36.688,0.003,0.88,41,113.5,0.0,0,False,False,1501322,4997728,2.5588,-5,398,0.027,-0.0,1501757,0,0,0,0.0,435,0.029,-37,11751,128,,0,0,0,False,23.0,28.0,32.0,22.44,6.0,43.0,23.0,0,0,51.0,50.0,40.7,3499,0,0,True,False,False,724.1,411.9,1.758,0.029,0.206,2.059,538.0,0.903
p1_static,64,5,5000000,2.56,200,1,0.3004,0.424,1501206,1501206,0,1501515,0,4997101,4998129,2558515727,2.5585,3.518,2.559,-309,-309,-0.021,0.0,False,59.96,0.01,23.847,0.007,0.97,42,103.4,0.0,0,False,False,1501164,4996961,2.5584,42,351,0.023,0.003,1501665,0,0,0,0.0,501,0.033,-150,11753,128,,0,0,0,False,25.0,36.0,41.0,25.25,5.0,54.0,25.0,0,0,51.0,51.0,54.9,3498,0,0,True,False,False,1312.5,503.1,2.609,0.037,0.175,2.514,497.1,0.93
hardcoded,64,5,5000000,2.56,200,1,0.3003,0.419,1501297,1500690,607,1500690,0,4999496,4997475,2559742183,2.5597,3.5196,2.5587,607,0,0.04,0.04,False,64.18,0.01,23.068,0.003,0.93,29,106.8,0.0,0,False,False,1501178,4999100,2.5595,119,-488,-0.033,0.008,1500697,0,0,0,0.0,-481,-0.032,-7,11746,128,,0,0,0,False,23.0,36.0,42.0,23.75,5.0,67.0,23.0,0,0,51.0,51.0,59.0,3493,0,0,True,False,False,1516.8,530.0,2.862,0.043,0.176,2.649,484.9,0.955
template,64,5,5000000,2.56,200,1,0.3003,0.421,1434653,995885,438768,995885,0,4777386,3316291,2446021676,2.446,3.3633,1.6979,438768,0,30.584,30.584,False,100.23,0.01,0.0,0.013,1.15,9919,409.2,0.0,0,False,False,995948,3316501,1.698,438705,-63,-0.004,30.579,995856,0,0,0,0.0,-92,-0.006,29,7794,128,,0,0,0,False,86.0,94.0,103.0,86.49,69.0,120.0,86.0,0,0,51.0,51.0,84.8,3499,0,0,True,False,False,4601.5,1053.1,4.369,0.054,0.161,3.492,734.8,0.74
modular,64,5,5000000,2.56,200,1,0.3003,0.421,1433805,714461,719344,714461,0,4774037,2378889,2444307150,2.4443,3.3609,1.218,719344,0,50.17,50.17,False,99.89,0.0,0.0,0.01,1.42,11578,407.5,0.0,0,False,False,714432,2378792,1.2179,719373,29,0.002,50.172,714459,0,0,0,0.0,27,0.002,2,5592,128,,0,0,0,False,116.0,122.0,135.0,117.23,109.0,163.0,116.0,0,0,51.0,51.0,85.3,3495,0,0,True,False,False,6619.8,1468.4,4.508,0.058,0.176,3.493,868.3,0.666
rxonly,64,5,6000000,3.072,167,1,0.3004,0.421,1797564,1797564,0,1798102,1798035,5984226,5986017,3063923918,3.0639,4.2129,3.0648,-538,-538,-0.03,0.0,True,64.83,0.01,31.663,0.003,0.9,228,104.9,0.0,0,False,False,,,,,,,,,,,,,,,,0,128,,0,0,0,False,,,,,,,,0,0,51.0,51.0,60.3,3502,0,0,True,False,False,465.8,466.9,0.997,0.013,0.483,2.795,0.2,0.424
baseline,64,5,6000000,3.072,167,1,0.3003,0.421,1797438,1797438,0,1797756,0,5984532,5985591,3064080565,3.0641,4.2131,3.0646,-318,-318,-0.018,0.0,False,46.42,0.01,35.755,0.0,0.54,85,121.5,0.0,0,False,False,1797381,5984342,3.064,57,375,0.021,0.003,1797689,0,0,0,0.0,308,0.017,67,14066,128,,0,0,0,False,20.0,26.0,31.0,20.35,5.0,41.0,20.0,0,0,51.0,51.0,45.6,3496,0,0,True,False,False,710.7,374.4,1.898,0.026,0.192,2.241,433.3,1.09
p1_static,64,5,6000000,3.072,167,1,0.3004,0.42,1797775,1797775,0,1797794,0,5984825,5984888,3064230581,3.0642,4.2133,3.0643,-19,-19,-0.001,0.0,False,71.08,0.01,18.742,0.007,0.66,33,101.3,0.0,0,False,False,1797879,5985171,3.0644,-104,-85,-0.005,-0.006,1797867,0,0,0,0.0,-12,-0.001,-73,14074,128,,0,0,0,False,19.0,32.0,39.0,20.02,4.0,50.0,19.0,0,0,51.0,50.0,64.0,3493,0,0,True,False,False,1296.2,469.5,2.761,0.036,0.162,2.81,400.7,1.139
hardcoded,64,5,6000000,3.072,167,1,0.3002,0.421,1796306,1795495,811,1795495,0,5982988,5980286,3063289900,3.0633,4.212,3.0619,811,0,0.045,0.045,False,76.0,0.0,15.951,0.003,0.68,125,100.9,0.0,0,False,False,1796174,5982548,3.0631,132,-679,-0.038,0.007,1795689,0,0,0,0.0,-485,-0.027,-194,14052,128,,0,0,0,False,19.0,31.0,38.0,19.54,4.0,87.0,19.0,0,0,51.0,50.0,67.5,3498,0,0,True,False,False,1497.9,490.4,3.055,0.032,0.162,2.933,415.3,1.114
template,64,5,6000000,3.072,167,1,0.3003,0.418,1670245,1023872,646373,1023872,0,5561674,3409345,2847577466,2.8476,3.9154,1.7456,646373,0,38.699,38.699,False,99.89,0.01,0.0,0.013,0.83,13557,396.5,0.0,0,True,False,1023924,3409519,1.7457,646321,-52,-0.003,38.696,1023882,0,0,0,0.0,-42,-0.003,-10,8014,128,,0,0,0,False,87.0,92.0,97.0,86.21,71.0,117.0,87.0,0,0,51.0,51.0,85.3,3500,0,0,True,False,False,4603.2,1024.5,4.493,0.053,0.161,3.493,742.4,0.759
modular,64,5,6000000,3.072,167,1,0.3002,0.424,1672779,696785,975994,696785,0,5571390,2320725,2852552161,2.8526,3.9223,1.1882,975994,0,58.346,58.346,False,99.92,0.0,0.0,0.007,1.07,11723,351.5,0.0,0,True,False,696912,2321148,1.1884,975867,-127,-0.008,58.338,696758,0,0,0,0.0,-154,-0.009,27,5452,128,,0,0,0,False,124.0,129.0,136.0,124.3,113.0,159.0,124.0,0,0,51.0,51.0,84.8,3497,0,0,True,False,False,6619.5,1505.0,4.398,0.056,0.175,3.493,842.6,0.685
rxonly,64,5,7000000,3.584,143,1,0.3003,0.419,2098213,2098096,117,2098096,2098095,6987512,6987123,3577606507,3.5776,4.9192,3.5774,117,0,0.006,0.006,True,61.01,0.02,41.508,0.007,0.7,585,113.0,0.0,0,False,False,,,,,,,,,,,,,,,,0,128,,0,0,0,False,,,,,,,,0,0,51.0,50.0,58.8,3499,0,0,True,False,False,467.9,403.4,1.16,0.012,0.376,2.819,0.2,0.415
baseline,64,5,7000000,3.584,143,1,0.3004,0.429,2098077,2098077,0,2098436,0,6984814,6986010,3576225256,3.5762,4.9173,3.5768,-359,-359,-0.017,0.0,False,50.87,0.02,34.85,0.007,0.32,859,135.2,0.0,0,False,False,2098032,6984665,3.5761,45,404,0.019,0.002,2098431,0,0,0,0.0,399,0.019,5,16419,128,,0,0,0,False,18.0,25.0,34.0,18.66,4.0,62.0,18.0,0,0,51.0,50.0,48.4,3498,0,0,True,False,False,700.3,341.1,2.053,0.028,0.178,2.383,354.3,1.298
p1_static,64,5,7000000,3.584,143,1,0.3004,0.427,2086773,2086773,0,2086862,0,6945791,6946087,3556245276,3.5562,4.8898,3.5564,-89,-89,-0.004,0.0,False,83.0,0.01,11.57,0.007,0.39,677,123.6,0.0,0,False,False,2086653,6945392,3.556,120,209,0.01,0.006,2086756,0,0,0,0.0,103,0.005,106,16337,128,,0,0,0,False,17.0,29.0,37.0,17.69,3.0,94.0,17.0,0,0,51.0,51.0,71.9,3496,0,0,True,False,False,1283.3,445.8,2.879,0.046,0.153,3.097,380.4,1.246
hardcoded,64,5,7000000,3.584,143,1,0.3005,0.433,2085058,2085058,0,2085976,0,6939228,6942283,3552885120,3.5529,4.8852,3.5544,-918,-918,-0.044,0.0,False,89.34,0.0,7.282,0.01,0.4,695,129.0,0.0,0,False,False,2084827,6938459,3.5525,231,1149,0.055,0.011,2085961,0,0,0,0.0,1134,0.054,15,16327,128,,0,0,0,False,17.0,30.0,37.0,18.37,4.0,100.0,17.0,0,0,51.0,51.0,75.1,3499,0,0,True,False,False,1484.3,468.1,3.171,0.046,0.154,3.249,401.7,1.203
template,64,5,7000000,3.584,143,1,0.3004,0.425,1869847,1037222,832625,1037222,0,6224040,3452534,3186708484,3.1867,4.3817,1.7677,832625,0,44.529,44.529,False,100.19,0.0,0.0,0.01,0.53,15984,394.3,0.0,0,True,False,1036837,3451252,1.767,833010,385,0.021,44.55,1037218,0,0,0,0.0,381,0.02,4,8117,128,,0,0,0,False,81.0,85.0,91.0,80.92,68.0,113.0,81.0,0,0,51.0,51.0,84.3,3495,0,0,True,False,False,4603.1,1011.9,4.549,0.08,0.155,3.494,717.1,0.788
modular,64,5,7000000,3.584,143,1,0.3003,0.416,1902133,700129,1202004,700129,0,6334577,2331604,3243303601,3.2433,4.4595,1.1938,1202004,0,63.192,63.192,False,99.9,0.01,0.0,0.017,0.76,14803,372.3,0.0,0,True,False,700145,2331657,1.1938,1201988,-16,-0.001,63.192,700128,0,0,0,0.0,-17,-0.001,1,5478,128,,0,0,0,False,116.0,121.0,131.0,116.12,103.0,161.0,116.0,0,0,52.0,51.0,85.6,3500,0,0,True,False,False,6620.0,1498.2,4.419,0.043,0.173,3.493,802.7,0.715
rxonly,64,5,8000000,4.096,125,1,0.3004,0.423,2400963,2400963,0,2401399,2401336,7993226,7994678,4092531974,4.0925,5.6272,4.0933,-436,-436,-0.018,0.0,True,59.25,0.01,39.913,0.003,0.53,2479,123.2,0.0,0,False,False,,,,,,,,,,,,,,,,0,128,,0,0,0,False,,,,,,,,0,0,51.0,51.0,56.7,3496,0,0,True,False,False,458.2,342.1,1.34,0.01,0.301,2.735,0.2,0.424
baseline,64,5,8000000,4.096,125,1,0.3004,0.424,2369756,2368997,759,2368997,0,7887997,7885470,4038654499,4.0387,5.5531,4.0374,759,0,0.032,0.032,False,55.12,0.01,32.797,0.0,0.1,4367,219.4,0.0,0,False,False,2367550,7880654,4.0349,2206,1447,0.061,0.093,2369073,0,0,0,0.0,1523,0.064,-76,18534,128,,0,0,0,False,16.0,25.0,35.0,16.6,2.0,74.0,16.0,0,0,51.0,51.0,52.1,3498,0,0,True,False,False,692.3,316.3,2.189,0.036,0.167,2.494,276.4,1.641
p1_static,64,5,8000000,4.096,125,1,0.3005,0.429,2366965,2366965,0,2367040,0,7877209,7877459,4033131321,4.0331,5.5456,4.0333,-75,-75,-0.003,0.0,False,94.61,0.0,3.498,0.007,0.2,5894,159.7,0.0,0,False,False,2365927,7873755,4.0314,1038,1113,0.047,0.044,2366881,0,0,0,0.0,954,0.04,159,18528,128,,0,0,0,False,14.0,27.0,38.0,15.8,3.0,60.0,14.0,0,0,51.0,50.0,79.7,3495,0,0,True,False,False,1273.0,427.0,2.981,0.053,0.147,3.364,374.6,1.318
hardcoded,64,5,8000000,4.096,125,1,0.3004,0.424,2386218,2370796,15422,2370796,0,7944169,7892826,4067414829,4.0674,5.5927,4.0411,15422,0,0.646,0.646,False,99.67,0.0,0.097,0.01,0.19,3136,156.0,0.0,0,False,False,2369877,7889767,4.0396,16341,919,0.039,0.685,2371004,0,0,0,0.0,1127,0.047,-208,18551,128,,0,0,0,False,15.0,38.0,43.0,20.96,4.0,111.0,15.0,0,0,51.0,50.0,84.3,3496,0,0,True,False,False,1474.7,442.0,3.336,0.029,0.156,3.489,379.9,1.29
template,64,5,8000000,4.096,125,1,0.3005,0.422,2101132,1035781,1065351,1035781,0,6992832,3447210,3580330406,3.5803,4.923,1.765,1065351,0,50.704,50.704,False,99.84,0.0,0.0,0.01,0.34,19577,415.7,0.0,0,True,False,1035552,3446447,1.7646,1065580,229,0.011,50.715,1035814,0,0,0,0.0,262,0.012,-33,8106,128,,0,0,0,False,77.0,89.0,96.0,79.11,70.0,122.0,77.0,0,0,51.0,52.0,85.1,3497,0,0,True,False,False,4603.7,1013.7,4.542,0.038,0.158,3.494,731.1,0.773
modular,64,5,8000000,4.096,125,1,0.3003,0.417,2152800,713610,1439190,713610,0,7167765,2375970,3669895730,3.6699,5.0461,1.2165,1439190,0,66.852,66.852,False,99.88,0.0,0.0,0.01,0.51,15892,343.2,0.0,0,True,False,713536,2375723,1.2164,1439264,74,0.003,66.855,713612,0,0,0,0.0,76,0.004,-2,5585,128,,0,0,0,False,113.0,120.0,140.0,114.2,103.0,170.0,113.0,0,0,52.0,52.0,85.6,3496,0,0,True,False,False,6619.9,1470.3,4.503,0.045,0.175,3.493,793.0,0.724
rxonly,64,5,9000000,4.608,111,1,0.3003,0.421,2701131,2701033,98,2701033,2700928,8994176,8993850,4605018327,4.605,6.3319,4.6049,98,0,0.004,0.004,True,56.94,0.01,41.689,0.003,0.37,4605,138.2,0.0,0,False,False,,,,,,,,,,,,,,,,0,256,,0,0,0,False,,,,,,,,0,0,51.0,51.0,55.8,3499,0,0,True,False,False,452.4,300.2,1.507,0.012,0.235,2.7,0.2,0.415
baseline,64,5,9000000,4.608,111,1,0.3004,0.42,2592316,2583617,8699,2583617,0,8630029,8601070,4418575335,4.4186,6.0755,4.4037,8699,0,0.336,0.336,False,58.88,0.01,29.003,0.007,0.09,6194,229.8,0.0,0,False,False,2581181,8592960,4.3996,11135,2436,0.094,0.43,2583714,0,0,0,0.0,2533,0.098,-97,10100,256,,0,0,0,False,16.0,28.0,36.0,17.05,3.0,88.0,16.0,0,0,52.0,51.0,55.2,3503,0,0,True,False,False,684.3,296.9,2.305,0.036,0.156,2.554,259.9,1.76
p1_static,64,5,9000000,4.608,111,1,0.3005,0.424,2672463,2564894,107569,2564894,0,8894507,8536496,4553988010,4.554,6.2617,4.3707,107569,0,4.025,4.025,False,99.63,0.01,0.103,0.01,0.07,8761,265.7,0.0,0,False,False,2564195,8534169,4.3695,108268,699,0.026,4.051,2565105,0,0,0,0.0,910,0.034,-211,10040,256,,0,0,0,False,34.0,38.0,41.0,33.9,9.0,60.0,34.0,0,0,51.0,51.0,84.5,3500,0,0,True,False,False,1268.4,408.7,3.104,0.022,0.157,3.489,354.2,1.372
hardcoded,64,5,9000000,4.608,111,1,0.3005,0.422,2620342,2422998,197344,2422998,0,8720079,8063349,4464680498,4.4647,6.1389,4.1284,197344,0,7.531,7.531,False,99.64,0.0,0.09,0.01,0.09,12798,316.5,0.0,0,False,False,2422646,8062178,4.1278,197696,352,0.013,7.545,2423227,0,0,0,0.0,581,0.022,-229,9486,256,,0,0,0,False,37.0,42.0,45.0,36.77,10.0,71.0,37.0,0,0,51.0,51.0,84.7,3495,0,0,True,False,False,1474.4,432.7,3.408,0.03,0.117,3.489,371.1,1.311
template,64,5,9000000,4.608,111,1,0.3003,0.422,2299325,1019697,1279628,1019697,0,7655697,3395123,3919716958,3.9197,5.3896,1.7383,1279628,0,55.652,55.652,False,99.88,0.01,0.0,0.017,0.14,35889,563.7,0.0,0,True,False,1019661,3395003,1.7382,1279664,36,0.002,55.654,1019701,0,0,0,0.0,40,0.002,-4,3991,256,,0,0,0,False,77.0,80.0,93.0,77.1,69.0,122.0,77.0,0,0,52.0,50.0,84.7,3497,0,0,True,False,False,4603.4,1028.8,4.474,0.043,0.16,3.493,742.5,0.763
modular,64,5,9000000,4.608,111,1,0.3003,0.422,2364388,704683,1659705,704683,0,7873764,2346699,4031367339,4.0314,5.5431,1.2015,1659705,0,70.196,70.196,False,99.9,0.0,0.0,0.01,0.31,24531,420.6,0.0,0,True,False,704704,2346769,1.2015,1659684,-21,-0.001,70.195,704675,0,0,0,0.0,-29,-0.001,8,2757,256,,0,0,0,False,127.0,132.0,141.0,126.79,103.0,187.0,127.0,0,0,52.0,50.0,84.9,3496,0,0,True,False,False,6619.7,1488.4,4.448,0.046,0.176,3.493,792.8,0.721
rxonly,64,5,10000000,5.12,100,1,0.3003,0.42,2995520,2995520,0,2995623,2995737,9975475,9975818,5107443598,5.1074,7.0227,5.1076,-103,-103,-0.003,0.0,True,59.24,0.02,33.954,0.0,0.28,7136,153.0,0.0,0,False,False,,,,,,,,,,,,,,,,0,256,,0,0,0,False,,,,,,,,0,0,51.0,50.0,56.0,3500,0,0,True,False,False,440.8,264.8,1.665,0.009,0.213,2.641,0.1,0.451
baseline,64,5,10000000,5.12,100,1,0.3004,0.43,2710502,2682589,27913,2682589,0,9021557,8928652,4619037360,4.619,6.3512,4.5715,27913,0,1.03,1.03,False,61.05,0.01,26.411,0.01,0.0,190692,1115.9,0.0,0,True,False,2677514,8911761,4.5628,32988,5075,0.187,1.217,2682787,0,0,0,0.0,5273,0.195,-198,10480,256,,0,0,0,False,15.0,29.0,37.0,16.5,2.0,61.0,15.0,0,0,51.0,50.0,55.5,3495,0,0,True,False,False,680.5,287.9,2.364,0.029,0.131,2.57,245.7,1.903
p1_static,64,5,10000000,5.12,100,1,0.3005,0.425,2791148,2591925,199223,2591925,0,9289109,8626083,4756024236,4.756,6.5395,4.4166,199223,0,7.138,7.138,False,99.4,0.01,0.206,0.02,0.0,212357,1159.8,0.0,0,True,False,2591344,8624150,4.4156,199804,581,0.021,7.158,2592097,0,0,0,0.0,753,0.027,-172,10147,256,,0,0,0,False,33.0,38.0,41.0,33.31,9.0,76.0,33.0,0,0,51.0,50.0,84.2,3494,0,0,True,False,False,1268.2,403.7,3.141,0.019,0.134,3.483,337.5,1.427
hardcoded,64,5,10000000,5.12,100,1,0.3005,0.422,2680911,2445870,235041,2445870,0,8921719,8139534,4567920480,4.5679,6.2809,4.1674,235041,0,8.767,8.767,False,99.37,0.0,0.203,0.01,0.0,245216,1155.7,0.0,0,True,False,2444415,8134692,4.165,236496,1455,0.054,8.821,2446083,0,0,0,0.0,1668,0.062,-213,9572,256,,0,0,0,False,35.0,41.0,44.0,35.56,9.0,87.0,35.0,0,0,51.0,50.0,84.6,3498,0,0,True,False,False,1474.5,427.8,3.447,0.025,0.122,3.482,348.7,1.392
template,64,5,10000000,5.12,100,1,0.3003,0.423,2564303,1029678,1534625,1029678,0,8538509,3428579,4371716963,4.3717,6.0111,1.7554,1534625,0,59.846,59.846,False,99.89,0.01,0.0,0.01,0.09,49261,593.8,0.0,0,True,False,1029491,3427956,1.7551,1534812,187,0.007,59.853,1029694,0,0,0,0.0,203,0.008,-16,4029,256,,0,0,0,False,78.0,91.0,97.0,80.74,69.0,123.0,78.0,0,0,52.0,51.0,84.9,3498,0,0,True,False,False,4603.3,1018.9,4.518,0.044,0.158,3.493,707.2,0.8
modular,64,5,10000000,5.12,100,1,0.3004,0.42,2578893,704875,1874018,704875,0,8583731,2346145,4394870513,4.3949,6.0429,1.2012,1874018,0,72.668,72.668,False,99.85,0.0,0.0,0.01,0.16,31901,503.8,0.0,0,True,False,704576,2345150,1.2007,1874317,299,0.012,72.679,704921,0,0,0,0.0,345,0.013,-46,2759,256,,0,0,0,False,111.0,116.0,135.0,111.71,105.0,155.0,111.0,0,0,52.0,51.0,85.5,3498,0,0,True,False,False,6620.3,1489.2,4.445,0.059,0.175,3.494,779.4,0.734
rxonly,64,5,11000000,5.632,91,1,0.3004,0.421,3261826,3260768,1058,3260768,3260878,10858981,10855459,5559798742,5.5598,7.6447,5.558,1058,0,0.032,0.032,True,56.23,0.02,35.395,0.003,0.17,17053,201.5,0.0,0,False,False,,,,,,,,,,,,,,,,0,256,,0,0,0,False,,,,,,,,0,0,51.0,50.0,53.8,3500,0,0,True,False,False,438.0,236.1,1.855,0.021,0.167,2.563,0.2,0.354
baseline,64,5,11000000,5.632,91,1,0.3003,0.428,2658931,2630093,28838,2630093,0,8853194,8757175,4532835726,4.5328,6.2326,4.4837,28838,0,1.085,1.085,False,59.99,0.02,26.301,0.003,0.0,1188461,1304.8,0.0,0,True,False,2625816,8742934,4.4764,33115,4277,0.161,1.245,2629959,0,0,0,0.0,4143,0.156,134,10271,256,,0,0,0,False,16.0,30.0,40.0,17.35,3.0,65.0,16.0,0,0,52.0,50.0,54.8,3494,0,0,True,False,False,680.8,291.2,2.338,0.039,0.121,2.55,248.7,1.887
p1_static,64,5,11000000,5.632,91,1,0.3004,0.422,2765951,2568023,197928,2568023,0,9206110,8547333,4713528816,4.7135,6.4811,4.3762,197928,0,7.156,7.156,False,99.85,0.01,0.0,0.013,0.0,1226125,1412.9,0.0,0,True,False,2568000,8547256,4.3762,197951,23,0.001,7.157,2567925,0,0,0,0.0,-75,-0.003,98,10054,256,,0,0,0,False,33.0,37.0,40.0,33.06,22.0,56.0,33.0,0,0,52.0,51.0,84.6,3496,0,0,True,False,False,1267.9,408.6,3.103,0.021,0.153,3.493,338.2,1.427
hardcoded,64,5,11000000,5.632,91,1,0.3005,0.421,2651724,2411507,240217,2411507,0,8824276,8024893,4518029325,4.518,6.2123,4.1087,240217,0,9.059,9.059,False,99.82,0.01,0.0,0.013,0.0,1220179,1399.9,0.0,0,True,False,2411879,8026131,4.1094,239845,-372,-0.014,9.045,2411518,0,0,0,0.0,-361,-0.014,-11,9444,256,,0,0,0,False,35.0,40.0,45.0,35.58,17.0,65.0,35.0,0,0,52.0,51.0,85.1,3495,0,0,True,False,False,1473.9,435.2,3.386,0.017,0.156,3.493,349.1,1.377
template,64,5,11000000,5.632,91,1,0.3004,0.428,2692022,1028750,1663272,1028750,0,8962361,3424945,4588728926,4.5887,6.3095,1.7536,1663272,0,61.785,61.785,False,99.87,0.01,0.0,0.01,0.02,129775,808.5,0.0,0,True,False,1028608,3424472,1.7533,1663414,142,0.005,61.791,1028755,0,0,0,0.0,147,0.005,-5,4025,256,,0,0,0,False,83.0,88.0,95.0,83.38,60.0,114.0,83.0,0,0,52.0,52.0,83.7,3494,0,0,True,False,False,4603.5,1019.9,4.514,0.032,0.159,3.493,701.0,0.805
modular,64,5,11000000,5.632,91,1,0.3003,0.421,2793045,708130,2084915,708130,0,9300098,2357885,4761650614,4.7617,6.5473,1.2072,2084915,0,74.647,74.647,False,99.88,0.01,0.0,0.013,0.06,69931,716.1,0.0,0,True,False,707904,2357132,1.2069,2085141,226,0.008,74.655,708142,0,0,0,0.0,238,0.009,-12,2770,256,,0,0,0,False,122.0,132.0,137.0,123.0,100.0,153.0,122.0,0,0,52.0,52.0,85.1,3496,0,0,True,False,False,6620.0,1481.7,4.468,0.05,0.174,3.494,767.3,0.74
rxonly,64,5,12000000,6.144,83,1,0.3002,0.417,3574366,3569233,5133,3569233,3569316,11905601,11888504,6095668207,6.0957,8.3815,6.0869,5133,0,0.144,0.144,True,57.85,0.01,32.639,0.003,0.14,12038,176.1,0.0,0,False,False,,,,,,,,,,,,,,,,0,256,,0,0,0,False,,,,,,,,0,0,52.0,50.0,55.0,3499,0,0,True,False,False,432.5,214.0,2.021,0.023,0.159,2.544,0.1,0.358
baseline,64,5,12000000,6.144,83,1,0.3005,0.422,2832989,2799069,33920,2799069,0,9428694,9315802,4827491549,4.8275,6.6378,4.7697,33920,0,1.197,1.197,False,61.68,0.01,25.194,0.003,0.0,1308138,1171.9,0.0,0,True,False,2793121,9296006,4.7596,39868,5948,0.21,1.407,2799106,0,0,0,0.0,5985,0.211,-37,10934,256,,0,0,0,False,15.0,29.0,40.0,16.39,3.0,82.0,15.0,0,0,52.0,50.0,57.4,3499,0,0,True,False,False,678.1,278.2,2.438,0.035,0.116,2.591,239.2,1.971
p1_static,64,5,12000000,6.144,83,1,0.3005,0.423,2784510,2617407,167103,2617407,0,9267301,8711155,4744858432,4.7449,6.5242,4.4601,167103,0,6.001,6.001,False,99.64,0.0,0.087,0.007,0.0,2478395,1314.6,0.0,0,True,False,2616384,8707750,4.4584,168126,1023,0.037,6.038,2617586,0,0,0,0.0,1202,0.043,-179,10243,256,,0,0,0,False,34.0,38.0,42.0,34.05,12.0,91.0,34.0,0,0,52.0,52.0,84.8,3498,0,0,True,False,False,1268.0,400.5,3.166,0.017,0.095,3.489,333.1,1.44
hardcoded,64,5,12000000,6.144,83,1,0.3005,0.417,2707551,2445441,262110,2445441,0,9011197,8138850,4613733338,4.6137,6.3439,4.1671,262110,0,9.681,9.681,False,99.6,0.01,0.103,0.01,0.0,2215263,1301.7,0.0,0,True,False,2445099,8137712,4.1665,262452,342,0.013,9.693,2445438,0,0,0,0.0,339,0.013,3,9574,256,,0,0,0,False,35.0,40.0,44.0,35.44,14.0,69.0,35.0,0,0,52.0,52.0,85.6,3496,0,0,True,False,False,1473.9,428.5,3.44,0.02,0.107,3.487,348.6,1.381
template,64,5,12000000,6.144,83,1,0.3004,0.417,2741350,1035267,1706083,1035267,0,9127021,3446807,4673035191,4.673,6.4254,1.7648,1706083,0,62.235,62.235,False,99.88,0.01,0.0,0.01,0.0,513358,1042.5,0.0,0,True,False,1035088,3446211,1.7645,1706262,179,0.007,62.242,1035275,0,0,0,0.0,187,0.007,-8,4050,256,,0,0,0,False,84.0,89.0,97.0,85.06,73.0,107.0,84.0,0,0,52.0,51.0,85.4,3500,0,0,True,False,False,4603.3,1013.6,4.542,0.034,0.158,3.494,681.5,0.826
modular,64,5,12000000,6.144,83,1,0.3003,0.422,2895829,700663,2195166,700663,0,9641798,2332890,4936600644,4.9366,6.7878,1.1944,2195166,0,75.804,75.804,False,99.87,0.02,0.0,0.017,0.01,295080,933.0,0.0,0,True,False,700544,2332494,1.1942,2195285,119,0.004,75.809,700671,0,0,0,0.0,127,0.004,-8,2742,256,,0,0,0,False,124.0,130.0,136.0,124.59,115.0,161.0,124.0,0,0,52.0,51.0,85.0,3494,0,0,True,False,False,6620.0,1497.3,4.421,0.036,0.176,3.493,781.1,0.729
