{"scale_factor": 24, "weights": [0.33056509494781494, 0.273134708404541, 1.3697056770324707, -0.4569780230522156, 1.5832059383392334, 0.05220820754766464, -0.05053373798727989, -0.39235103130340576, -0.03515093773603439, -0.09389783442020416, -0.45150113105773926, 1.107385516166687, 0.4490220844745636, 1.1283355951309204, 0.4921952188014984, 0.31787657737731934, -0.10675032436847687, 0.2638401985168457, 0.7354218363761902, 0.51518714427948, -0.12626634538173676, -0.15531519055366516, 0.29176175594329834, -0.009470744989812374, -0.06411284953355789, 0.007561033125966787, -1.6295459270477295, 0.5930407643318176, 1.936730980873108, 0.2867444157600403, 0.08721429854631424, 0.5786446928977966, 0.3611236810684204, -0.1468593329191208, -0.561927318572998, -2.211498975753784, 0.6998224854469299, -1.6103216409683228, 1.7545697689056396, -0.1470048427581787, 0.7111438512802124, -1.0645482540130615, 0.12777753174304962, 0.3775345981121063, 0.10156780481338501, -0.8089128732681274, 0.07209177315235138, 1.1350624561309814, 0.4571911692619324, 0.018507758155465126, -0.06322840601205826, 0.29370641708374023, 0.5332316160202026, 0.08118312805891037, 0.02556465193629265, 0.6170459389686584, -1.6506794691085815, 0.9098396897315979, -0.28765445947647095, 0.3488372266292572, -0.19309361279010773, -1.3791002035140991, 0.6799235939979553, -4.332265542694319e-39, 0.0638270229101181, 0.1209372878074646, 0.033942073583602905, 0.032877855002880096, 0.8423976898193359, 0.0942312479019165, 0.6577406525611877, 0.003134417114779353, -0.258645623922348, 0.585088312625885, -0.8417540192604065, -0.3604600429534912, -0.019550874829292297, 0.37963005900382996, -0.2656419277191162, -0.25472959876060486, -0.5912785530090332, -2.095133066177368, 0.13134728372097015, -0.4486352801322937, 0.5513508915901184, -0.044550660997629166, 0.05994768068194389, 0.04066765680909157, 0.15949739515781403, 0.8913053274154663, 0.23090465366840363, -0.6458277106285095, -0.13823390007019043, 1.213578462600708, -0.5695721507072449, 0.22153285145759583, -0.35647669434547424, -0.5258198976516724, 0.1701687127351761, -0.5881062746047974, -0.8016736507415771, 0.09842890501022339, -1.5199472904205322, 0.4389299750328064, 0.040080275386571884, 0.23383478820323944, 0.09250381588935852, 0.20249955356121063, -0.6083638072013855, -1.3866885900497437, 0.5947151780128479, 0.22577832639217377, 0.02398001402616501, -0.18511225283145905, 0.24969445168972015, 1.4667571783065796, 0.3178805708885193, 0.011419215239584446, 0.24029669165611267, -0.14231830835342407, -0.41060885787010193, -0.5717760920524597, 0.3743438124656677, 1.1655970811843872, -0.1758531630039215, 0.022969214245676994, -0.09239272028207779, 0.0676305741071701, -3.762917976639146e-39, 0.5119770169258118, -0.6664167642593384, -0.0515180379152298, 1.1647058725357056, 0.6095742583274841, 0.10850461572408676, 0.027700165286660194, 0.38625144958496094, -0.18244516849517822, -0.2697846293449402, -0.5582423210144043, -0.10533255338668823, 1.9379038304623286e-12, -0.20138008892536163, 0.30974793434143066, 0.3908505439758301, -0.3569948971271515, -1.3113346099853516, -0.15650469064712524, 0.3772049844264984, -0.17323468625545502, -0.8334646224975586, -0.37579652667045593, -0.46532031893730164, -0.27430489659309387, -0.20853757858276367, -0.5398092269897461, -0.032889362424612045, 0.3825681507587433, 1.9114493131637573, 0.7785914540290833, -0.5826108455657959, 0.7892459630966187, 0.7362449765205383, -0.3785322606563568, 1.1426661014556885, 1.469862937927246, 0.6435364484786987, -1.7380461692810059, 0.17139120399951935, -0.37074193358421326, -0.3303268849849701, -0.24775312840938568, -0.38310080766677856, 0.45652785897254944, -1.1047714948654175, -0.06975598633289337, -0.6208109855651855, 0.8126227855682373, -0.27439478039741516, -0.5266634821891785, -0.43260788917541504, 0.04173411801457405, 0.3179475963115692, -0.5332813858985901, -0.28740599751472473, 0.1725657433271408, 0.31764477491378784, -0.2836962342262268, 0.38496360182762146, -0.46297866106033325, -0.414239764213562, 0.660944402217865, 0.5527694821357727, 6.432007595398697e-39, -0.2424517124891281, -0.36433643102645874, 1.3015682697296143, 0.2677321434020996, -0.4174458682537079, -0.39687755703926086, -0.0004709205823019147, 0.24542978405952454, -0.555945873260498, 0.28772619366645813, 0.27365565299987793, 0.07248976081609726, 0.21432779729366302, 0.09979074448347092, 0.008764218538999557, -0.2937562167644501, 0.7211316823959351, -0.7564325928688049, 0.7870065569877625, 0.9962158203125, 0.41893112659454346, 0.7746598720550537, 0.6116875410079956, 0.15599121153354645, 0.5448104739189148, -1.1240907907485962, 0.13011516630649567, -0.5509105324745178, -0.19269397854804993, 0.6442509889602661, 0.3371635377407074, 0.21078386902809143, 0.3969949185848236, 0.3818677067756653, 0.6530482769012451, 0.753503143787384, 0.7613574266433716, -0.31262850761413574, -1.0627840757369995, -0.753596842288971, 0.60084468126297, 0.4848785996437073, -0.9527407884597778, 0.2012736201286316, 0.25854256749153137, 0.6116818785667419, -0.2974400222301483, 0.24187329411506653, -0.8136821389198303, -0.12005703896284103, 0.11859650164842606, 0.018050609156489372, -1.6223039627075195, -0.3540192246437073, 0.16685040295124054, 0.551640510559082, -0.012333176098763943, -1.2290290594100952, 0.0932190790772438, -1.5666049718856812, 0.10967704653739929, 0.5349231958389282, -0.40342414379119873, 0.9944234490394592, -9.377577885324621e-38, -0.2948761582374573, -1.5190123319625854, -0.6290150880813599, 0.033471979200839996, 0.4820210933685303, 2.1448869705200195, 1.347082257270813, 0.32745233178138733, -2.911040782928467, 5.097916126251221, -3.4337260723114014, 0.8784009218215942, 0.3872162997722626, 2.058577537536621, 1.9316685199737549, -1.2640186548233032, 2.525099515914917, -1.1071381568908691, 0.3786861002445221, 4.012581825256348, 1.6668784618377686, 0.2663536071777344, -0.10273532569408417, -0.8266541957855225, 0.48824310302734375, 1.5573006868362427, -0.2568321228027344, 2.25158953666687, -3.4347939491271973, -2.90055513381958, 0.6615704894065857, 1.8566381931304932, 0.11910275369882584, 0.4099435806274414, 2.131290912628174, -2.0366947650909424, 1.5395468473434448, 1.8858311176300049, -5.055886268615723, -0.23480695486068726, 1.772762656211853, -0.9367353916168213, 2.7034597396850586, -1.9713066816329956, -1.3756223917007446, 0.39089542627334595, -0.33325502276420593, 0.32023563981056213, 1.1183377504348755, -0.22632527351379395, -0.19102171063423157, -0.16449901461601257, -0.5488818883895874, -0.9154657125473022, -0.4980388283729553, -2.3564798831939697, 0.7419077157974243, 3.1293978691101074, 0.7479243278503418, -0.7495919466018677]}