method,frame,round,rate_requested_pps,bitrate_requested_gbps,delay_ns,gen_threads,duration_s,point_wall_s,packets_sent,packets_accepted_by_veth,rejected_by_ingress_queue,packets_received_by_xdp,tail_call_miss,sent_pps,rx_pps,bitrate_sent_bps,bitrate_sent_gbps,bitrate_sent_l1_gbps,rx_gbps,loss_before_xdp,lost_between_veth_and_xdp,loss_before_xdp_pct,rejected_pct,reference,napi_run_pct,napi_wait_pct,napi_sleeps_per_ms,napi_preempt_per_ms,gen_spin_per_sent,gen_resets,gen_late_mean_ns,gen_gap_pct,gen_calls,gen_limited,gen_burst,packets_forwarded,forwarded_pps,forwarded_gbps,packets_lost,loss_in_pipeline,loss_in_pipeline_pct,loss_total_pct,pipeline_hit,pipeline_miss,pipeline_drop,not_forwarded_by_decision,decision_pct,loss_after_xdp,loss_after_xdp_pct,unaccounted_in_pipeline,e2e_samples,e2e_sample_every,e2e_spin_correction_us,e2e_over_range,e2e_negative,e2e_no_stamp,e2e_percentile_clipped,e2e_latency_p50_us,e2e_latency_p90_us,e2e_latency_p99_us,e2e_latency_mean_us,e2e_latency_min_us,e2e_latency_max_us,e2e_latency_p50_raw_us,host_throttle_core,host_throttle_pkg,host_pkg_temp_c,host_dut_temp_c,host_dut_busy_pct,host_dut_mhz,host_smi,host_powerclamp,host_on_ac,host_off_target,host_disturbed
rxonly,64,1,500000,0.256,2000,1,0.3002,0.422,150113,150104,9,150104,150104,500020,499990,256010336,0.256,0.352,0.256,9,0,0.006,0.006,True,18.15,0.01,71.809,0.0,35.77,0,72.4,0.0,0,False,False,,,,,,,,,,,,,,,,0,8,,0,0,0,False,,,,,,,,0,0,58.0,56.0,26.3,3499,0,0,True,False,False
baseline,64,1,500000,0.256,2000,1,0.3003,0.425,150171,150131,40,150131,0,500055,499922,256028582,0.256,0.352,0.256,40,0,0.027,0.027,False,13.62,0.02,69.206,0.0,34.46,0,80.9,0.0,0,False,False,150162,500025,0.256,9,-31,-0.021,0.006,150131,0,0,0,0.0,-31,-0.021,0,18796,8,,0,0,0,False,17.0,22.0,25.0,16.6,4.0,50.0,17.0,0,0,58.0,56.0,22.5,3497,0,0,True,False,False
p1_static,64,1,500000,0.256,2000,1,0.3003,0.423,150127,150127,0,150137,0,500000,500033,256000261,0.256,0.352,0.256,-10,-10,-0.007,0.0,False,16.26,0.02,69.025,0.0,34.35,0,79.8,0.0,0,False,False,150125,499993,0.256,2,12,0.008,0.001,150138,0,0,0,0.0,13,0.009,-1,18789,8,,0,0,0,False,17.0,22.0,25.0,17.44,8.0,44.0,17.0,0,0,58.0,57.0,25.5,3497,0,0,True,False,False
hardcoded,64,1,500000,0.256,2000,1,0.3002,0.422,150122,150122,0,150123,0,500012,500016,256006488,0.256,0.352,0.256,-1,-1,-0.001,0.0,False,16.63,0.02,68.426,0.0,34.05,1,82.5,0.0,0,False,False,150114,499986,0.256,8,9,0.006,0.005,150118,0,0,0,0.0,4,0.003,5,18785,8,,0,0,0,False,17.0,22.0,25.0,17.39,7.0,45.0,17.0,0,0,58.0,57.0,25.6,3492,0,0,True,False,False
template,64,1,500000,0.256,2000,1,0.3003,0.422,150136,150123,13,150123,0,500024,499981,256012778,0.256,0.352,0.256,13,0,0.009,0.009,False,25.21,0.02,68.418,0.0,34.06,0,79.4,0.0,0,False,False,150123,499981,0.256,13,0,0.0,0.009,150123,0,0,0,0.0,0,0.0,0,18789,8,,0,0,0,False,19.0,24.0,26.0,18.68,7.0,60.0,19.0,0,0,59.0,57.0,33.0,3500,0,0,True,False,False
modular,64,1,500000,0.256,2000,1,0.3003,0.416,150131,150131,0,150141,0,499991,500024,255995706,0.256,0.352,0.256,-10,-10,-0.007,0.0,False,32.0,0.03,69.352,0.0,34.63,0,81.3,0.0,0,False,False,150129,499984,0.256,2,12,0.008,0.001,150138,0,0,0,0.0,9,0.006,3,18787,8,,0,0,0,False,20.0,25.0,29.0,19.51,8.0,48.0,20.0,0,0,59.0,57.0,39.5,3500,0,0,True,False,False
rxonly,64,1,1000000,0.512,1000,1,0.3002,0.425,300176,300174,2,300174,300164,1000037,1000031,512019425,0.512,0.704,0.512,2,0,0.001,0.001,True,32.7,0.01,60.314,0.0,14.44,0,92.0,0.0,0,False,False,,,,,,,,,,,,,,,,0,16,,0,0,0,False,,,,,,,,0,0,58.0,57.0,36.8,3501,0,0,True,False,False
baseline,64,1,1000000,0.512,1000,1,0.3002,0.426,300204,300197,7,300197,0,1000022,999999,512011673,0.512,0.704,0.512,7,0,0.002,0.002,False,15.84,0.03,57.059,0.0,13.62,0,96.0,0.0,0,False,False,300208,1000036,0.512,-4,-11,-0.004,-0.001,300197,0,0,0,0.0,-11,-0.004,0,18780,16,,0,0,0,False,20.0,25.0,29.0,20.49,10.0,50.0,20.0,0,0,58.0,57.0,23.2,3497,0,0,True,False,False
p1_static,64,1,1000000,0.512,1000,1,0.3003,0.429,300330,300314,16,300314,0,1000014,999961,512007614,0.512,0.704,0.512,16,0,0.005,0.005,False,20.74,0.02,58.403,0.0,13.96,1,93.0,0.0,0,False,False,300322,999988,0.512,8,-8,-0.003,0.003,300331,0,0,0,0.0,9,0.003,-17,18800,16,,0,0,0,False,21.0,26.0,30.0,20.98,8.0,49.0,21.0,0,0,58.0,57.0,27.1,3495,0,0,True,False,False
hardcoded,64,1,1000000,0.512,1000,1,0.3005,0.428,300399,300399,0,300624,0,999724,1000473,511859136,0.5119,0.7038,0.5122,-225,-225,-0.075,0.0,False,20.37,0.01,57.674,0.0,13.76,0,90.7,0.0,0,False,False,300396,999714,0.5119,3,228,0.076,0.001,300631,0,0,0,0.0,235,0.078,-7,18817,16,,0,0,0,False,18.0,25.0,28.0,18.31,8.0,42.0,18.0,0,0,65.0,57.0,25.0,3498,0,0,True,False,False
template,64,1,1000000,0.512,1000,1,0.3005,0.425,300476,300407,69,300407,0,1000086,999856,512044278,0.512,0.7041,0.5119,69,0,0.023,0.023,False,36.98,0.01,58.289,0.0,13.94,1,89.1,0.0,0,False,False,300454,1000013,0.512,22,-47,-0.016,0.007,300423,0,0,0,0.0,-31,-0.01,-16,18814,16,,0,0,0,False,22.0,32.0,37.0,22.56,10.0,78.0,22.0,0,0,63.0,63.0,38.2,3500,0,0,True,False,False
modular,64,1,1000000,0.512,1000,1,0.3002,0.425,300291,300105,186,300105,0,1000256,999637,512131369,0.5121,0.7042,0.5118,186,0,0.062,0.062,False,50.32,0.01,43.086,0.0,14.25,0,82.2,0.0,0,False,False,300255,1000136,0.5121,36,-150,-0.05,0.012,300088,0,0,0,0.0,-167,-0.056,17,18785,16,,0,0,0,False,27.0,39.0,45.0,28.22,11.0,73.0,27.0,0,0,58.0,63.0,49.2,3502,0,0,True,False,False
rxonly,64,1,1500000,0.768,667,1,0.3002,0.427,450076,450076,0,450173,450175,1499016,1499339,767496327,0.7675,1.0553,0.7677,-97,-97,-0.022,0.0,True,45.07,0.01,52.164,0.0,7.91,3,104.6,0.0,0,False,False,,,,,,,,,,,,,,,,0,32,,0,0,0,False,,,,,,,,0,0,58.0,56.0,46.8,3495,0,0,True,False,False
baseline,64,1,1500000,0.768,667,1,0.3002,0.425,450131,450080,51,450080,0,1499237,1499067,767609696,0.7676,1.0555,0.7675,51,0,0.011,0.011,False,17.47,0.01,47.086,0.0,7.04,4,111.5,0.0,0,False,False,450116,1499187,0.7676,15,-36,-0.008,0.003,450081,0,0,0,0.0,-35,-0.008,-1,14082,32,,0,0,0,False,25.0,30.0,34.0,24.98,13.0,53.0,25.0,0,0,58.0,56.0,23.0,3501,0,0,True,False,False
p1_static,64,1,1500000,0.768,667,1,0.3003,0.429,450311,450251,60,450251,0,1499468,1499268,767727868,0.7677,1.0556,0.7676,60,0,0.013,0.013,False,24.43,0.01,48.586,0.0,7.3,2,107.0,0.0,0,False,False,450318,1499491,0.7677,-7,-67,-0.015,-0.002,450192,0,0,0,0.0,-126,-0.028,59,14094,32,,0,0,0,False,26.0,31.0,34.0,26.25,9.0,51.0,26.0,0,0,58.0,56.0,28.6,3493,0,0,True,False,False
hardcoded,64,1,1500000,0.768,667,1,0.3002,0.422,450110,449976,134,449976,0,1499381,1498935,767683287,0.7677,1.0556,0.7675,134,0,0.03,0.03,False,25.62,0.01,47.849,0.0,7.18,2,109.3,0.0,0,False,False,450085,1499298,0.7676,25,-109,-0.024,0.006,449969,0,0,0,0.0,-116,-0.026,7,14080,32,,0,0,0,False,27.0,32.0,35.0,26.94,10.0,55.0,27.0,0,0,58.0,56.0,29.8,3502,0,0,True,False,False
template,64,1,1500000,0.768,667,1,0.3003,0.42,450261,450128,133,450128,0,1499137,1498695,767558601,0.7676,1.0554,0.7673,133,0,0.03,0.03,False,47.29,0.01,24.778,0.0,7.74,3,98.7,0.0,0,False,False,450202,1498941,0.7675,59,-74,-0.016,0.013,450158,0,0,0,0.0,-44,-0.01,-30,14093,32,,0,0,0,False,40.0,55.0,60.0,40.01,12.0,80.0,40.0,0,0,58.0,56.0,44.5,3500,0,0,True,False,False
modular,64,1,1500000,0.768,667,1,0.3002,0.422,450081,450006,75,450006,0,1499126,1498876,767552552,0.7676,1.0554,0.7674,75,0,0.017,0.017,False,67.49,0.01,19.718,0.007,8.47,3,88.7,0.0,0,False,False,450121,1499259,0.7676,-40,-115,-0.026,-0.009,450001,0,0,0,0.0,-120,-0.027,5,14081,32,,0,0,0,False,39.0,58.0,65.0,39.73,12.0,86.0,39.0,0,0,58.0,56.0,60.6,3441,0,0,True,False,False
rxonly,64,1,2000000,1.024,500,1,0.3002,0.433,600371,600285,86,600285,600264,1999770,1999484,1023882703,1.0239,1.4078,1.0237,86,0,0.014,0.014,True,54.64,0.01,45.46,0.0,4.82,5,119.9,0.0,0,False,False,,,,,,,,,,,,,,,,0,32,,0,0,0,False,,,,,,,,0,0,58.0,56.0,52.8,3498,0,0,True,False,False
baseline,64,1,2000000,1.024,500,1,0.3003,0.432,600473,600422,51,600422,0,1999856,1999686,1023926352,1.0239,1.4079,1.0238,51,0,0.008,0.008,False,20.43,0.01,42.35,0.0,4.42,4,120.6,0.0,0,False,False,600457,1999802,1.0239,16,-35,-0.006,0.003,600468,0,0,0,0.0,11,0.002,-46,18787,32,,0,0,0,False,28.0,34.0,37.0,28.41,11.0,55.0,28.0,0,0,57.0,56.0,24.0,3501,0,0,True,False,False
p1_static,64,1,2000000,1.024,500,1,0.3003,0.418,600651,600648,3,600648,0,1999867,1999857,1023932004,1.0239,1.4079,1.0239,3,0,0.0,0.0,False,27.65,0.01,32.836,0.0,4.61,3,110.0,0.0,0,False,False,600663,1999907,1.024,-12,-15,-0.002,-0.002,600713,0,0,0,0.0,50,0.008,-65,18805,32,,0,0,0,False,35.0,45.0,48.0,35.16,10.0,63.0,35.0,0,0,58.0,56.0,29.0,3495,0,0,True,False,False
hardcoded,64,1,2000000,1.024,500,1,0.3005,0.423,600892,600892,0,600996,0,1999765,2000111,1023879995,1.0239,1.4078,1.0241,-104,-104,-0.017,0.0,False,29.3,0.01,28.398,0.0,4.84,4,112.0,0.0,0,False,False,600882,1999732,1.0239,10,114,0.019,0.002,601060,0,0,0,0.0,178,0.03,-64,18822,32,,0,0,0,False,33.0,44.0,47.0,33.4,8.0,62.0,33.0,0,0,58.0,56.0,29.4,3496,0,0,True,False,False
template,64,1,2000000,1.024,500,1,0.3004,0.421,600725,600725,0,600747,0,2000069,2000142,1024035463,1.024,1.408,1.0241,-22,-22,-0.004,0.0,False,61.71,0.0,16.218,0.0,4.74,2,109.9,0.0,0,False,False,600693,1999962,1.024,32,54,0.009,0.005,600700,0,0,0,0.0,7,0.001,47,18800,32,,0,0,0,False,39.0,52.0,59.0,38.42,10.0,68.0,39.0,0,0,58.0,56.0,54.9,3500,0,0,True,False,False
modular,64,1,2000000,1.024,500,1,0.3002,0.429,600612,600108,504,600108,0,2000805,1999126,1024412217,1.0244,1.4086,1.0236,504,0,0.084,0.084,False,86.29,0.0,8.455,0.003,5.0,1,100.3,0.0,0,False,False,600534,2000545,1.0243,78,-426,-0.071,0.013,600079,0,0,0,0.0,-455,-0.076,29,18786,32,,0,0,0,False,35.0,52.0,62.0,35.74,10.0,84.0,35.0,0,0,58.0,56.0,73.6,3501,0,0,True,False,False
rxonly,64,1,2500000,1.28,400,1,0.3002,0.426,750560,750481,79,750481,750481,2499961,2499698,1279980430,1.28,1.76,1.2798,79,0,0.011,0.011,True,58.93,0.01,43.32,0.0,3.44,3,121.0,0.0,0,False,False,,,,,,,,,,,,,,,,0,64,,0,0,0,False,,,,,,,,0,0,57.0,56.0,56.6,3498,0,0,True,False,False
baseline,64,1,2500000,1.28,400,1,0.3003,0.427,750628,750584,44,750584,0,2499818,2499671,1279906870,1.2799,1.7599,1.2798,44,0,0.006,0.006,False,23.2,0.01,41.952,0.0,3.3,6,118.7,0.0,0,False,False,750548,2499551,1.2798,80,36,0.005,0.011,750577,0,0,0,0.0,29,0.004,7,11744,64,,0,0,0,False,27.0,37.0,42.0,27.7,7.0,57.0,27.0,0,0,57.0,56.0,27.0,3493,0,0,True,False,False
p1_static,64,1,2500000,1.28,400,1,0.3003,0.423,750822,750692,130,750692,0,2499984,2499551,1279991961,1.28,1.76,1.2798,130,0,0.017,0.017,False,32.55,0.0,23.065,0.0,3.27,4,111.2,0.0,0,False,False,750843,2500054,1.28,-21,-151,-0.02,-0.003,750742,0,0,0,0.0,-101,-0.013,-50,11753,64,,0,0,0,False,38.0,47.0,50.0,37.66,10.0,66.0,38.0,0,0,57.0,56.0,31.5,3494,0,0,True,False,False
hardcoded,64,1,2500000,1.28,400,1,0.3003,0.425,750813,750551,262,750551,0,2500315,2499442,1280161492,1.2802,1.7602,1.2797,262,0,0.035,0.035,False,33.86,0.01,21.4,0.0,3.2,3,117.1,0.0,0,False,False,750757,2500128,1.2801,56,-206,-0.027,0.007,750610,0,0,0,0.0,-147,-0.02,-59,11749,64,,0,0,0,False,40.0,48.0,51.0,39.41,13.0,66.0,40.0,0,0,57.0,56.0,32.7,3497,0,0,True,False,False
template,64,1,2500000,1.28,400,1,0.3003,0.426,750615,750569,46,750569,0,2499801,2499647,1279898133,1.2799,1.7599,1.2798,46,0,0.006,0.006,False,74.55,0.01,14.637,0.003,3.4,4,111.2,0.0,0,False,False,750597,2499741,1.2799,18,-28,-0.004,0.002,750579,0,0,0,0.0,-18,-0.002,-10,11742,64,,0,0,0,False,31.0,46.0,54.0,31.7,8.0,63.0,31.0,0,0,57.0,56.0,65.3,3500,0,0,True,False,False
modular,64,1,2500000,1.28,400,1,0.3003,0.43,750602,694777,55825,694777,0,2499735,2313821,1279864628,1.2799,1.7598,1.1847,55825,0,7.437,7.437,False,99.91,0.0,0.0,0.01,3.55,2,135.0,0.0,0,False,False,694784,2313844,1.1847,55818,-7,-0.001,7.436,694773,0,0,0,0.0,-11,-0.001,4,10874,64,,0,0,0,False,124.0,136.0,143.0,125.28,105.0,163.0,124.0,0,0,58.0,56.0,83.4,3495,0,0,True,False,False
rxonly,64,1,3000000,1.536,333,1,0.3002,0.426,901552,901552,0,901629,901602,3002675,3002931,1537369824,1.5374,2.1139,1.5375,-77,-77,-0.009,0.0,True,58.88,0.01,43.191,0.003,2.68,7,120.7,0.0,0,False,False,,,,,,,,,,,,,,,,0,64,,0,0,0,False,,,,,,,,0,0,57.0,55.0,56.6,3502,0,0,True,False,False
baseline,64,1,3000000,1.536,333,1,0.3003,0.426,901652,901548,104,901548,0,3002933,3002587,1537502137,1.5375,2.1141,1.5373,104,0,0.012,0.012,False,26.48,0.01,38.94,0.0,2.32,3,121.8,0.0,0,False,False,901585,3002710,1.5374,67,-37,-0.004,0.007,901508,0,0,0,0.0,-77,-0.009,40,14107,64,,0,0,0,False,27.0,35.0,40.0,26.94,6.0,53.0,27.0,0,0,57.0,55.0,29.0,3499,0,0,True,False,False
p1_static,64,1,3000000,1.536,333,1,0.3004,0.419,901877,901877,0,901938,0,3002325,3002528,1537190464,1.5372,2.1136,1.5373,-61,-61,-0.007,0.0,False,37.93,0.01,21.708,0.003,2.42,7,111.2,0.0,0,False,False,901878,3002328,1.5372,-1,60,0.007,-0.0,901901,0,0,0,0.0,23,0.003,37,14120,64,,0,0,0,False,36.0,45.0,49.0,35.82,10.0,61.0,36.0,0,0,57.0,56.0,36.1,3499,0,0,True,False,False
hardcoded,64,1,3000000,1.536,333,1,0.3003,0.423,901808,901599,209,901599,0,3002978,3002283,1537525229,1.5375,2.1141,1.5372,209,0,0.023,0.023,False,39.69,0.01,21.142,0.0,2.49,4,108.9,0.0,0,False,False,901737,3002742,1.5374,71,-138,-0.015,0.008,901535,0,0,0,0.0,-202,-0.022,64,14111,64,,0,0,0,False,36.0,44.0,48.0,35.45,12.0,56.0,36.0,0,0,57.0,56.0,37.5,3498,0,0,True,False,False
template,64,1,3000000,1.536,333,1,0.3003,0.428,901770,901594,176,901594,0,3003166,3002579,1537621029,1.5376,2.1142,1.5373,176,0,0.02,0.02,False,88.03,0.0,7.29,0.007,2.24,3,114.2,0.0,0,False,False,901748,3003092,1.5376,22,-154,-0.017,0.002,901665,0,0,0,0.0,-83,-0.009,-71,14110,64,,0,0,0,False,28.0,42.0,51.0,28.85,8.0,62.0,28.0,0,0,57.0,56.0,75.5,3498,0,0,True,False,False
modular,64,1,3000000,1.536,333,1,0.3003,0.428,901629,699597,202032,699597,0,3002646,2329830,1537355016,1.5374,2.1139,1.1929,202032,0,22.407,22.407,False,99.91,0.0,0.0,0.01,2.68,104,259.0,0.0,0,False,False,699616,2329893,1.1929,202013,-19,-0.002,22.405,699589,0,0,0,0.0,-27,-0.003,8,10949,64,,0,0,0,False,123.0,129.0,136.0,122.1,100.0,179.0,123.0,0,0,57.0,56.0,83.8,3499,0,0,True,False,False
rxonly,64,1,3500000,1.792,286,1,0.3002,0.42,1049295,1049295,0,1049399,1049377,3495321,3495667,1789604586,1.7896,2.4607,1.7898,-104,-104,-0.01,0.0,True,64.28,0.01,41.362,0.01,2.04,12,116.4,0.0,0,False,False,,,,,,,,,,,,,,,,0,64,,0,0,0,False,,,,,,,,0,0,57.0,55.0,62.4,3497,0,0,True,False,False
baseline,64,1,3500000,1.792,286,1,0.3003,0.42,1049790,1049790,0,1049922,0,3496099,3496539,1790002903,1.79,2.4613,1.7902,-132,-132,-0.013,0.0,False,29.81,0.01,40.373,0.003,1.96,9,112.2,0.0,0,False,False,1049738,3495926,1.7899,52,184,0.018,0.005,1049926,0,0,0,0.0,188,0.018,-4,16424,64,,0,0,0,False,26.0,35.0,39.0,25.91,7.0,53.0,26.0,0,0,57.0,55.0,32.4,3500,0,0,True,False,False
p1_static,64,1,3500000,1.792,286,1,0.3004,0.425,1050010,1050010,0,1050039,0,3495801,3495898,1789850556,1.7899,2.461,1.7899,-29,-29,-0.003,0.0,False,43.03,0.01,20.166,0.0,1.81,8,113.4,0.0,0,False,False,1049935,3495552,1.7897,75,104,0.01,0.007,1050174,0,0,0,0.0,239,0.023,-135,16435,64,,0,0,0,False,35.0,44.0,48.0,35.04,7.0,58.0,35.0,0,0,57.0,55.0,40.0,3499,0,0,True,False,False
hardcoded,64,1,3500000,1.792,286,1,0.3003,0.421,1049940,1049737,203,1049737,0,3496423,3495747,1790168899,1.7902,2.4615,1.7898,203,0,0.019,0.019,False,46.51,0.0,20.014,0.0,1.74,6,115.3,0.0,0,False,False,1049874,3496203,1.7901,66,-137,-0.013,0.006,1049713,0,0,0,0.0,-161,-0.015,24,16430,64,,0,0,0,False,35.0,44.0,48.0,34.54,8.0,65.0,35.0,0,0,57.0,55.0,43.1,3497,0,0,True,False,False
template,64,1,3500000,1.792,286,1,0.3003,0.426,1049487,1043449,6038,1043449,0,3494850,3474743,1789363349,1.7894,2.4604,1.7791,6038,0,0.575,0.575,False,99.9,0.0,0.0,0.017,1.81,35,111.1,0.0,0,False,False,1043296,3474233,1.7788,6191,153,0.015,0.59,1043478,0,0,0,0.0,182,0.017,-29,16326,64,,0,0,0,False,76.0,88.0,94.0,59.58,13.0,115.0,76.0,0,0,57.0,56.0,84.1,3498,0,0,True,False,False
modular,64,1,3500000,1.792,286,1,0.3003,0.427,1044814,676080,368734,676080,0,3479553,2251555,1781531634,1.7815,2.4496,1.1528,368734,0,35.292,35.292,False,99.91,0.0,0.0,0.01,2.29,3873,468.9,0.0,0,False,False,676096,2251608,1.1528,368718,-16,-0.002,35.29,676082,0,0,0,0.0,-14,-0.001,-2,10581,64,,0,0,0,False,125.0,133.0,140.0,125.91,113.0,158.0,125.0,0,0,57.0,56.0,83.9,3499,0,0,True,False,False
rxonly,64,1,4000000,2.048,250,1,0.3003,0.423,1201095,1201095,0,1201307,1201302,3999365,4000071,2047675391,2.0477,2.8156,2.048,-212,-212,-0.018,0.0,True,62.65,0.01,41.985,0.003,1.69,14,114.2,0.0,0,False,False,,,,,,,,,,,,,,,,0,64,,0,0,0,False,,,,,,,,0,0,57.0,55.0,60.2,3498,0,0,True,False,False
baseline,64,1,4000000,2.048,250,1,0.3003,0.419,1201221,1201042,179,1201042,0,3999776,3999180,2047885438,2.0479,2.8158,2.0476,179,0,0.015,0.015,False,33.17,0.02,36.018,0.003,1.31,20,116.3,0.0,0,False,False,1201157,3999563,2.0478,64,-115,-0.01,0.005,1201029,0,0,0,0.0,-128,-0.011,13,18798,64,,0,0,0,False,26.0,33.0,37.0,25.41,7.0,53.0,26.0,0,0,57.0,55.0,34.5,3502,0,0,True,False,False
p1_static,64,1,4000000,2.048,250,1,0.3005,0.421,1201258,1201258,0,1202206,0,3997798,4000953,2046872890,2.0469,2.8145,2.0485,-948,-948,-0.079,0.0,False,48.31,0.01,22.151,0.0,1.37,11,108.9,0.0,0,False,False,1201214,3997652,2.0468,44,992,0.083,0.004,1202281,0,0,0,0.0,1067,0.089,-75,18813,64,,0,0,0,False,32.0,41.0,46.0,31.33,6.0,55.0,32.0,0,0,57.0,55.0,44.6,3497,0,0,True,False,False
hardcoded,64,1,4000000,2.048,250,1,0.3004,0.424,1201199,1201199,0,1201721,0,3998506,4000243,2047235135,2.0472,2.8149,2.0481,-522,-522,-0.043,0.0,False,51.95,0.01,21.404,0.0,1.54,13,103.2,0.0,0,False,False,1201151,3998346,2.0472,48,570,0.047,0.004,1201732,0,0,0,0.0,581,0.048,-11,18806,64,,0,0,0,False,30.0,39.0,44.0,29.56,5.0,55.0,30.0,0,0,57.0,55.0,47.5,3499,0,0,True,False,False
template,64,1,4000000,2.048,250,1,0.3003,0.423,1196211,1045928,150283,1045928,0,3983755,3483265,2039682608,2.0397,2.8046,1.7834,150283,0,12.563,12.563,False,99.91,0.0,0.0,0.013,1.53,2023,235.6,0.0,0,False,False,1045760,3482706,1.7831,150451,168,0.014,12.577,1045933,0,0,0,0.0,173,0.014,-5,16366,64,,0,0,0,False,82.0,88.0,95.0,81.92,64.0,115.0,82.0,0,0,57.0,56.0,84.7,3494,0,0,True,False,False
modular,64,1,4000000,2.048,250,1,0.3003,0.423,1178677,680221,498456,680221,0,3925154,2265228,2009679357,2.0097,2.7633,1.1598,498456,0,42.289,42.289,False,99.9,0.0,0.0,0.01,1.87,7670,446.0,0.0,0,False,False,680202,2265165,1.1598,498475,19,0.002,42.291,680216,0,0,0,0.0,14,0.001,5,10646,64,,0,0,0,False,130.0,136.0,142.0,130.05,108.0,165.0,130.0,0,0,57.0,56.0,84.7,3498,0,0,True,False,False
rxonly,64,1,5000000,2.56,200,1,0.3002,0.419,1500890,1500852,38,1500852,1500817,4999017,4998890,2559496952,2.5595,3.5193,2.5594,38,0,0.003,0.003,True,65.02,0.01,34.739,0.0,1.24,39,105.3,0.0,0,False,False,,,,,,,,,,,,,,,,0,128,,0,0,0,False,,,,,,,,0,0,57.0,55.0,61.6,3499,0,0,True,False,False
baseline,64,1,5000000,2.56,200,1,0.3003,0.423,1501320,1501260,60,1501260,0,4999348,4999149,2559666619,2.5597,3.5195,2.5596,60,0,0.004,0.004,False,40.62,0.01,35.887,0.0,0.84,31,113.1,0.0,0,False,False,1501283,4999225,2.5596,37,-23,-0.002,0.002,1501352,0,0,0,0.0,69,0.005,-92,11744,128,,0,0,0,False,22.0,28.0,32.0,22.4,6.0,41.0,22.0,0,0,57.0,55.0,40.5,3399,0,0,True,False,False
p1_static,64,1,5000000,2.56,200,1,0.3004,0.427,1501752,1501325,427,1501325,0,4999750,4998328,2559872240,2.5599,3.5198,2.5591,427,0,0.028,0.028,False,61.32,0.01,23.415,0.003,0.92,12,108.7,0.0,0,False,False,1501748,4999737,2.5599,4,-423,-0.028,0.0,1501358,0,0,0,0.0,-390,-0.026,-33,11752,128,,0,0,0,False,24.0,36.0,42.0,24.39,4.0,54.0,24.0,0,0,57.0,55.0,55.9,3395,0,0,True,False,False
hardcoded,64,1,5000000,2.56,200,1,0.3003,0.43,1501109,1500776,333,1500776,0,4998469,4997360,2559216235,2.5592,3.5189,2.5586,333,0,0.022,0.022,False,65.67,0.01,22.393,0.007,0.95,20,102.0,0.0,0,False,False,1500972,4998013,2.559,137,-196,-0.013,0.009,1500785,0,0,0,0.0,-187,-0.012,-9,11745,128,,0,0,0,False,22.0,35.0,42.0,22.96,4.0,55.0,22.0,0,0,57.0,55.0,58.8,3395,0,0,True,False,False
template,64,1,5000000,2.56,200,1,0.3003,0.421,1443345,1021238,422107,1021238,0,4806677,3400962,2461018916,2.461,3.3839,1.7413,422107,0,29.245,29.245,False,99.91,0.0,0.0,0.013,1.19,9075,361.1,0.0,0,False,False,1021248,3400995,1.7413,422097,-10,-0.001,29.244,1021229,0,0,0,0.0,-19,-0.001,9,7990,128,,0,0,0,False,86.0,92.0,97.0,84.24,63.0,108.0,86.0,0,0,57.0,56.0,85.1,3429,0,0,True,False,False
modular,64,1,5000000,2.56,200,1,0.3003,0.425,1420321,690090,730231,690090,0,4730038,2298179,2421779748,2.4218,3.3299,1.1767,730231,0,51.413,51.413,False,99.9,0.01,0.0,0.013,1.44,11490,429.0,0.0,0,True,False,690112,2298252,1.1767,730209,-22,-0.002,51.412,690086,0,0,0,0.0,-26,-0.002,4,5400,128,,0,0,0,False,122.0,129.0,135.0,123.3,113.0,164.0,122.0,0,0,57.0,56.0,84.3,3499,0,0,True,False,False
rxonly,64,1,6000000,3.072,167,1,0.3003,0.422,1797253,1797253,0,1797315,1797371,5985807,5986014,3064733462,3.0647,4.214,3.0648,-62,-62,-0.003,0.0,True,62.36,0.01,36.869,0.007,0.96,101,106.0,0.0,0,False,False,,,,,,,,,,,,,,,,0,128,,0,0,0,False,,,,,,,,0,0,57.0,55.0,59.3,3498,0,0,True,False,False
baseline,64,1,6000000,3.072,167,1,0.3002,0.422,1797091,1796807,284,1796807,0,5986585,5985639,3065131915,3.0651,4.2146,3.0646,284,0,0.016,0.016,False,45.71,0.01,36.221,0.003,0.56,82,115.9,0.0,0,False,False,1797053,5986459,3.0651,38,-246,-0.014,0.002,1796895,0,0,0,0.0,-158,-0.009,-88,14053,128,,0,0,0,False,20.0,26.0,30.0,20.46,5.0,51.0,20.0,0,0,57.0,55.0,44.9,3499,0,0,True,False,False
p1_static,64,1,6000000,3.072,167,1,0.3003,0.43,1797566,1797566,0,1797840,0,5985424,5986336,3064537116,3.0645,4.2137,3.065,-274,-274,-0.015,0.0,False,71.28,0.0,18.157,0.0,0.65,26,106.6,0.0,0,False,False,1797464,5985084,3.0644,102,376,0.021,0.006,1797913,0,0,0,0.0,449,0.025,-73,14066,128,,0,0,0,False,19.0,32.0,38.0,19.95,4.0,44.0,19.0,0,0,57.0,56.0,62.9,3500,0,0,True,False,False
hardcoded,64,1,6000000,3.072,167,1,0.3004,0.433,1797651,1797651,0,1797789,0,5984571,5985031,3064100806,3.0641,4.2131,3.0643,-138,-138,-0.008,0.0,False,77.72,0.0,14.075,0.0,0.64,99,109.3,0.0,0,False,False,1797621,5984472,3.064,30,168,0.009,0.002,1797898,0,0,0,0.0,277,0.015,-109,14069,128,,0,0,0,False,19.0,32.0,39.0,19.92,4.0,50.0,19.0,0,0,57.0,56.0,66.9,3499,0,0,True,False,False
template,64,1,6000000,3.072,167,1,0.3003,0.417,1673350,1014658,658692,1014658,0,5571955,3378629,2852841228,2.8528,3.9227,1.7299,658692,0,39.364,39.364,False,100.23,0.01,0.0,0.013,0.77,12592,407.0,0.0,0,True,False,1014528,3378196,1.7296,658822,130,0.008,39.371,1014664,0,0,0,0.0,136,0.008,-6,7939,128,,0,0,0,False,87.0,93.0,98.0,86.48,70.0,119.0,87.0,0,0,57.0,55.0,85.7,3468,0,0,True,False,False
modular,64,1,6000000,3.072,167,1,0.3003,0.418,1665445,689422,976023,689422,0,5546455,2295991,2839785097,2.8398,3.9047,1.1755,976023,0,58.604,58.604,False,99.9,0.01,0.0,0.02,0.99,12681,394.4,0.0,0,True,False,689330,2295685,1.1754,976115,92,0.006,58.61,689429,0,0,0,0.0,99,0.006,-7,5394,128,,0,0,0,False,128.0,134.0,141.0,128.03,101.0,156.0,128.0,0,0,57.0,55.0,85.4,3499,0,0,True,False,False
rxonly,64,1,7000000,3.584,143,1,0.3003,0.421,2097213,2097190,23,2097190,2097185,6984806,6984730,3576221005,3.5762,4.9173,3.5762,23,0,0.001,0.001,True,61.87,0.01,36.806,0.007,0.74,461,106.8,0.0,0,False,False,,,,,,,,,,,,,,,,0,128,,0,0,0,False,,,,,,,,0,0,57.0,55.0,58.6,3401,0,0,True,False,False
baseline,64,1,7000000,3.584,143,1,0.3003,0.423,2097385,2097385,0,2097633,0,6984687,6985513,3576160098,3.5762,4.9172,3.5766,-248,-248,-0.012,0.0,False,51.33,0.01,35.81,0.003,0.34,826,136.1,0.0,0,False,False,2097440,6984870,3.5763,-55,193,0.009,-0.003,2097677,0,0,0,0.0,237,0.011,-44,16408,128,,0,0,0,False,18.0,24.0,31.0,18.3,4.0,44.0,18.0,0,0,56.0,55.0,49.6,3500,0,0,True,False,False
p1_static,64,1,7000000,3.584,143,1,0.3004,0.42,2083684,2083625,59,2083625,0,6936121,6935924,3551294068,3.5513,4.883,3.5512,59,0,0.003,0.003,False,82.63,0.0,11.528,0.003,0.37,846,132.6,0.0,0,False,False,2083472,6935415,3.5509,212,153,0.007,0.01,2083501,0,0,0,0.0,29,0.001,124,16310,128,,0,0,0,False,17.0,29.0,37.0,17.97,3.0,72.0,17.0,0,0,57.0,56.0,72.4,3496,0,0,True,False,False
hardcoded,64,1,7000000,3.584,143,1,0.3004,0.424,2082482,2082482,0,2083056,0,6931991,6933902,3549179558,3.5492,4.8801,3.5502,-574,-574,-0.028,0.0,False,88.95,0.0,7.034,0.003,0.35,771,137.4,0.0,0,False,False,2082374,6931631,3.549,108,682,0.033,0.005,2083059,0,0,0,0.0,685,0.033,-3,16301,128,,0,0,0,False,17.0,30.0,38.0,18.43,4.0,55.0,17.0,0,0,57.0,56.0,76.5,3494,0,0,True,False,False
template,64,1,7000000,3.584,143,1,0.3003,0.428,1878510,1034587,843923,1034587,0,6255488,3445202,3202810276,3.2028,4.4039,1.7639,843923,0,44.925,44.925,False,100.23,0.01,0.0,0.013,0.53,16324,399.9,0.0,0,True,False,1034688,3445538,1.7641,843822,-101,-0.005,44.92,1034539,0,0,0,0.0,-149,-0.008,48,8097,128,,0,0,0,False,75.0,81.0,92.0,76.3,68.0,121.0,75.0,0,0,56.0,55.0,83.6,3502,0,0,True,False,False
modular,64,1,7000000,3.584,143,1,0.3002,0.423,1900201,703883,1196318,703883,0,6328758,2344333,3240324406,3.2403,4.4554,1.2003,1196318,0,62.957,62.957,False,99.91,0.01,0.0,0.017,0.68,14961,387.8,0.0,0,True,False,703978,2344650,1.2005,1196223,-95,-0.005,62.952,703873,0,0,0,0.0,-105,-0.006,10,5507,128,,0,0,0,False,111.0,116.0,126.0,111.25,102.0,141.0,111.0,0,0,57.0,55.0,84.4,3499,0,0,True,False,False
rxonly,64,1,8000000,4.096,125,1,0.3002,0.425,2399506,2399506,0,2399638,2399594,7992184,7992624,4091998524,4.092,5.6265,4.0922,-132,-132,-0.006,0.0,True,58.72,0.01,38.051,0.01,0.56,1713,118.3,0.0,0,False,False,,,,,,,,,,,,,,,,0,128,,0,0,0,False,,,,,,,,0,0,56.0,55.0,56.4,3496,0,0,True,False,False
baseline,64,1,8000000,4.096,125,1,0.3003,0.431,2375156,2373737,1419,2373737,0,7909704,7904978,4049768586,4.0498,5.5684,4.0473,1419,0,0.06,0.06,False,56.54,0.02,32.916,0.013,0.19,2436,160.9,0.0,0,False,False,2374266,7906740,4.0483,890,-529,-0.022,0.037,2373520,0,0,0,0.0,-746,-0.031,217,18569,128,,0,0,0,False,16.0,26.0,35.0,17.36,3.0,69.0,16.0,0,0,56.0,55.0,52.8,3397,0,0,True,False,False
p1_static,64,1,8000000,4.096,125,1,0.3004,0.428,2378150,2365322,12828,2365322,0,7915449,7872752,4052710281,4.0527,5.5725,4.0308,12828,0,0.539,0.539,False,97.56,0.0,1.618,0.01,0.19,2580,173.7,0.0,0,False,False,2364394,7869664,4.0293,13756,928,0.039,0.578,2365218,0,0,0,0.0,824,0.035,104,18509,128,,0,0,0,False,14.0,37.0,44.0,18.56,3.0,58.0,14.0,0,0,56.0,55.0,81.6,3402,0,0,True,False,False
hardcoded,64,1,8000000,4.096,125,1,0.3004,0.425,2396622,2394174,2448,2394174,0,7978479,7970330,4084981627,4.085,5.6168,4.0808,2448,0,0.102,0.102,False,99.79,0.0,0.043,0.013,0.21,493,126.3,0.0,0,False,False,2393552,7968259,4.0797,3070,622,0.026,0.128,2394381,0,0,0,0.0,829,0.035,-207,18733,128,,0,0,0,False,13.0,19.0,40.0,13.89,4.0,79.0,13.0,0,0,56.0,55.0,84.2,3496,0,0,True,False,False
template,64,1,8000000,4.096,125,1,0.3003,0.421,2155334,1031368,1123966,1031368,0,7177817,3434721,3675042436,3.675,5.0532,1.7586,1123966,0,52.148,52.148,False,99.9,0.01,0.0,0.013,0.33,17378,410.5,0.0,0,True,False,1031380,3434760,1.7586,1123954,-12,-0.001,52.148,1031367,0,0,0,0.0,-13,-0.001,1,8069,128,,0,0,0,False,80.0,92.0,97.0,82.24,71.0,121.0,80.0,0,0,56.0,55.0,85.1,3494,0,0,True,False,False
modular,64,1,8000000,4.096,125,1,0.3002,0.423,2140426,686905,1453521,686905,0,7128847,2287787,3649969822,3.65,5.0187,1.1713,1453521,0,67.908,67.908,False,99.91,0.01,0.0,0.023,0.46,21294,406.0,0.0,0,True,False,686912,2287811,1.1714,1453514,-7,-0.0,67.908,686905,0,0,0,0.0,-7,-0.0,0,5374,128,,0,0,0,False,132.0,139.0,145.0,131.69,106.0,162.0,132.0,0,0,56.0,55.0,84.3,3398,0,0,True,False,False
rxonly,64,1,9000000,4.608,111,1,0.3002,0.423,2701133,2701088,45,2701088,2701157,8996778,8996628,4606350350,4.6064,6.3337,4.6063,45,0,0.002,0.002,True,59.24,0.01,36.545,0.003,0.4,3782,129.5,0.0,0,False,False,,,,,,,,,,,,,,,,0,256,,0,0,0,False,,,,,,,,0,0,56.0,54.0,56.6,3398,0,0,True,False,False
baseline,64,1,9000000,4.608,111,1,0.3003,0.419,2575710,2562754,12956,2562754,0,8576125,8532987,4390976504,4.391,6.0376,4.3689,12956,0,0.503,0.503,False,59.14,0.01,29.008,0.003,0.05,12793,353.8,0.0,0,False,False,2560770,8526381,4.3655,14940,1984,0.077,0.58,2562734,0,0,0,0.0,1964,0.076,20,10017,256,,0,0,0,False,16.0,29.0,37.0,17.25,3.0,62.0,16.0,0,0,56.0,54.0,55.5,3499,0,0,True,False,False
p1_static,64,1,9000000,4.608,111,1,0.3004,0.431,2668478,2535412,133066,2535412,0,8884130,8441115,4548674676,4.5487,6.2544,4.3219,133066,0,4.987,4.987,False,99.88,0.0,0.0,0.01,0.07,8340,280.5,0.0,0,False,False,2535247,8440565,4.3216,133231,165,0.006,4.993,2535421,0,0,0,0.0,174,0.007,-9,9922,256,,0,0,0,False,35.0,39.0,41.0,35.5,20.0,54.0,35.0,0,0,56.0,55.0,83.4,3499,0,0,True,False,False
hardcoded,64,1,9000000,4.608,111,1,0.3004,0.421,2623904,2411367,212537,2411367,0,8736008,8028389,4472836569,4.4728,6.1502,4.1105,212537,0,8.1,8.1,False,99.97,0.01,0.093,0.023,0.06,11373,343.5,0.0,0,False,False,2411068,8027394,4.11,212836,299,0.011,8.111,2411460,0,0,0,0.0,392,0.015,-93,9434,256,,0,0,0,False,36.0,42.0,44.0,36.17,11.0,72.0,36.0,0,0,56.0,55.0,84.9,3499,0,0,True,False,False
template,64,1,9000000,4.608,111,1,0.3003,0.419,2388372,1029735,1358637,1029735,0,7953516,3429119,4072200311,4.0722,5.5993,1.7557,1358637,0,56.885,56.885,False,99.9,0.0,0.0,0.013,0.18,27090,478.2,0.0,0,True,False,1029674,3428916,1.7556,1358698,61,0.003,56.888,1029729,0,0,0,0.0,55,0.002,6,4028,256,,0,0,0,False,78.0,85.0,95.0,78.15,64.0,111.0,78.0,0,0,56.0,56.0,85.0,3444,0,0,True,False,False
modular,64,1,9000000,4.608,111,1,0.3003,0.428,2372617,698778,1673839,698778,0,7900193,2326747,4044899176,4.0449,5.5617,1.1913,1673839,0,70.548,70.548,False,99.89,0.0,0.0,0.01,0.3,29306,447.9,0.0,0,True,False,698601,2326158,1.191,1674016,177,0.007,70.556,698803,0,0,0,0.0,202,0.009,-25,2734,256,,0,0,0,False,127.0,135.0,140.0,127.8,105.0,162.0,127.0,0,0,56.0,56.0,83.7,3452,0,0,True,False,False
rxonly,64,1,10000000,5.12,100,1,0.3003,0.425,2994728,2994100,628,2994100,2994170,9973934,9971843,5106654656,5.1067,7.0217,5.1056,628,0,0.021,0.021,True,57.38,0.01,37.092,0.007,0.28,7968,155.1,0.0,0,False,False,,,,,,,,,,,,,,,,0,256,,0,0,0,False,,,,,,,,0,0,56.0,55.0,54.5,3495,0,0,True,False,False
baseline,64,1,10000000,5.12,100,1,0.3004,0.422,2731092,2698879,32213,2698879,0,9092462,8985217,4655340551,4.6553,6.4011,4.6004,32213,0,1.179,1.179,False,61.14,0.02,27.03,0.003,0.0,142350,1071.4,0.0,0,True,False,2693187,8966267,4.5907,37905,5692,0.208,1.388,2699035,0,0,0,0.0,5848,0.214,-156,10537,256,,0,0,0,False,15.0,29.0,37.0,16.39,3.0,60.0,15.0,0,0,56.0,55.0,56.7,3497,0,0,True,False,False
p1_static,64,1,10000000,5.12,100,1,0.3004,0.423,2855905,2634661,221244,2634661,0,9508542,8771925,4868373617,4.8684,6.694,4.4912,221244,0,7.747,7.747,False,99.71,0.01,0.07,0.013,0.0,78387,868.2,0.0,0,False,False,2634804,8772401,4.4915,221101,-143,-0.005,7.742,2634617,0,0,0,0.0,-187,-0.007,44,10311,256,,0,0,0,False,32.0,37.0,41.0,32.63,11.0,62.0,32.0,0,0,56.0,55.0,84.4,3501,0,0,True,False,False
hardcoded,64,1,10000000,5.12,100,1,0.3004,0.43,2681372,2442995,238377,2442995,0,8925059,8131611,4569630626,4.5696,6.2832,4.1634,238377,0,8.89,8.89,False,99.96,0.0,0.107,0.01,0.0,385461,1351.7,0.0,0,True,False,2443076,8131881,4.1635,238296,-81,-0.003,8.887,2442977,0,0,0,0.0,-99,-0.004,18,9563,256,,0,0,0,False,36.0,41.0,45.0,36.15,13.0,102.0,36.0,0,0,56.0,55.0,83.3,3495,0,0,True,False,False
template,64,1,10000000,5.12,100,1,0.3003,0.423,2587832,1034197,1553635,1034197,0,8618174,3444153,4412505122,4.4125,6.0672,1.7634,1553635,0,60.036,60.036,False,99.91,0.0,0.0,0.013,0.05,56882,681.8,0.0,0,True,False,1034192,3444136,1.7634,1553640,5,0.0,60.036,1034194,0,0,0,0.0,2,0.0,3,4046,256,,0,0,0,False,83.0,86.0,91.0,82.85,75.0,120.0,83.0,0,0,56.0,55.0,84.6,3498,0,0,True,False,False
modular,64,1,10000000,5.12,100,1,0.3003,0.421,2628507,699220,1929287,699220,0,8752700,2328342,4481382758,4.4814,6.1619,1.1921,1929287,0,73.399,73.399,False,99.89,0.01,0.0,0.017,0.16,31298,483.4,0.0,0,True,False,699172,2328182,1.192,1929335,48,0.002,73.4,699234,0,0,0,0.0,62,0.002,-14,2736,256,,0,0,0,False,128.0,131.0,137.0,126.22,101.0,159.0,128.0,0,0,56.0,55.0,85.1,3500,0,0,True,False,False
rxonly,64,1,11000000,5.632,91,1,0.3002,0.426,3283175,3282444,731,3282444,3282421,10935616,10933182,5599035879,5.599,7.6987,5.5978,731,0,0.022,0.022,True,57.11,0.01,31.799,0.003,0.2,13085,172.9,0.0,0,False,False,,,,,,,,,,,,,,,,0,256,,0,0,0,False,,,,,,,,0,0,56.0,55.0,53.3,3500,0,0,True,False,False
baseline,64,1,11000000,5.632,91,1,0.3004,0.427,2723213,2693862,29351,2693862,0,9066022,8968308,4641803729,4.6418,6.3825,4.5918,29351,0,1.078,1.078,False,60.76,0.01,27.316,0.003,0.0,1120609,1309.7,0.0,0,True,False,2687629,8947557,4.5811,35584,6233,0.229,1.307,2693715,0,0,0,0.0,6086,0.223,147,10512,256,,0,0,0,False,15.0,29.0,38.0,16.56,2.0,74.0,15.0,0,0,56.0,55.0,55.7,3497,0,0,True,False,False
p1_static,64,1,11000000,5.632,91,1,0.3002,0.432,2748958,2560980,187978,2560980,0,9155854,8529762,4687797373,4.6878,6.4457,4.3672,187978,0,6.838,6.838,False,99.73,0.0,0.077,0.01,0.0,1665605,1420.1,0.0,0,True,False,2561605,8531844,4.3683,187353,-625,-0.023,6.815,2560909,0,0,0,0.0,-696,-0.025,71,10018,256,,0,0,0,False,34.0,38.0,41.0,34.07,13.0,86.0,34.0,0,0,56.0,55.0,83.0,3497,0,0,True,False,False
hardcoded,64,1,11000000,5.632,91,1,0.3004,0.425,2578304,2356411,221893,2356411,0,8583333,7844638,4394666901,4.3947,6.0427,4.0165,221893,0,8.606,8.606,False,99.71,0.01,0.067,0.017,0.0,1599518,1421.3,0.0,0,True,False,2355839,7842734,4.0155,222465,572,0.022,8.628,2356523,0,0,0,0.0,684,0.027,-112,9220,256,,0,0,0,False,37.0,42.0,45.0,36.51,13.0,61.0,37.0,0,0,56.0,55.0,84.1,3501,0,0,True,False,False
template,64,1,11000000,5.632,91,1,0.3003,0.419,2649367,1005279,1644088,1005279,0,8822631,3347669,4517187404,4.5172,6.2111,1.714,1644088,0,62.056,62.056,False,99.9,0.0,0.0,0.01,0.01,242373,962.5,0.0,0,True,False,1005187,3347363,1.7139,1644180,92,0.003,62.059,1005297,0,0,0,0.0,110,0.004,-18,3933,256,,0,0,0,False,79.0,84.0,97.0,79.51,68.0,115.0,79.0,0,0,56.0,54.0,85.5,3499,0,0,True,False,False
modular,64,1,11000000,5.632,91,1,0.3003,0.423,2408065,716701,1691364,716701,0,8018585,2386533,4105515632,4.1055,5.6451,1.2219,1691364,0,70.237,70.237,False,99.89,0.01,0.0,0.013,0.0,723050,1366.4,0.0,0,True,False,716608,2386223,1.2217,1691457,93,0.004,70.241,716712,0,0,0,0.0,104,0.004,-11,2804,256,,0,0,0,False,122.0,127.0,131.0,122.07,113.0,144.0,122.0,0,0,56.0,54.0,84.8,3501,0,0,True,False,False
rxonly,64,1,12000000,6.144,83,1,0.3003,0.425,3559820,3551524,8296,3551524,3551368,11852601,11824979,6068531977,6.0685,8.3442,6.0544,8296,0,0.233,0.233,True,54.96,0.01,36.352,0.003,0.11,21871,223.3,0.0,0,False,False,,,,,,,,,,,,,,,,0,256,,0,0,0,False,,,,,,,,0,0,56.0,54.0,52.0,3500,0,0,True,False,False
baseline,64,1,12000000,6.144,83,1,0.3004,0.424,2848466,2814768,33698,2814768,0,9482497,9370317,4855038921,4.855,6.6757,4.7976,33698,0,1.183,1.183,False,62.15,0.01,25.34,0.007,0.0,1321481,1199.9,0.0,0,True,False,2806997,9344448,4.7844,41469,7771,0.273,1.456,2814520,0,0,0,0.0,7523,0.264,248,10983,256,,0,0,0,False,15.0,28.0,38.0,16.13,2.0,61.0,15.0,0,0,56.0,54.0,56.5,3501,0,0,True,False,False
p1_static,64,1,12000000,6.144,83,1,0.3004,0.43,2825241,2638738,186503,2638738,0,9405564,8784673,4815648951,4.8156,6.6215,4.4978,186503,0,6.601,6.601,False,99.68,0.01,0.09,0.013,0.0,2477942,1310.9,0.0,0,True,False,2638705,8784563,4.4977,186536,33,0.001,6.602,2638713,0,0,0,0.0,8,0.0,25,10328,256,,0,0,0,False,34.0,38.0,42.0,34.02,13.0,62.0,34.0,0,0,56.0,55.0,83.3,3498,0,0,True,False,False
hardcoded,64,1,12000000,6.144,83,1,0.3004,0.424,2669470,2419461,250009,2419461,0,8885631,8053448,4549443567,4.5494,6.2555,4.1234,250009,0,9.365,9.365,False,99.67,0.01,0.08,0.013,0.0,2250921,1307.8,0.0,0,True,False,2419496,8053565,4.1234,249974,-35,-0.001,9.364,2419568,0,0,0,0.0,72,0.003,-107,9469,256,,0,0,0,False,35.0,40.0,45.0,35.36,11.0,101.0,35.0,0,0,56.0,55.0,84.2,3500,0,0,True,False,False
template,64,1,12000000,6.144,83,1,0.3003,0.422,2596712,999964,1596748,999964,0,8647955,3330228,4427753387,4.4278,6.0882,1.7051,1596748,0,61.491,61.491,False,99.9,0.01,0.0,0.013,0.0,743776,1139.8,0.0,0,True,False,1000111,3330718,1.7053,1596601,-147,-0.006,61.485,999941,0,0,0,0.0,-170,-0.007,23,3913,256,,0,0,0,False,86.0,89.0,92.0,85.97,74.0,114.0,86.0,0,0,56.0,55.0,84.5,3498,0,0,True,False,False
modular,64,1,12000000,6.144,83,1,0.3004,0.423,2842678,708894,2133784,708894,0,9464189,2360136,4845664792,4.8457,6.6628,1.2084,2133784,0,75.062,75.062,False,99.88,0.0,0.0,0.013,0.0,401009,1014.4,0.0,0,True,False,708877,2360079,1.2084,2133801,17,0.001,75.063,708893,0,0,0,0.0,16,0.001,1,2773,256,,0,0,0,False,110.0,114.0,124.0,110.57,103.0,157.0,110.0,0,0,56.0,55.0,84.5,3499,0,0,True,False,False
modular,64,2,500000,0.256,2000,1,0.3003,0.421,150130,150130,0,150134,0,499976,499989,255987966,0.256,0.352,0.256,-4,-4,-0.003,0.0,False,32.07,0.02,69.823,0.0,34.77,0,79.5,0.0,0,False,False,150129,499973,0.256,1,5,0.003,0.001,150142,0,0,0,0.0,13,0.009,-8,18789,8,,0,0,0,False,20.0,25.0,27.0,19.77,9.0,72.0,20.0,0,0,55.0,54.0,39.1,3500,0,0,True,False,False
template,64,2,500000,0.256,2000,1,0.3003,0.425,150150,150150,0,150154,0,500001,500014,256000786,0.256,0.352,0.256,-4,-4,-0.003,0.0,False,25.27,0.01,69.624,0.0,34.65,0,75.2,0.0,0,False,False,150150,500001,0.256,0,4,0.003,0.0,150154,0,0,0,0.0,4,0.003,0,18790,8,,0,0,0,False,18.0,23.0,25.0,18.47,9.0,61.0,18.0,0,0,55.0,54.0,33.1,3497,0,0,True,False,False
hardcoded,64,2,500000,0.256,2000,1,0.3003,0.429,150151,150146,5,150146,0,499985,499968,255992380,0.256,0.352,0.256,5,0,0.003,0.003,False,16.89,0.03,71.16,0.0,35.44,0,74.9,0.0,0,False,False,150149,499978,0.256,2,-3,-0.002,0.001,150153,0,0,0,0.0,4,0.003,-7,18798,8,,0,0,0,False,17.0,22.0,23.0,16.72,7.0,52.0,17.0,0,0,55.0,54.0,26.2,3501,0,0,True,False,False
p1_static,64,2,500000,0.256,2000,1,0.3003,0.425,150144,150144,0,150169,0,499929,500012,255963907,0.256,0.352,0.256,-25,-25,-0.017,0.0,False,16.2,0.01,70.04,0.0,34.87,0,78.4,0.0,0,False,False,150140,499916,0.256,4,29,0.019,0.003,150183,0,0,0,0.0,43,0.029,-14,18800,8,,0,0,0,False,17.0,22.0,23.0,17.09,5.0,38.0,17.0,0,0,55.0,54.0,25.2,3494,0,0,True,False,False
baseline,64,2,500000,0.256,2000,1,0.3002,0.429,150136,150110,26,150110,0,500063,499977,256032564,0.256,0.352,0.256,26,0,0.017,0.017,False,13.55,0.03,69.786,0.0,34.74,0,74.8,0.0,0,False,False,150128,500036,0.256,8,-18,-0.012,0.005,150103,0,0,0,0.0,-25,-0.017,7,18788,8,,0,0,0,False,17.0,22.0,23.0,16.62,7.0,69.0,17.0,0,0,55.0,54.0,22.9,3499,0,0,True,False,False
rxonly,64,2,500000,0.256,2000,1,0.3002,0.434,150097,150072,25,150072,150071,500040,499956,256020486,0.256,0.352,0.256,25,0,0.017,0.017,True,18.45,0.01,70.147,0.0,34.91,0,74.4,0.0,0,False,False,,,,,,,,,,,,,,,,0,8,,0,0,0,False,,,,,,,,0,0,55.0,54.0,25.4,3497,0,0,True,False,False
modular,64,2,1000000,0.512,1000,1,0.3003,0.427,300328,300328,0,300331,0,1000054,1000064,512028080,0.512,0.704,0.512,-3,-3,-0.001,0.0,False,49.07,0.01,45.19,0.0,14.4,1,87.4,0.0,0,False,False,300326,1000048,0.512,2,5,0.002,0.001,300331,0,0,0,0.0,5,0.002,0,18797,16,,0,0,0,False,27.0,40.0,45.0,28.2,11.0,76.0,27.0,0,0,56.0,55.0,48.0,3497,0,0,True,False,False
template,64,2,1000000,0.512,1000,1,0.3003,0.427,300298,300298,0,300386,0,999840,1000133,511918186,0.5119,0.7039,0.5121,-88,-88,-0.029,0.0,False,36.97,0.01,59.628,0.0,14.28,2,85.7,0.0,0,False,False,300283,999790,0.5119,15,103,0.034,0.005,300388,0,0,0,0.0,105,0.035,-2,18795,16,,0,0,0,False,23.0,32.0,36.0,23.08,9.0,63.0,23.0,0,0,55.0,55.0,39.2,3497,0,0,True,False,False
hardcoded,64,2,1000000,0.512,1000,1,0.3004,0.421,300374,300355,19,300355,0,1000047,999984,512024431,0.512,0.704,0.512,19,0,0.006,0.006,False,21.41,0.01,58.114,0.0,13.88,2,95.4,0.0,0,False,False,300356,999987,0.512,18,-1,-0.0,0.006,300352,0,0,0,0.0,-4,-0.001,3,18804,16,,0,0,0,False,21.0,26.0,29.0,21.34,12.0,52.0,21.0,0,0,55.0,53.0,27.5,3496,0,0,True,False,False
p1_static,64,2,1000000,0.512,1000,1,0.3003,0.419,300344,300200,144,300200,0,1000222,999742,512113742,0.5121,0.7042,0.5119,144,0,0.048,0.048,False,20.54,0.02,57.963,0.0,13.84,1,93.5,0.0,0,False,False,300307,1000098,0.5121,37,-107,-0.036,0.012,300183,0,0,0,0.0,-124,-0.041,17,18796,16,,0,0,0,False,22.0,27.0,29.0,22.02,11.0,47.0,22.0,0,0,55.0,53.0,27.3,3496,0,0,True,False,False
baseline,64,2,1000000,0.512,1000,1,0.3002,0.421,300249,300191,58,300191,0,1000097,999904,512050035,0.5121,0.7041,0.512,58,0,0.019,0.019,False,15.59,0.01,57.691,0.0,13.77,1,91.1,0.0,0,False,False,300199,999931,0.512,50,-8,-0.003,0.017,300190,0,0,0,0.0,-9,-0.003,1,18782,16,,0,0,0,False,20.0,25.0,27.0,19.92,6.0,44.0,20.0,0,0,55.0,53.0,22.9,3501,0,0,True,False,False
rxonly,64,2,1000000,0.512,1000,1,0.3002,0.433,300194,300194,0,300230,300234,999933,1000053,511965772,0.512,0.704,0.512,-36,-36,-0.012,0.0,True,31.97,0.01,61.18,0.0,14.66,2,89.0,0.0,0,False,False,,,,,,,,,,,,,,,,0,16,,0,0,0,False,,,,,,,,0,0,55.0,53.0,35.6,3497,0,0,True,False,False
modular,64,2,1500000,0.768,667,1,0.3003,0.425,450171,450108,63,450108,0,1499231,1499021,767606592,0.7676,1.0555,0.7675,63,0,0.014,0.014,False,69.24,0.0,19.999,0.003,7.82,2,95.8,0.0,0,False,False,450104,1499008,0.7675,67,4,0.001,0.015,450105,0,0,0,0.0,1,0.0,3,14086,32,,0,0,0,False,39.0,58.0,67.0,40.04,12.0,87.0,39.0,0,0,55.0,53.0,61.6,3497,0,0,True,False,False
template,64,2,1500000,0.768,667,1,0.3003,0.42,450245,450049,196,450049,0,1499416,1498763,767700998,0.7677,1.0556,0.7674,196,0,0.044,0.044,False,48.91,0.0,30.611,0.0,8.22,2,93.0,0.0,0,False,False,450190,1499232,0.7676,55,-141,-0.031,0.012,450049,0,0,0,0.0,-141,-0.031,0,14088,32,,0,0,0,False,35.0,50.0,58.0,35.43,9.0,64.0,35.0,0,0,55.0,53.0,46.2,3500,0,0,True,False,False
hardcoded,64,2,1500000,0.768,667,1,0.3003,0.423,450309,450202,107,450202,0,1499448,1499092,767717837,0.7677,1.0556,0.7675,107,0,0.024,0.024,False,25.56,0.02,49.171,0.0,7.4,1,109.6,0.0,0,False,False,450298,1499412,0.7677,11,-96,-0.021,0.002,450199,0,0,0,0.0,-99,-0.022,3,14093,32,,0,0,0,False,27.0,32.0,38.0,26.86,12.0,51.0,27.0,0,0,55.0,53.0,30.3,3498,0,0,True,False,False
p1_static,64,2,1500000,0.768,667,1,0.3003,0.425,450232,450175,57,450175,0,1499293,1499103,767638071,0.7676,1.0555,0.7675,57,0,0.013,0.013,False,24.12,0.01,45.815,0.0,6.83,3,113.7,0.0,0,False,False,450225,1499269,0.7676,7,-50,-0.011,0.002,450181,0,0,0,0.0,-44,-0.01,-6,14090,32,,0,0,0,False,28.0,33.0,35.0,27.62,10.0,56.0,28.0,0,0,55.0,53.0,28.4,3501,0,0,True,False,False
baseline,64,2,1500000,0.768,667,1,0.3003,0.422,450204,450165,39,450165,0,1499268,1499138,767625324,0.7676,1.0555,0.7676,39,0,0.009,0.009,False,17.39,0.01,48.388,0.0,7.27,1,105.9,0.0,0,False,False,450183,1499198,0.7676,21,-18,-0.004,0.005,450235,0,0,0,0.0,52,0.012,-70,14088,32,,0,0,0,False,24.0,30.0,32.0,24.39,12.0,51.0,24.0,0,0,55.0,52.0,23.2,3501,0,0,True,False,False
rxonly,64,2,1500000,0.768,667,1,0.3002,0.422,450106,450022,84,450022,450048,1499280,1499001,767631860,0.7676,1.0555,0.7675,84,0,0.019,0.019,True,44.96,0.01,52.166,0.0,7.91,2,105.0,0.0,0,False,False,,,,,,,,,,,,,,,,0,32,,0,0,0,False,,,,,,,,0,0,54.0,52.0,47.0,3499,0,0,True,False,False
modular,64,2,2000000,1.024,500,1,0.3003,0.431,600543,600543,0,600553,0,1999958,1999992,1023978892,1.024,1.408,1.024,-10,-10,-0.002,0.0,False,86.73,0.02,7.906,0.02,4.75,2,109.2,0.0,0,False,False,600517,1999872,1.0239,26,36,0.006,0.004,600550,0,0,0,0.0,33,0.005,3,18792,32,,0,0,0,False,36.0,53.0,64.0,36.64,9.0,76.0,36.0,0,0,55.0,54.0,74.1,3496,0,0,True,False,False
template,64,2,2000000,1.024,500,1,0.3003,0.423,600484,600456,28,600456,0,1999895,1999801,1023946248,1.0239,1.4079,1.0239,28,0,0.005,0.005,False,62.87,0.01,16.885,0.007,5.04,3,103.6,0.0,0,False,False,600478,1999875,1.0239,6,-22,-0.004,0.001,600473,0,0,0,0.0,-5,-0.001,-17,18788,32,,0,0,0,False,37.0,51.0,58.0,36.6,9.0,67.0,37.0,0,0,54.0,54.0,56.2,3496,0,0,True,False,False
hardcoded,64,2,2000000,1.024,500,1,0.3003,0.42,600682,600627,55,600627,0,2000004,1999820,1024002052,1.024,1.408,1.0239,55,0,0.009,0.009,False,28.03,0.01,23.906,0.0,4.57,3,114.9,0.0,0,False,False,600663,1999940,1.024,19,-36,-0.006,0.003,600596,0,0,0,0.0,-67,-0.011,31,18802,32,,0,0,0,False,38.0,46.0,49.0,37.42,14.0,62.0,38.0,0,0,54.0,53.0,28.3,3498,0,0,True,False,False
p1_static,64,2,2000000,1.024,500,1,0.3003,0.428,600492,600468,24,600468,0,1999621,1999541,1023806258,1.0238,1.4077,1.0238,24,0,0.004,0.004,False,26.8,0.01,25.454,0.0,4.91,5,112.9,0.0,0,False,False,600450,1999481,1.0237,42,18,0.003,0.007,600467,0,0,0,0.0,17,0.003,1,18795,32,,0,0,0,False,35.0,44.0,47.0,35.23,13.0,60.0,35.0,0,0,54.0,53.0,27.3,3499,0,0,True,False,False
baseline,64,2,2000000,1.024,500,1,0.3003,0.421,600517,600427,90,600427,0,1999937,1999637,1023967887,1.024,1.408,1.0238,90,0,0.015,0.015,False,20.22,0.01,43.681,0.0,4.6,4,117.5,0.0,0,False,False,600469,1999777,1.0239,48,-42,-0.007,0.008,600430,0,0,0,0.0,-39,-0.006,-3,18791,32,,0,0,0,False,28.0,33.0,36.0,28.03,10.0,55.0,28.0,0,0,54.0,53.0,24.7,3496,0,0,True,False,False
rxonly,64,2,2000000,1.024,500,1,0.3002,0.422,600304,600303,1,600303,600300,1999736,1999733,1023865232,1.0239,1.4078,1.0239,1,0,0.0,0.0,True,53.43,0.01,48.066,0.0,5.16,4,115.1,0.0,0,False,False,,,,,,,,,,,,,,,,0,32,,0,0,0,False,,,,,,,,0,0,54.0,53.0,53.6,3496,0,0,True,False,False
modular,64,2,2500000,1.28,400,1,0.3004,0.424,750692,719141,31551,719141,0,2499074,2394040,1279526398,1.2795,1.7593,1.2257,31551,0,4.203,4.203,False,99.87,0.0,0.0,0.01,3.48,8,120.7,0.0,0,False,False,718704,2392586,1.225,31988,437,0.058,4.261,719180,0,0,0,0.0,476,0.063,-39,11253,64,,0,0,0,False,122.0,134.0,139.0,122.93,88.0,164.0,122.0,0,0,55.0,54.0,84.5,3498,0,0,True,False,False
template,64,2,2500000,1.28,400,1,0.3004,0.419,750863,750863,0,751042,0,2499733,2500329,1279863650,1.2799,1.7598,1.2802,-179,-179,-0.024,0.0,False,73.77,0.0,15.58,0.0,3.45,4,108.4,0.0,0,False,False,750855,2499707,1.2799,8,187,0.025,0.001,750997,0,0,0,0.0,142,0.019,45,11753,64,,0,0,0,False,32.0,46.0,54.0,32.09,8.0,61.0,32.0,0,0,55.0,54.0,65.7,3498,0,0,True,False,False
hardcoded,64,2,2500000,1.28,400,1,0.3004,0.425,750999,750504,495,750504,0,2500290,2498642,1280148804,1.2801,1.7602,1.2793,495,0,0.066,0.066,False,33.77,0.0,21.903,0.0,3.22,7,117.6,0.0,0,False,False,750963,2500170,1.2801,36,-459,-0.061,0.005,750437,0,0,0,0.0,-526,-0.07,67,11754,64,,0,0,0,False,39.0,49.0,52.0,39.17,10.0,61.0,39.0,0,0,55.0,52.0,32.4,3497,0,0,True,False,False
p1_static,64,2,2500000,1.28,400,1,0.3003,0.431,750788,750690,98,750690,0,2499917,2499591,1279957829,1.28,1.7599,1.2798,98,0,0.013,0.013,False,33.1,0.01,21.983,0.0,3.28,4,113.4,0.0,0,False,False,750741,2499761,1.2799,47,-51,-0.007,0.006,750693,0,0,0,0.0,-48,-0.006,-3,11750,64,,0,0,0,False,37.0,47.0,50.0,36.94,9.0,62.0,37.0,0,0,54.0,52.0,31.5,3496,0,0,True,False,False
baseline,64,2,2500000,1.28,400,1,0.3003,0.423,750685,750685,0,750889,0,2499523,2500202,1279756077,1.2798,1.7597,1.2801,-204,-204,-0.027,0.0,False,22.97,0.01,47.664,0.0,3.88,5,108.0,0.0,0,False,False,750694,2499553,1.2798,-9,195,0.026,-0.001,750929,0,0,0,0.0,235,0.031,-40,11746,64,,0,0,0,False,25.0,35.0,38.0,25.74,8.0,47.0,25.0,0,0,54.0,53.0,27.6,3498,0,0,True,False,False
rxonly,64,2,2500000,1.28,400,1,0.3003,0.43,750569,750569,0,750639,750634,2499767,2500000,1279880924,1.2799,1.7598,1.28,-70,-70,-0.009,0.0,True,61.92,0.01,41.971,0.0,3.3,5,124.2,0.0,0,False,False,,,,,,,,,,,,,,,,0,64,,0,0,0,False,,,,,,,,0,0,54.0,53.0,58.5,3498,0,0,True,False,False
modular,64,2,3000000,1.536,333,1,0.3003,0.417,901764,705955,195809,705955,0,3002716,2350707,1537391038,1.5374,2.1139,1.2036,195809,0,21.714,21.714,False,100.23,0.0,0.0,0.01,2.77,123,246.8,0.0,0,False,False,706101,2351193,1.2038,195663,-146,-0.016,21.698,705935,0,0,0,0.0,-166,-0.018,20,11054,64,,0,0,0,False,120.0,135.0,142.0,122.4,104.0,165.0,120.0,0,0,55.0,53.0,85.8,3493,0,0,True,False,False
template,64,2,3000000,1.536,333,1,0.3004,0.427,901713,901713,0,901942,0,3002138,3002901,1537094971,1.5371,2.1135,1.5375,-229,-229,-0.025,0.0,False,90.22,0.0,6.066,0.007,2.33,7,108.1,0.0,0,False,False,901730,3002195,1.5371,-17,212,0.024,-0.002,902033,0,0,0,0.0,303,0.034,-91,14111,64,,0,0,0,False,29.0,43.0,52.0,29.51,8.0,75.0,29.0,0,0,55.0,53.0,76.1,3494,0,0,True,False,False
hardcoded,64,2,3000000,1.536,333,1,0.3004,0.423,901948,901948,0,901994,0,3002958,3003111,1537514734,1.5375,2.1141,1.5376,-46,-46,-0.005,0.0,False,39.73,0.01,21.478,0.003,2.53,3,109.5,0.0,0,False,False,901929,3002895,1.5375,19,65,0.007,0.002,901971,0,0,0,0.0,42,0.005,23,14118,64,,0,0,0,False,36.0,44.0,48.0,35.24,7.0,56.0,36.0,0,0,54.0,53.0,37.4,3497,0,0,True,False,False
p1_static,64,2,3000000,1.536,333,1,0.3003,0.432,901811,901811,0,901874,0,3002579,3002789,1537320761,1.5373,2.1138,1.5374,-63,-63,-0.007,0.0,False,37.23,0.01,21.585,0.003,2.52,7,112.7,0.0,0,False,False,901813,3002586,1.5373,-2,61,0.007,-0.0,901919,0,0,0,0.0,106,0.012,-45,14117,64,,0,0,0,False,36.0,45.0,49.0,35.58,10.0,57.0,36.0,0,0,54.0,53.0,34.8,3500,0,0,True,False,False
baseline,64,2,3000000,1.536,333,1,0.3005,0.433,902373,902373,0,902377,0,3002841,3002854,1537454612,1.5375,2.114,1.5375,-4,-4,-0.0,0.0,False,26.5,0.01,39.274,0.0,2.35,4,121.8,0.0,0,False,False,902324,3002677,1.5374,49,53,0.006,0.005,902392,0,0,0,0.0,68,0.008,-15,14126,64,,0,0,0,False,27.0,35.0,39.0,27.0,6.0,51.0,27.0,0,0,54.0,53.0,28.5,3498,0,0,True,False,False
rxonly,64,2,3000000,1.536,333,1,0.3003,0.436,901522,901522,0,901701,901698,3002265,3002861,1537159858,1.5372,2.1136,1.5375,-179,-179,-0.02,0.0,True,62.8,0.01,41.331,0.003,2.55,8,115.8,0.0,0,False,False,,,,,,,,,,,,,,,,0,64,,0,0,0,False,,,,,,,,0,0,54.0,53.0,58.4,3496,0,0,True,False,False
modular,64,2,3500000,1.792,286,1,0.3003,0.433,1047234,679345,367889,679345,0,3487278,2262211,1785486359,1.7855,2.455,1.1583,367889,0,35.13,35.13,False,99.9,0.01,0.0,0.013,2.3,2247,397.4,0.0,0,False,False,679305,2262078,1.1582,367929,40,0.004,35.133,679345,0,0,0,0.0,40,0.004,0,10633,64,,0,0,0,False,129.0,136.0,142.0,128.61,89.0,165.0,129.0,0,0,54.0,53.0,82.9,3498,0,0,True,False,False
template,64,2,3500000,1.792,286,1,0.3002,0.429,1049357,1042106,7251,1042106,0,3495034,3470884,1789457685,1.7895,2.4605,1.7771,7251,0,0.691,0.691,False,99.92,0.0,0.003,0.013,1.83,43,109.9,0.0,0,False,False,1042154,3471043,1.7772,7203,-48,-0.005,0.686,1042103,0,0,0,0.0,-51,-0.005,3,16306,64,,0,0,0,False,73.0,90.0,97.0,62.06,9.0,129.0,73.0,0,0,55.0,53.0,83.8,3493,0,0,True,False,False
hardcoded,64,2,3500000,1.792,286,1,0.3004,0.426,1050044,1050044,0,1050135,0,3495705,3496008,1789801401,1.7898,2.461,1.79,-91,-91,-0.009,0.0,False,46.21,0.01,21.123,0.0,1.98,33,111.9,0.0,0,False,False,1050007,3495582,1.7897,37,128,0.012,0.004,1050188,0,0,0,0.0,181,0.017,-53,16437,64,,0,0,0,False,32.0,41.0,45.0,31.97,7.0,56.0,32.0,0,0,54.0,53.0,42.6,3496,0,0,True,False,False
p1_static,64,2,3500000,1.792,286,1,0.3003,0.419,1050094,1049912,182,1049912,0,3496557,3495951,1790237621,1.7902,2.4616,1.7899,182,0,0.017,0.017,False,42.61,0.0,20.162,0.003,1.79,8,107.5,0.0,0,False,False,1050033,3496354,1.7901,61,-121,-0.012,0.006,1049832,0,0,0,0.0,-201,-0.019,80,16435,64,,0,0,0,False,36.0,44.0,48.0,35.21,7.0,56.0,36.0,0,0,54.0,53.0,40.3,3499,0,0,True,False,False
baseline,64,2,3500000,1.792,286,1,0.3002,0.43,1049709,1049659,50,1049659,0,3496376,3496209,1790144538,1.7901,2.4614,1.7901,50,0,0.005,0.005,False,29.47,0.01,36.586,0.0,1.68,6,119.3,0.0,0,False,False,1049616,3496066,1.79,93,43,0.004,0.009,1049649,0,0,0,0.0,33,0.003,10,16419,64,,0,0,0,False,26.0,34.0,39.0,26.61,8.0,46.0,26.0,0,0,54.0,52.0,30.7,3500,0,0,True,False,False
rxonly,64,2,3500000,1.792,286,1,0.3002,0.426,1049459,1049436,23,1049436,1049438,3495385,3495309,1789637532,1.7896,2.4608,1.7896,23,0,0.002,0.002,True,57.61,0.01,43.831,0.0,2.21,13,118.5,0.0,0,False,False,,,,,,,,,,,,,,,,0,64,,0,0,0,False,,,,,,,,0,0,54.0,52.0,57.1,3498,0,0,True,False,False
modular,64,2,4000000,2.048,250,1,0.3003,0.434,1184070,691512,492558,691512,0,3943216,2302888,2018926974,2.0189,2.776,1.1791,492558,0,41.599,41.599,False,99.91,0.0,0.0,0.01,1.89,6889,444.5,0.0,0,False,False,691522,2302922,1.1791,492548,-10,-0.001,41.598,691507,0,0,0,0.0,-15,-0.001,5,10822,64,,0,0,0,False,123.0,128.0,135.0,122.89,106.0,162.0,123.0,0,0,54.0,53.0,82.5,3498,0,0,True,False,False
template,64,2,4000000,2.048,250,1,0.3003,0.43,1196432,1045264,151168,1045264,0,3983771,3480425,2039690933,2.0397,2.8046,1.782,151168,0,12.635,12.635,False,100.22,0.0,0.0,0.01,1.52,2114,245.4,0.0,0,False,False,1045389,3480841,1.7822,151043,-125,-0.01,12.624,1045250,0,0,0,0.0,-139,-0.012,14,16357,64,,0,0,0,False,85.0,92.0,98.0,84.66,70.0,121.0,85.0,0,0,55.0,53.0,83.5,3498,0,0,True,False,False
hardcoded,64,2,4000000,2.048,250,1,0.3004,0.426,1201369,1200905,464,1200905,0,3999835,3998290,2047915629,2.0479,2.8159,2.0471,464,0,0.039,0.039,False,52.15,0.01,20.263,0.007,1.39,12,109.0,0.0,0,False,False,1201217,3999329,2.0477,152,-312,-0.026,0.013,1200942,0,0,0,0.0,-275,-0.023,-37,18800,64,,0,0,0,False,32.0,41.0,46.0,31.5,8.0,52.0,32.0,0,0,54.0,53.0,48.2,3397,0,0,True,False,False
p1_static,64,2,4000000,2.048,250,1,0.3005,0.424,1201402,1201402,0,1201860,0,3998604,4000128,2047285356,2.0473,2.815,2.0481,-458,-458,-0.038,0.0,False,48.01,0.0,20.709,0.003,1.39,11,108.4,0.0,0,False,False,1201409,3998627,2.0473,-7,451,0.038,-0.001,1202056,0,0,0,0.0,647,0.054,-196,18811,64,,0,0,0,False,33.0,42.0,46.0,32.42,8.0,69.0,33.0,0,0,54.0,53.0,44.1,3494,0,0,True,False,False
baseline,64,2,4000000,2.048,250,1,0.3003,0.419,1201355,1201078,277,1201078,0,4000230,3999308,2048118090,2.0481,2.8162,2.0476,277,0,0.023,0.023,False,32.48,0.01,36.025,0.003,1.31,6,112.6,0.0,0,False,False,1201287,4000004,2.048,68,-209,-0.017,0.006,1201061,0,0,0,0.0,-226,-0.019,17,18796,64,,0,0,0,False,26.0,32.0,36.0,25.46,7.0,45.0,26.0,0,0,54.0,52.0,34.2,3498,0,0,True,False,False
rxonly,64,2,4000000,2.048,250,1,0.3003,0.432,1200949,1200949,0,1201096,1201120,3999170,3999660,2047575525,2.0476,2.8154,2.0478,-147,-147,-0.012,0.0,True,63.57,0.02,42.051,0.013,1.71,21,115.2,0.0,0,False,False,,,,,,,,,,,,,,,,0,64,,0,0,0,False,,,,,,,,0,0,54.0,52.0,59.6,3499,0,0,True,False,False
modular,64,2,5000000,2.56,200,1,0.3003,0.438,1430748,696322,734426,696322,0,4764237,2318677,2439289723,2.4393,3.354,1.1872,734426,0,51.332,51.332,False,99.9,0.0,0.0,0.01,1.42,10765,419.7,0.0,0,False,False,696368,2318830,1.1872,734380,-46,-0.003,51.328,696315,0,0,0,0.0,-53,-0.004,7,5450,128,,0,0,0,False,129.0,135.0,141.0,125.3,101.0,163.0,129.0,0,0,54.0,53.0,82.1,3498,0,0,True,False,False
template,64,2,5000000,2.56,200,1,0.3003,0.428,1447240,1047492,399748,1047492,0,4819056,3487965,2467356672,2.4674,3.3926,1.7858,399748,0,27.621,27.621,False,100.23,0.0,0.0,0.01,1.19,8836,355.3,0.0,0,False,False,1047314,3487372,1.7855,399926,178,0.012,27.634,1047519,0,0,0,0.0,205,0.014,-27,8196,128,,0,0,0,False,82.0,93.0,96.0,83.81,70.0,104.0,82.0,0,0,54.0,53.0,83.9,3496,0,0,True,False,False
hardcoded,64,2,5000000,2.56,200,1,0.3004,0.425,1501237,1501237,0,1501619,0,4997244,4998516,2558589337,2.5586,3.5181,2.5592,-382,-382,-0.025,0.0,False,64.15,0.01,23.308,0.003,0.96,23,104.7,0.0,0,False,False,1501108,4996815,2.5584,129,511,0.034,0.009,1501608,0,0,0,0.0,500,0.033,11,11752,128,,0,0,0,False,22.0,36.0,42.0,23.54,4.0,60.0,22.0,0,0,54.0,53.0,58.3,3497,0,0,True,False,False
p1_static,64,2,5000000,2.56,200,1,0.3004,0.423,1501647,1501475,172,1501475,0,4999405,4998832,2559695470,2.5597,3.5196,2.5594,172,0,0.011,0.011,False,59.68,0.01,23.395,0.007,0.94,15,105.4,0.0,0,False,False,1501560,4999115,2.5595,87,-85,-0.006,0.006,1501538,0,0,0,0.0,-22,-0.001,-63,11752,128,,0,0,0,False,24.0,36.0,42.0,24.93,5.0,45.0,24.0,0,0,54.0,53.0,54.9,3498,0,0,True,False,False
baseline,64,2,5000000,2.56,200,1,0.3003,0.43,1501060,1500838,222,1500838,0,4998935,4998195,2559454858,2.5595,3.5193,2.5591,222,0,0.015,0.015,False,40.32,0.01,36.533,0.0,0.87,26,111.9,0.0,0,False,False,1500997,4998725,2.5593,63,-159,-0.011,0.004,1500818,0,0,0,0.0,-179,-0.012,20,11742,128,,0,0,0,False,22.0,28.0,32.0,22.27,5.0,52.0,22.0,0,0,54.0,53.0,39.6,3501,0,0,True,False,False
rxonly,64,2,5000000,2.56,200,1,0.3003,0.426,1501044,1501044,0,1501358,1501428,4998056,4999101,2559004902,2.559,3.5186,2.5595,-314,-314,-0.021,0.0,True,63.74,0.01,40.836,0.0,1.2,43,110.2,0.0,0,False,False,,,,,,,,,,,,,,,,0,128,,0,0,0,False,,,,,,,,0,0,54.0,53.0,61.0,3497,0,0,True,False,False
modular,64,2,6000000,3.072,167,1,0.3003,0.428,1688322,691078,997244,691078,0,5621722,2301130,2878321885,2.8783,3.9577,1.1782,997244,0,59.067,59.067,False,99.89,0.0,0.0,0.01,1.0,11124,350.0,0.0,0,True,False,691043,2301013,1.1781,997279,35,0.002,59.069,691087,0,0,0,0.0,44,0.003,-9,5409,128,,0,0,0,False,127.0,133.0,139.0,127.86,103.0,170.0,127.0,0,0,54.0,53.0,83.9,3499,0,0,True,False,False
template,64,2,6000000,3.072,167,1,0.3003,0.425,1679006,1004827,674179,1004827,0,5590355,3345634,2862261966,2.8623,3.9356,1.713,674179,0,40.153,40.153,False,99.89,0.0,0.0,0.013,0.79,11841,399.1,0.0,0,True,False,1004890,3345844,1.7131,674116,-63,-0.004,40.15,1004830,0,0,0,0.0,-60,-0.004,-3,7864,128,,0,0,0,False,86.0,89.0,93.0,85.48,65.0,114.0,86.0,0,0,54.0,53.0,84.4,3497,0,0,True,False,False
hardcoded,64,2,6000000,3.072,167,1,0.3003,0.417,1796919,1796195,724,1796195,0,5984302,5981890,3063962669,3.064,4.2129,3.0627,724,0,0.04,0.04,False,77.83,0.01,14.2,0.01,0.62,123,116.3,0.0,0,False,False,1796795,5983889,3.0638,124,-600,-0.033,0.007,1796150,0,0,0,0.0,-645,-0.036,45,14056,128,,0,0,0,False,19.0,32.0,39.0,20.0,4.0,43.0,19.0,0,0,54.0,53.0,69.0,3496,0,0,True,False,False
p1_static,64,2,6000000,3.072,167,1,0.3004,0.438,1796982,1796896,86,1796896,0,5982934,5982647,3063262256,3.0633,4.212,3.0631,86,0,0.005,0.005,False,71.84,0.0,18.199,0.007,0.64,40,110.1,0.0,0,False,False,1796784,5982274,3.0629,198,112,0.006,0.011,1796852,0,0,0,0.0,68,0.004,44,14063,128,,0,0,0,False,19.0,32.0,39.0,19.94,4.0,47.0,19.0,0,0,54.0,53.0,62.2,3500,0,0,True,False,False
baseline,64,2,6000000,3.072,167,1,0.3003,0.432,1797426,1797023,403,1797023,0,5985732,5984390,3064695094,3.0647,4.214,3.064,403,0,0.022,0.022,False,45.23,0.01,35.286,0.007,0.57,34,114.1,0.0,0,False,False,1797173,5984890,3.0643,253,-150,-0.008,0.014,1796983,0,0,0,0.0,-190,-0.011,40,14060,128,,0,0,0,False,21.0,27.0,37.0,21.15,5.0,93.0,21.0,0,0,54.0,52.0,43.7,3498,0,0,True,False,False
rxonly,64,2,6000000,3.072,167,1,0.3003,0.43,1797362,1797331,31,1797331,1797324,5985896,5985792,3064778853,3.0648,4.2141,3.0647,31,0,0.002,0.002,True,64.11,0.01,34.902,0.0,0.94,160,104.4,0.0,0,False,False,,,,,,,,,,,,,,,,0,128,,0,0,0,False,,,,,,,,0,0,54.0,52.0,58.9,3499,0,0,True,False,False
modular,64,2,7000000,3.584,143,1,0.3005,0.42,1908690,684329,1224361,684329,0,6352125,2277448,3252288106,3.2523,4.4719,1.1661,1224361,0,64.147,64.147,False,100.17,0.01,0.0,0.013,0.72,15332,380.8,0.0,0,True,False,684172,2276926,1.1658,1224518,157,0.008,64.155,684334,0,0,0,0.0,162,0.008,-5,5358,128,,0,0,0,False,123.0,131.0,136.0,124.6,111.0,163.0,123.0,0,0,54.0,53.0,85.4,3496,0,0,True,False,False
template,64,2,7000000,3.584,143,1,0.3003,0.428,1915148,1021119,894029,1021119,0,6378074,3400663,3265574293,3.2656,4.4902,1.7411,894029,0,46.682,46.682,False,100.24,0.0,0.0,0.013,0.52,14204,395.2,0.0,0,True,False,1021201,3400936,1.7413,893947,-82,-0.004,46.678,1021117,0,0,0,0.0,-84,-0.004,2,7989,128,,0,0,0,False,79.0,86.0,96.0,79.81,68.0,116.0,79.0,0,0,54.0,53.0,83.6,3500,0,0,True,False,False
hardcoded,64,2,7000000,3.584,143,1,0.3004,0.424,2083294,2083294,0,2083320,0,6934388,6934475,3550406912,3.5504,4.8818,3.5505,-26,-26,-0.001,0.0,False,88.62,0.0,7.546,0.003,0.39,654,123.0,0.0,0,False,False,2082890,6933043,3.5497,404,430,0.021,0.019,2083643,0,0,0,0.0,753,0.036,-323,16308,128,,0,0,0,False,17.0,30.0,38.0,18.03,4.0,68.0,17.0,0,0,54.0,53.0,76.1,3500,0,0,True,False,False
p1_static,64,2,7000000,3.584,143,1,0.3004,0.426,2084210,2084145,65,2084145,0,6937679,6937463,3552091935,3.5521,4.8841,3.552,65,0,0.003,0.003,False,82.31,0.01,11.88,0.003,0.38,655,127.3,0.0,0,False,False,2083873,6936557,3.5515,337,272,0.013,0.016,2084310,0,0,0,0.0,437,0.021,-165,16316,128,,0,0,0,False,17.0,29.0,37.0,17.89,3.0,71.0,17.0,0,0,54.0,53.0,71.6,3498,0,0,True,False,False
baseline,64,2,7000000,3.584,143,1,0.3004,0.425,2097578,2097578,0,2097876,0,6983758,6984750,3575684434,3.5757,4.9166,3.5762,-298,-298,-0.014,0.0,False,51.39,0.02,35.628,0.003,0.35,951,137.7,0.0,0,False,False,2097523,6983575,3.5756,55,353,0.017,0.003,2097793,0,0,0,0.0,270,0.013,83,16413,128,,0,0,0,False,18.0,24.0,33.0,18.24,4.0,54.0,18.0,0,0,55.0,53.0,49.7,3493,0,0,True,False,False
rxonly,64,2,7000000,3.584,143,1,0.3003,0.431,2099210,2099194,16,2099194,2099147,6991034,6990980,3579409438,3.5794,4.9217,3.5794,16,0,0.001,0.001,True,59.18,0.01,45.898,0.0,0.7,488,111.1,0.0,0,False,False,,,,,,,,,,,,,,,,0,128,,0,0,0,False,,,,,,,,0,0,54.0,53.0,57.1,3500,0,0,True,False,False
modular,64,2,8000000,4.096,125,1,0.3003,0.421,2176463,671836,1504627,671836,0,7248176,2237384,3711066127,3.7111,5.1027,1.1455,1504627,0,69.132,69.132,False,99.91,0.0,0.0,0.01,0.44,19522,400.2,0.0,0,True,False,671824,2237345,1.1455,1504639,12,0.001,69.132,671845,0,0,0,0.0,21,0.001,-9,5256,128,,0,0,0,False,134.0,141.0,146.0,134.35,109.0,161.0,134.0,0,0,54.0,53.0,85.1,3503,0,0,True,False,False
template,64,2,8000000,4.096,125,1,0.3003,0.423,2138447,1018277,1120170,1018277,0,7120274,3390503,3645580683,3.6456,5.0127,1.7359,1120170,0,52.382,52.382,False,99.89,0.01,0.0,0.013,0.31,21686,455.1,0.0,0,True,False,1018112,3389954,1.7357,1120335,165,0.008,52.39,1018304,0,0,0,0.0,192,0.009,-27,7969,128,,0,0,0,False,80.0,92.0,97.0,81.45,68.0,114.0,80.0,0,0,54.0,53.0,84.6,3499,0,0,True,False,False
hardcoded,64,2,8000000,4.096,125,1,0.3004,0.422,2391161,2384595,6566,2384595,0,7960438,7938580,4075744759,4.0757,5.6041,4.0646,6566,0,0.275,0.275,False,99.67,0.01,0.08,0.017,0.21,1679,136.1,0.0,0,False,False,2384376,7937850,4.0642,6785,219,0.009,0.284,2384563,0,0,0,0.0,187,0.008,32,18664,128,,0,0,0,False,16.0,37.0,42.0,19.59,4.0,114.0,16.0,0,0,54.0,53.0,84.5,3499,0,0,True,False,False
p1_static,64,2,8000000,4.096,125,1,0.3004,0.424,2363385,2362885,500,2362885,0,7867188,7865524,4028000732,4.028,5.5385,4.0271,500,0,0.021,0.021,False,94.44,0.01,3.578,0.007,0.2,4900,164.8,0.0,0,False,False,2361603,7861257,4.025,1782,1282,0.054,0.075,2362638,0,0,0,0.0,1035,0.044,247,18487,128,,0,0,0,False,14.0,27.0,38.0,15.93,3.0,61.0,14.0,0,0,54.0,53.0,80.4,3494,0,0,True,False,False
baseline,64,2,8000000,4.096,125,1,0.3003,0.428,2376451,2376169,282,2376169,0,7912401,7911462,4051149601,4.0511,5.5703,4.0507,282,0,0.012,0.012,False,55.94,0.02,34.42,0.003,0.18,2954,171.7,0.0,0,False,False,2375876,7910487,4.0502,575,293,0.012,0.024,2376034,0,0,0,0.0,158,0.007,135,18592,128,,0,0,0,False,16.0,24.0,34.0,16.75,3.0,57.0,16.0,0,0,54.0,53.0,52.8,3498,0,0,True,False,False
rxonly,64,2,8000000,4.096,125,1,0.3003,0.419,2401339,2401339,0,2401446,2401394,7995983,7996339,4093943524,4.0939,5.6292,4.0941,-107,-107,-0.004,0.0,True,58.94,0.01,40.993,0.003,0.55,1321,116.1,0.0,0,False,False,,,,,,,,,,,,,,,,0,128,,0,0,0,False,,,,,,,,0,0,54.0,53.0,57.3,3500,0,0,True,False,False
modular,64,2,9000000,4.608,111,1,0.3003,0.428,2385556,679293,1706263,679293,0,7944017,2262078,4067336784,4.0673,5.5926,1.1582,1706263,0,71.525,71.525,False,100.21,0.03,0.0,0.03,0.27,34156,483.3,0.0,0,True,False,679168,2261662,1.158,1706388,125,0.005,71.53,679309,0,0,0,0.0,141,0.006,-16,2657,256,,0,0,0,False,125.0,129.0,136.0,124.99,115.0,157.0,125.0,0,0,54.0,52.0,83.9,3497,0,0,True,False,False
template,64,2,9000000,4.608,111,1,0.3003,0.432,2364340,1001603,1362737,1001603,0,7873918,3335620,4031446306,4.0314,5.5432,1.7078,1362737,0,57.637,57.637,False,100.24,0.0,0.0,0.007,0.13,38253,601.6,0.0,0,True,False,1001776,3336196,1.7081,1362564,-173,-0.007,57.63,1001551,0,0,0,0.0,-225,-0.01,52,3919,256,,0,0,0,False,88.0,91.0,96.0,87.67,72.0,115.0,88.0,0,0,54.0,52.0,83.1,3494,0,0,True,False,False
hardcoded,64,2,9000000,4.608,111,1,0.3004,0.419,2633278,2416042,217236,2416042,0,8767193,8043931,4488802981,4.4888,6.1721,4.1185,217236,0,8.25,8.25,False,99.88,0.0,0.0,0.01,0.07,12623,340.8,0.0,0,False,False,2416532,8045562,4.1193,216746,-490,-0.019,8.231,2415970,0,0,0,0.0,-562,-0.021,72,9456,256,,0,0,0,False,37.0,42.0,44.0,37.62,21.0,65.0,37.0,0,0,54.0,53.0,85.4,3499,0,0,True,False,False
p1_static,64,2,9000000,4.608,111,1,0.3004,0.43,2679295,2603259,76036,2603259,0,8918695,8665590,4566371995,4.5664,6.2788,4.4368,76036,0,2.838,2.838,False,99.94,0.0,0.107,0.01,0.05,8575,289.2,0.0,0,False,False,2603509,8666422,4.4372,75786,-250,-0.009,2.829,2603348,0,0,0,0.0,-161,-0.006,-89,10190,256,,0,0,0,False,33.0,38.0,40.0,33.84,13.0,66.0,33.0,0,0,54.0,53.0,82.9,3503,0,0,True,False,False
baseline,64,2,9000000,4.608,111,1,0.3004,0.432,2576416,2564603,11813,2564603,0,8577328,8538000,4391592089,4.3916,6.0384,4.3715,11813,0,0.459,0.459,False,59.18,0.01,29.586,0.0,0.05,9391,326.8,0.0,0,False,False,2562821,8532068,4.3684,13595,1782,0.069,0.528,2564567,0,0,0,0.0,1746,0.068,36,10027,256,,0,0,0,False,16.0,28.0,37.0,16.99,3.0,63.0,16.0,0,0,54.0,53.0,54.3,3497,0,0,True,False,False
rxonly,64,2,9000000,4.608,111,1,0.3002,0.423,2703898,2703532,366,2703532,2703453,9005922,9004703,4611032541,4.611,6.3402,4.6104,366,0,0.014,0.014,True,58.42,0.01,36.398,0.007,0.41,281,118.1,0.0,0,False,False,,,,,,,,,,,,,,,,0,256,,0,0,0,False,,,,,,,,0,0,54.0,53.0,55.9,3502,0,0,True,False,False
modular,64,2,10000000,5.12,100,1,0.3003,0.421,2573414,674429,1898985,674429,0,8568977,2245719,4387316576,4.3873,6.0326,1.1498,1898985,0,73.792,73.792,False,99.89,0.01,0.0,0.013,0.15,57329,596.7,0.0,0,True,False,674398,2245616,1.1498,1899016,31,0.001,73.794,674416,0,0,0,0.0,18,0.001,13,2639,256,,0,0,0,False,129.0,133.0,137.0,129.19,116.0,177.0,129.0,0,0,54.0,53.0,85.2,3499,0,0,True,False,False
template,64,2,10000000,5.12,100,1,0.3003,0.423,2581749,1046416,1535333,1046416,0,8596941,3484450,4401633868,4.4016,6.0522,1.784,1535333,0,59.469,59.469,False,99.9,0.0,0.0,0.01,0.07,48644,638.5,0.0,0,True,False,1046544,3484876,1.7843,1535205,-128,-0.005,59.464,1046408,0,0,0,0.0,-136,-0.005,8,4095,256,,0,0,0,False,76.0,89.0,94.0,79.53,66.0,108.0,76.0,0,0,54.0,53.0,84.4,3498,0,0,True,False,False
hardcoded,64,2,10000000,5.12,100,1,0.3005,0.425,2676635,2379781,296854,2379781,0,8908684,7920660,4561246255,4.5612,6.2717,4.0554,296854,0,11.091,11.091,False,99.8,0.0,0.143,0.013,0.0,131833,1201.6,0.0,0,True,False,2378852,7917568,4.0538,297783,929,0.035,11.125,2379934,0,0,0,0.0,1082,0.04,-153,9313,256,,0,0,0,False,37.0,42.0,45.0,37.12,12.0,144.0,37.0,0,0,54.0,53.0,83.9,3498,0,0,True,False,False
p1_static,64,2,10000000,5.12,100,1,0.3004,0.422,2776943,2597008,179935,2597008,0,9244670,8645651,4733271066,4.7333,6.5082,4.4266,179935,0,6.48,6.48,False,99.82,0.0,0.053,0.01,0.0,366993,1353.1,0.0,0,True,False,2597397,8646946,4.4272,179546,-389,-0.014,6.466,2597106,0,0,0,0.0,-291,-0.01,-98,10165,256,,0,0,0,False,33.0,38.0,40.0,33.33,7.0,57.0,33.0,0,0,54.0,53.0,84.5,3497,0,0,True,False,False
baseline,64,2,10000000,5.12,100,1,0.3004,0.42,2684802,2657199,27603,2657199,0,8937242,8845356,4575868078,4.5759,6.2918,4.5288,27603,0,1.028,1.028,False,60.15,0.02,27.18,0.007,0.0,318134,1268.6,0.0,0,True,False,2653219,8832107,4.522,31583,3980,0.148,1.176,2657236,0,0,0,0.0,4017,0.15,-37,10384,256,,0,0,0,False,15.0,29.0,37.0,16.59,3.0,55.0,15.0,0,0,54.0,53.0,55.9,3499,0,0,True,False,False
rxonly,64,2,10000000,5.12,100,1,0.3003,0.421,2996178,2995633,545,2995633,2995775,9978298,9976483,5108888929,5.1089,7.0247,5.108,545,0,0.018,0.018,True,57.2,0.01,38.346,0.003,0.27,5859,151.0,0.0,0,False,False,,,,,,,,,,,,,,,,0,256,,0,0,0,False,,,,,,,,0,0,54.0,53.0,55.2,3496,0,0,True,False,False
modular,64,2,11000000,5.632,91,1,0.3003,0.419,2777367,715572,2061795,715572,0,9248122,2382723,4735038595,4.735,6.5107,1.22,2061795,0,74.236,74.236,False,99.89,0.0,0.0,0.01,0.03,83009,775.8,0.0,0,True,False,715456,2382337,1.2198,2061911,116,0.004,74.24,715594,0,0,0,0.0,138,0.005,-22,2800,256,,0,0,0,False,123.0,129.0,137.0,123.66,113.0,175.0,123.0,0,0,54.0,53.0,85.3,3498,0,0,True,False,False
template,64,2,11000000,5.632,91,1,0.3002,0.418,2682860,1030655,1652205,1030655,0,8935581,3432718,4575017919,4.575,6.2906,1.7576,1652205,0,61.584,61.584,False,99.92,0.0,0.0,0.01,0.01,231464,937.3,0.0,0,True,False,1030548,3432361,1.7574,1652312,107,0.004,61.588,1030678,0,0,0,0.0,130,0.005,-23,4031,256,,0,0,0,False,85.0,91.0,96.0,85.79,72.0,113.0,85.0,0,0,54.0,53.0,85.4,3494,0,0,True,False,False
hardcoded,64,2,11000000,5.632,91,1,0.3005,0.419,2652506,2449415,203091,2449415,0,8827688,8151790,4519776676,4.5198,6.2147,4.1737,203091,0,7.657,7.657,False,99.52,0.01,0.106,0.013,0.0,1493046,1417.6,0.0,0,True,False,2448271,8147983,4.1718,204235,1144,0.043,7.7,2449518,0,0,0,0.0,1247,0.047,-103,9586,256,,0,0,0,False,34.0,40.0,44.0,34.84,15.0,92.0,34.0,0,0,55.0,54.0,85.0,3497,0,0,True,False,False
p1_static,64,2,11000000,5.632,91,1,0.3004,0.436,2747916,2585569,162347,2585569,0,9146399,8606029,4682956623,4.683,6.4391,4.4063,162347,0,5.908,5.908,False,99.97,0.01,0.08,0.017,0.0,1706805,1421.2,0.0,0,True,False,2585994,8607444,4.407,161922,-425,-0.015,5.893,2585533,0,0,0,0.0,-461,-0.017,36,10122,256,,0,0,0,False,33.0,38.0,41.0,33.39,11.0,81.0,33.0,0,0,54.0,54.0,81.9,3500,0,0,True,False,False
baseline,64,2,11000000,5.632,91,1,0.3004,0.437,2644359,2617619,26740,2617619,0,8802648,8713635,4506956095,4.507,6.1971,4.4614,26740,0,1.011,1.011,False,59.26,0.01,26.677,0.01,0.0,1379124,1350.7,0.0,0,True,False,2614239,8702383,4.4556,30120,3380,0.128,1.139,2617945,0,0,0,0.0,3706,0.14,-326,10231,256,,0,0,0,False,16.0,30.0,38.0,17.32,3.0,59.0,16.0,0,0,54.0,52.0,53.2,3497,0,0,True,False,False
rxonly,64,2,11000000,5.632,91,1,0.3003,0.43,3281347,3281347,0,3281394,3281476,10927580,10927736,5594921063,5.5949,7.693,5.595,-47,-47,-0.001,0.0,True,57.76,0.01,32.989,0.007,0.2,15407,195.0,0.0,0,False,False,,,,,,,,,,,,,,,,0,256,,0,0,0,False,,,,,,,,0,0,54.0,52.0,53.4,3500,0,0,True,False,False
modular,64,2,12000000,6.144,83,1,0.3003,0.419,2831985,708479,2123506,708479,0,9429508,2358984,4827908127,4.8279,6.6384,1.2078,2123506,0,74.983,74.983,False,99.89,0.01,0.0,0.013,0.0,414185,1036.6,0.0,0,True,False,708406,2358741,1.2077,2123579,73,0.003,74.986,708488,0,0,0,0.0,82,0.003,-9,2772,256,,0,0,0,False,110.0,115.0,125.0,110.55,102.0,152.0,110.0,0,0,54.0,53.0,85.5,3496,0,0,True,False,False
template,64,2,12000000,6.144,83,1,0.3003,0.425,2684880,1040851,1644029,1040851,0,8940919,3466138,4577750959,4.5778,6.2944,1.7747,1644029,0,61.233,61.233,False,99.9,0.01,0.0,0.017,0.0,599774,1079.9,0.0,0,True,False,1040813,3466011,1.7746,1644067,38,0.001,61.234,1040866,0,0,0,0.0,53,0.002,-15,4072,256,,0,0,0,False,83.0,90.0,96.0,84.74,73.0,109.0,83.0,0,0,54.0,53.0,84.1,3498,0,0,True,False,False
hardcoded,64,2,12000000,6.144,83,1,0.3004,0.425,2691186,2424197,266989,2424197,0,8958244,8069508,4586621030,4.5866,6.3066,4.1316,266989,0,9.921,9.921,False,99.63,0.0,0.103,0.01,0.0,2210403,1304.4,0.0,0,True,False,2424354,8070031,4.1319,266832,-157,-0.006,9.915,2424145,0,0,0,0.0,-209,-0.008,52,9489,256,,0,0,0,False,35.0,40.0,44.0,35.59,12.0,82.0,35.0,0,0,54.0,53.0,83.9,3494,0,0,True,False,False
p1_static,64,2,12000000,6.144,83,1,0.3004,0.422,2778501,2576659,201842,2576659,0,9247910,8576103,4734930221,4.7349,6.5105,4.391,201842,0,7.264,7.264,False,99.28,0.0,0.206,0.013,0.0,2409384,1309.0,0.0,0,True,False,2575524,8572325,4.389,202977,1135,0.041,7.305,2576705,0,0,0,0.0,1181,0.043,-46,10082,256,,0,0,0,False,34.0,39.0,42.0,34.42,10.0,71.0,34.0,0,0,54.0,53.0,84.3,3496,0,0,True,False,False
baseline,64,2,12000000,6.144,83,1,0.3003,0.42,2633657,2604678,28979,2604678,0,8769718,8673222,4490095851,4.4901,6.1739,4.4407,28979,0,1.1,1.1,False,60.19,0.01,23.822,0.003,0.0,2090502,1274.5,0.0,0,True,False,2603012,8667674,4.4378,30645,1666,0.063,1.164,2604686,0,0,0,0.0,1674,0.064,-8,10184,256,,0,0,0,False,17.0,30.0,37.0,17.46,2.0,65.0,17.0,0,0,54.0,53.0,55.8,3498,0,0,True,False,False
rxonly,64,2,12000000,6.144,83,1,0.3003,0.427,3522932,3515423,7509,3515423,3515469,11729488,11704487,6005498269,6.0055,8.2576,5.9927,7509,0,0.213,0.213,True,50.56,0.02,46.126,0.007,0.03,69126,430.7,0.0,0,False,False,,,,,,,,,,,,,,,,0,256,,0,0,0,False,,,,,,,,0,0,54.0,53.0,50.4,3498,0,0,True,False,False
rxonly,64,3,500000,0.256,2000,1,0.3003,0.418,150125,150125,0,150138,150138,499988,500032,255994303,0.256,0.352,0.256,-13,-13,-0.009,0.0,True,18.58,0.01,71.795,0.0,35.76,0,68.3,0.0,0,False,False,,,,,,,,,,,,,,,,0,8,,0,0,0,False,,,,,,,,0,0,54.0,53.0,27.8,3494,0,0,True,False,False
baseline,64,3,500000,0.256,2000,1,0.3003,0.419,150137,150137,0,150158,0,499967,500037,255983509,0.256,0.352,0.256,-21,-21,-0.014,0.0,False,13.5,0.01,69.982,0.0,34.83,0,75.8,0.0,0,False,False,150133,499954,0.256,4,25,0.017,0.003,150157,0,0,0,0.0,24,0.016,1,18791,8,,0,0,0,False,17.0,22.0,23.0,16.8,8.0,41.0,17.0,0,0,54.0,53.0,23.2,3495,0,0,True,False,False
p1_static,64,3,500000,0.256,2000,1,0.3003,0.423,150191,150080,111,150080,0,500186,499816,256095569,0.2561,0.3521,0.2559,111,0,0.074,0.074,False,16.15,0.02,68.961,0.0,34.3,0,79.4,0.0,0,False,False,150173,500126,0.2561,18,-93,-0.062,0.012,150072,0,0,0,0.0,-101,-0.067,8,18798,8,,0,0,0,False,17.0,22.0,24.0,17.45,8.0,42.0,17.0,0,0,54.0,52.0,24.4,3501,0,0,True,False,False
hardcoded,64,3,500000,0.256,2000,1,0.3003,0.423,150147,150131,16,150131,0,500025,499972,256013071,0.256,0.352,0.256,16,0,0.011,0.011,False,16.52,0.02,68.989,0.0,34.33,0,76.6,0.0,0,False,False,150144,500015,0.256,3,-13,-0.009,0.002,150124,0,0,0,0.0,-20,-0.013,7,18793,8,,0,0,0,False,18.0,23.0,24.0,17.76,9.0,38.0,18.0,0,0,54.0,52.0,25.7,3493,0,0,True,False,False
template,64,3,500000,0.256,2000,1,0.3002,0.431,150152,150109,43,150109,0,500093,499950,256047793,0.256,0.3521,0.256,43,0,0.029,0.029,False,25.31,0.01,69.313,0.0,34.49,0,74.6,0.0,0,False,False,150147,500076,0.256,5,-38,-0.025,0.003,150099,0,0,0,0.0,-48,-0.032,10,18787,8,,0,0,0,False,18.0,23.0,25.0,18.17,8.0,47.0,18.0,0,0,54.0,52.0,32.7,3498,0,0,True,False,False
modular,64,3,500000,0.256,2000,1,0.3002,0.425,150133,150102,31,150102,0,500036,499933,256018729,0.256,0.352,0.256,31,0,0.021,0.021,False,32.83,0.02,69.454,0.0,34.58,0,76.2,0.0,0,False,False,150127,500016,0.256,6,-25,-0.017,0.004,150105,0,0,0,0.0,-22,-0.015,-3,18789,8,,0,0,0,False,19.0,25.0,27.0,19.55,9.0,56.0,19.0,0,0,54.0,52.0,39.7,3498,0,0,True,False,False
rxonly,64,3,1000000,0.512,1000,1,0.3003,0.426,300256,300256,0,300297,300282,999966,1000103,511982872,0.512,0.704,0.5121,-41,-41,-0.014,0.0,True,31.87,0.01,61.888,0.0,14.84,0,89.0,0.0,0,False,False,,,,,,,,,,,,,,,,0,16,,0,0,0,False,,,,,,,,0,0,54.0,52.0,36.4,3501,0,0,True,False,False
baseline,64,3,1000000,0.512,1000,1,0.3003,0.423,300272,300255,17,300255,0,1000006,999950,512003500,0.512,0.704,0.512,17,0,0.006,0.006,False,15.56,0.01,56.862,0.0,13.56,1,94.1,0.0,0,False,False,300256,999953,0.512,16,-1,-0.0,0.005,300253,0,0,0,0.0,-3,-0.001,2,18790,16,,0,0,0,False,21.0,26.0,28.0,20.73,9.0,49.0,21.0,0,0,54.0,52.0,23.0,3498,0,0,True,False,False
p1_static,64,3,1000000,0.512,1000,1,0.3004,0.425,300396,300396,0,300478,0,999935,1000208,511966972,0.512,0.704,0.5121,-82,-82,-0.027,0.0,False,20.47,0.02,58.566,0.0,13.99,1,94.0,0.0,0,False,False,300376,999868,0.5119,20,102,0.034,0.007,300478,0,0,0,0.0,102,0.034,0,18806,16,,0,0,0,False,21.0,26.0,28.0,21.3,11.0,46.0,21.0,0,0,54.0,53.0,27.2,3495,0,0,True,False,False
hardcoded,64,3,1000000,0.512,1000,1,0.3003,0.436,300295,300295,0,300307,0,999885,999925,511941586,0.5119,0.7039,0.512,-12,-12,-0.004,0.0,False,21.67,0.01,60.264,0.0,14.43,2,90.8,0.0,0,False,False,300289,999865,0.5119,6,18,0.006,0.002,300320,0,0,0,0.0,31,0.01,-13,18799,16,,0,0,0,False,20.0,25.0,28.0,20.55,11.0,46.0,20.0,0,0,54.0,53.0,27.8,3498,0,0,True,False,False
template,64,3,1000000,0.512,1000,1,0.3002,0.421,300251,300237,14,300237,0,1000012,999966,512006569,0.512,0.704,0.512,14,0,0.005,0.005,False,37.23,0.01,60.257,0.0,14.44,0,86.7,0.0,0,False,False,300248,1000002,0.512,3,-11,-0.004,0.001,300237,0,0,0,0.0,-11,-0.004,0,18787,16,,0,0,0,False,23.0,33.0,36.0,23.39,10.0,50.0,23.0,0,0,54.0,52.0,40.3,3495,0,0,True,False,False
modular,64,3,1000000,0.512,1000,1,0.3003,0.43,300287,300239,48,300239,0,1000031,999871,512016095,0.512,0.704,0.5119,48,0,0.016,0.016,False,49.35,0.01,45.465,0.0,15.0,2,83.9,0.0,0,False,False,300278,1000001,0.512,9,-39,-0.013,0.003,300259,0,0,0,0.0,-19,-0.006,-20,18793,16,,0,0,0,False,26.0,38.0,44.0,27.27,11.0,74.0,26.0,0,0,54.0,52.0,48.2,3499,0,0,True,False,False
rxonly,64,3,1500000,0.768,667,1,0.3002,0.421,450095,450095,0,450112,450126,1499107,1499163,767542819,0.7675,1.0554,0.7676,-17,-17,-0.004,0.0,True,44.5,0.01,51.842,0.0,7.85,3,103.0,0.0,0,False,False,,,,,,,,,,,,,,,,0,32,,0,0,0,False,,,,,,,,0,0,54.0,52.0,46.4,3500,0,0,True,False,False
baseline,64,3,1500000,0.768,667,1,0.3002,0.423,450094,450094,0,450106,0,1499152,1499192,767565919,0.7676,1.0554,0.7676,-12,-12,-0.003,0.0,False,17.6,0.01,48.666,0.0,7.31,3,104.7,0.0,0,False,False,450082,1499112,0.7675,12,24,0.005,0.003,450117,0,0,0,0.0,35,0.008,-11,14081,32,,0,0,0,False,25.0,30.0,32.0,24.54,13.0,48.0,25.0,0,0,53.0,52.0,23.6,3497,0,0,True,False,False
p1_static,64,3,1500000,0.768,667,1,0.3003,0.419,450316,450263,53,450263,0,1499392,1499215,767688915,0.7677,1.0556,0.7676,53,0,0.012,0.012,False,24.22,0.02,47.464,0.0,7.11,1,110.6,0.0,0,False,False,450312,1499379,0.7677,4,-49,-0.011,0.001,450253,0,0,0,0.0,-59,-0.013,10,14094,32,,0,0,0,False,27.0,32.0,35.0,26.87,12.0,53.0,27.0,0,0,53.0,52.0,29.3,3497,0,0,True,False,False
hardcoded,64,3,1500000,0.768,667,1,0.3003,0.419,450282,450282,0,450292,0,1499235,1499268,767608525,0.7676,1.0555,0.7676,-10,-10,-0.002,0.0,False,25.72,0.01,48.488,0.0,7.28,2,107.8,0.0,0,False,False,450265,1499178,0.7676,17,27,0.006,0.004,450289,0,0,0,0.0,24,0.005,3,14096,32,,0,0,0,False,26.0,32.0,35.0,26.38,12.0,70.0,26.0,0,0,53.0,52.0,30.6,3498,0,0,True,False,False
template,64,3,1500000,0.768,667,1,0.3004,0.419,450353,450318,35,450318,0,1499309,1499193,767646673,0.7676,1.0555,0.7676,35,0,0.008,0.008,False,48.62,0.01,32.293,0.0,8.32,3,92.0,0.0,0,False,False,450312,1499173,0.7676,41,6,0.001,0.009,450325,0,0,0,0.0,13,0.003,-7,14097,32,,0,0,0,False,33.0,48.0,57.0,34.21,9.0,69.0,33.0,0,0,54.0,52.0,46.9,3492,0,0,True,False,False
modular,64,3,1500000,0.768,667,1,0.3004,0.431,450329,450329,0,450402,0,1499206,1499449,767593630,0.7676,1.0554,0.7677,-73,-73,-0.016,0.0,False,65.83,0.01,21.826,0.007,8.47,2,93.6,0.0,0,False,False,450328,1499202,0.7676,1,74,0.016,0.0,450424,0,0,0,0.0,96,0.021,-22,14097,32,,0,0,0,False,38.0,56.0,63.0,39.07,11.0,72.0,38.0,0,0,54.0,52.0,57.9,3498,0,0,True,False,False
rxonly,64,3,2000000,1.024,500,1,0.3003,0.437,600541,600422,119,600422,600422,2000044,1999648,1024023024,1.024,1.408,1.0238,119,0,0.02,0.02,True,52.12,0.01,46.835,0.0,5.0,2,112.3,0.0,0,False,False,,,,,,,,,,,,,,,,0,32,,0,0,0,False,,,,,,,,0,0,53.0,52.0,50.9,3498,0,0,True,False,False
baseline,64,3,2000000,1.024,500,1,0.3003,0.421,600551,600551,0,600573,0,1999851,1999925,1023924128,1.0239,1.4079,1.024,-22,-22,-0.004,0.0,False,20.44,0.01,41.998,0.0,4.38,5,122.6,0.0,0,False,False,600532,1999788,1.0239,19,41,0.007,0.003,600566,0,0,0,0.0,34,0.006,7,18794,32,,0,0,0,False,29.0,34.0,37.0,28.61,10.0,47.0,29.0,0,0,53.0,52.0,24.6,3498,0,0,True,False,False
p1_static,64,3,2000000,1.024,500,1,0.3003,0.419,600669,600600,69,600600,0,2000182,1999952,1024093281,1.0241,1.4081,1.024,69,0,0.011,0.011,False,26.91,0.0,23.26,0.0,4.41,3,117.9,0.0,0,False,False,600642,2000092,1.024,27,-42,-0.007,0.004,600564,0,0,0,0.0,-78,-0.013,36,18801,32,,0,0,0,False,38.0,47.0,50.0,38.07,11.0,64.0,38.0,0,0,53.0,52.0,27.5,3498,0,0,True,False,False
hardcoded,64,3,2000000,1.024,500,1,0.3004,0.424,600664,600664,0,600801,0,1999721,2000177,1023857265,1.0239,1.4078,1.0241,-137,-137,-0.023,0.0,False,28.45,0.01,26.377,0.0,5.21,3,103.5,0.0,0,False,False,600689,1999804,1.0239,-25,112,0.019,-0.004,600839,0,0,0,0.0,150,0.025,-38,18806,32,,0,0,0,False,33.0,42.0,45.0,33.28,11.0,57.0,33.0,0,0,53.0,52.0,28.8,3496,0,0,True,False,False
template,64,3,2000000,1.024,500,1,0.3003,0.422,600499,600499,0,600551,0,1999801,1999975,1023898580,1.0239,1.4079,1.024,-52,-52,-0.009,0.0,False,61.83,0.0,16.371,0.0,4.89,3,107.9,0.0,0,False,False,600466,1999692,1.0238,33,85,0.014,0.005,600534,0,0,0,0.0,68,0.011,17,18789,32,,0,0,0,False,38.0,52.0,59.0,37.95,8.0,67.0,38.0,0,0,53.0,52.0,55.2,3500,0,0,True,False,False
modular,64,3,2000000,1.024,500,1,0.3003,0.43,600713,600548,165,600548,0,2000208,1999658,1024106549,1.0241,1.4081,1.0238,165,0,0.027,0.027,False,88.06,0.0,7.106,0.01,4.59,3,110.1,0.0,0,False,False,600680,2000098,1.0241,33,-132,-0.022,0.005,600545,0,0,0,0.0,-135,-0.022,3,18800,32,,0,0,0,False,36.0,53.0,64.0,36.67,10.0,83.0,36.0,0,0,53.0,52.0,74.5,3495,0,0,True,False,False
rxonly,64,3,2500000,1.28,400,1,0.3002,0.428,750577,750371,206,750371,750388,2499915,2499229,1279956702,1.28,1.7599,1.2796,206,0,0.027,0.027,True,62.72,0.01,41.25,0.0,3.23,6,120.0,0.0,0,False,False,,,,,,,,,,,,,,,,0,64,,0,0,0,False,,,,,,,,0,0,53.0,52.0,59.2,3498,0,0,True,False,False
baseline,64,3,2500000,1.28,400,1,0.3003,0.421,750681,750583,98,750583,0,2499980,2499654,1279989980,1.28,1.76,1.2798,98,0,0.013,0.013,False,23.46,0.02,42.231,0.0,3.33,5,113.5,0.0,0,False,False,750650,2499877,1.2799,31,-67,-0.009,0.004,750552,0,0,0,0.0,-98,-0.013,31,11745,64,,0,0,0,False,27.0,37.0,42.0,27.59,8.0,58.0,27.0,0,0,53.0,52.0,27.7,3497,0,0,True,False,False
p1_static,64,3,2500000,1.28,400,1,0.3004,0.424,750826,750826,0,751105,0,2499279,2500208,1279631206,1.2796,1.7595,1.2801,-279,-279,-0.037,0.0,False,32.0,0.01,21.88,0.003,3.21,4,116.5,0.0,0,False,False,750874,2499439,1.2797,-48,231,0.031,-0.006,751222,0,0,0,0.0,348,0.046,-117,11758,64,,0,0,0,False,39.0,48.0,51.0,38.86,12.0,59.0,39.0,0,0,53.0,51.0,31.2,3500,0,0,True,False,False
hardcoded,64,3,2500000,1.28,400,1,0.3004,0.422,750925,750788,137,750788,0,2500075,2499619,1280038805,1.28,1.7601,1.2798,137,0,0.018,0.018,False,33.43,0.01,21.77,0.0,3.25,4,115.1,0.0,0,False,False,750898,2499985,1.28,27,-110,-0.015,0.004,750862,0,0,0,0.0,-36,-0.005,-74,11753,64,,0,0,0,False,40.0,48.0,51.0,39.24,16.0,68.0,40.0,0,0,53.0,51.0,32.7,3501,0,0,True,False,False
template,64,3,2500000,1.28,400,1,0.3003,0.423,750703,750703,0,750755,0,2499629,2499802,1279810187,1.2798,1.7597,1.2799,-52,-52,-0.007,0.0,False,75.75,0.01,14.401,0.0,3.46,4,105.9,0.0,0,False,False,750677,2499542,1.2798,26,78,0.01,0.003,750719,0,0,0,0.0,42,0.006,36,11748,64,,0,0,0,False,31.0,45.0,53.0,30.96,7.0,62.0,31.0,0,0,53.0,53.0,66.2,3500,0,0,True,False,False
modular,64,3,2500000,1.28,400,1,0.3003,0.43,750589,683819,66770,683819,0,2499387,2277050,1279686428,1.2797,1.7596,1.1658,66770,0,8.896,8.896,False,99.9,0.0,0.0,0.01,3.48,7,142.9,0.0,0,False,False,683776,2276906,1.1658,66813,43,0.006,8.901,683859,0,0,0,0.0,83,0.011,-40,10703,64,,0,0,0,False,124.0,136.0,142.0,125.48,90.0,170.0,124.0,0,0,54.0,53.0,83.4,3499,0,0,True,False,False
rxonly,64,3,3000000,1.536,333,1,0.3003,0.434,901533,901478,55,901478,901467,3002482,3002299,1537270987,1.5373,2.1137,1.5372,55,0,0.006,0.006,True,60.22,0.02,42.856,0.007,2.66,8,122.7,0.0,0,False,False,,,,,,,,,,,,,,,,0,64,,0,0,0,False,,,,,,,,0,0,53.0,52.0,56.2,3493,0,0,True,False,False
baseline,64,3,3000000,1.536,333,1,0.3003,0.425,901361,901361,0,901439,0,3001919,3002179,1536982941,1.537,2.1134,1.5371,-78,-78,-0.009,0.0,False,26.14,0.01,39.769,0.0,2.39,5,120.7,0.0,0,False,False,901297,3001706,1.5369,64,142,0.016,0.007,901417,0,0,0,0.0,120,0.013,22,14100,64,,0,0,0,False,27.0,36.0,41.0,27.12,9.0,49.0,27.0,0,0,53.0,52.0,28.7,3498,0,0,True,False,False
p1_static,64,3,3000000,1.536,333,1,0.3004,0.43,901951,901951,0,901980,0,3002900,3002997,1537485157,1.5375,2.114,1.5375,-29,-29,-0.003,0.0,False,37.73,0.0,21.504,0.0,2.47,3,115.1,0.0,0,False,False,901917,3002787,1.5374,34,63,0.007,0.004,901901,0,0,0,0.0,-16,-0.002,79,14117,64,,0,0,0,False,36.0,45.0,49.0,36.19,12.0,58.0,36.0,0,0,53.0,52.0,35.3,3495,0,0,True,False,False
hardcoded,64,3,3000000,1.536,333,1,0.3005,0.422,902090,902090,0,902401,0,3002013,3003048,1537030737,1.537,2.1134,1.5376,-311,-311,-0.034,0.0,False,39.89,0.01,24.31,0.0,2.47,6,109.8,0.0,0,False,False,902087,3002003,1.537,3,314,0.035,0.0,902481,0,0,0,0.0,394,0.044,-80,14129,64,,0,0,0,False,34.0,44.0,48.0,33.48,8.0,62.0,34.0,0,0,53.0,52.0,37.8,3497,0,0,True,False,False
template,64,3,3000000,1.536,333,1,0.3003,0.422,901566,901545,21,901545,0,3002385,3002315,1537221359,1.5372,2.1137,1.5372,21,0,0.002,0.002,False,89.98,0.0,6.254,0.007,2.33,8,114.0,0.0,0,False,False,901519,3002228,1.5371,47,26,0.003,0.005,901528,0,0,0,0.0,9,0.001,17,14105,64,,0,0,0,False,29.0,43.0,52.0,29.53,8.0,73.0,29.0,0,0,53.0,53.0,76.6,3497,0,0,True,False,False
modular,64,3,3000000,1.536,333,1,0.3003,0.43,901412,695216,206196,695216,0,3001751,2315107,1536896735,1.5369,2.1132,1.1853,206196,0,22.875,22.875,False,99.9,0.0,0.0,0.01,2.79,122,262.7,0.0,0,False,False,695179,2314984,1.1853,206233,37,0.004,22.879,695225,0,0,0,0.0,46,0.005,-9,10881,64,,0,0,0,False,126.0,133.0,141.0,124.52,93.0,158.0,126.0,0,0,54.0,53.0,83.5,3497,0,0,True,False,False
rxonly,64,3,3500000,1.792,286,1,0.3003,0.427,1049727,1049655,72,1049655,1049669,3495802,3495562,1789850984,1.7899,2.461,1.7897,72,0,0.007,0.007,True,65.82,0.02,40.768,0.003,1.99,17,117.7,0.0,0,False,False,,,,,,,,,,,,,,,,0,64,,0,0,0,False,,,,,,,,0,0,53.0,52.0,62.2,3495,0,0,True,False,False
baseline,64,3,3500000,1.792,286,1,0.3003,0.423,1049561,1049418,143,1049418,0,3495470,3494994,1789681109,1.7897,2.4608,1.7894,143,0,0.014,0.014,False,29.36,0.01,37.73,0.0,1.77,8,115.8,0.0,0,False,False,1049543,3495410,1.7897,18,-125,-0.012,0.002,1049463,0,0,0,0.0,-80,-0.008,-45,16418,64,,0,0,0,False,27.0,36.0,40.0,27.24,6.0,60.0,27.0,0,0,53.0,52.0,31.5,3496,0,0,True,False,False
p1_static,64,3,3500000,1.792,286,1,0.3004,0.42,1050320,1049918,402,1049918,0,3496565,3495227,1790241603,1.7902,2.4616,1.7896,402,0,0.038,0.038,False,42.6,0.0,20.4,0.0,1.73,8,116.9,0.0,0,False,False,1050247,3496322,1.7901,73,-329,-0.031,0.007,1049989,0,0,0,0.0,-258,-0.025,-71,16442,64,,0,0,0,False,37.0,45.0,49.0,36.23,11.0,64.0,37.0,0,0,53.0,52.0,40.0,3496,0,0,True,False,False
hardcoded,64,3,3500000,1.792,286,1,0.3004,0.421,1050210,1050192,18,1050192,0,3496308,3496248,1790109789,1.7901,2.4614,1.7901,18,0,0.002,0.002,False,45.25,0.0,20.541,0.0,1.71,10,115.2,0.0,0,False,False,1050238,3496401,1.7902,-28,-46,-0.004,-0.003,1050177,0,0,0,0.0,-61,-0.006,15,16441,64,,0,0,0,False,36.0,44.0,48.0,35.48,9.0,62.0,36.0,0,0,53.0,52.0,42.3,3494,0,0,True,False,False
template,64,3,3500000,1.792,286,1,0.3002,0.43,1049320,1027656,21664,1027656,0,3494981,3422825,1789430612,1.7894,2.4605,1.7525,21664,0,2.065,2.065,False,99.92,0.01,0.0,0.013,1.78,91,123.5,0.0,0,False,False,1027545,3422455,1.7523,21775,111,0.011,2.075,1027669,0,0,0,0.0,124,0.012,-13,16073,64,,0,0,0,False,70.0,92.0,104.0,58.24,12.0,112.0,70.0,0,0,53.0,52.0,83.3,3503,0,0,True,False,False
modular,64,3,3500000,1.792,286,1,0.3003,0.424,1044987,696544,348443,696544,0,3479798,2319485,1781656602,1.7817,2.4498,1.1876,348443,0,33.344,33.344,False,99.9,0.01,0.0,0.013,2.33,3847,481.2,0.0,0,False,False,696528,2319432,1.1875,348459,16,0.002,33.346,696545,0,0,0,0.0,17,0.002,-1,10903,64,,0,0,0,False,122.0,134.0,140.0,121.78,80.0,174.0,122.0,0,0,54.0,52.0,84.2,3498,0,0,True,False,False
rxonly,64,3,4000000,2.048,250,1,0.3002,0.426,1200739,1200739,0,1200801,1200806,3999264,3999471,2047623441,2.0476,2.8155,2.0477,-62,-62,-0.005,0.0,True,63.29,0.01,42.03,0.0,1.7,15,115.2,0.0,0,False,False,,,,,,,,,,,,,,,,0,64,,0,0,0,False,,,,,,,,0,0,53.0,52.0,60.7,3500,0,0,True,False,False
baseline,64,3,4000000,2.048,250,1,0.3002,0.42,1200357,1200314,43,1200314,0,3998044,3997900,2046998633,2.047,2.8146,2.0469,43,0,0.004,0.004,False,33.59,0.01,36.548,0.003,1.34,13,115.9,0.0,0,False,False,1200320,3997920,2.0469,37,-6,-0.0,0.003,1200250,0,0,0,0.0,-70,-0.006,64,18776,64,,0,0,0,False,25.0,32.0,38.0,25.15,6.0,57.0,25.0,0,0,53.0,52.0,34.8,3502,0,0,True,False,False
p1_static,64,3,4000000,2.048,250,1,0.3003,0.419,1200681,1200681,0,1200858,0,3998452,3999041,2047207607,2.0472,2.8149,2.0475,-177,-177,-0.015,0.0,False,48.19,0.01,19.848,0.0,1.37,12,108.9,0.0,0,False,False,1200666,3998402,2.0472,15,192,0.016,0.001,1200857,0,0,0,0.0,191,0.016,1,18788,64,,0,0,0,False,33.0,42.0,46.0,33.14,8.0,67.0,33.0,0,0,53.0,51.0,44.8,3494,0,0,True,False,False
hardcoded,64,3,4000000,2.048,250,1,0.3004,0.424,1201235,1201048,187,1201048,0,3998957,3998335,2047466382,2.0475,2.8153,2.0471,187,0,0.016,0.016,False,51.07,0.01,19.668,0.007,1.36,15,106.3,0.0,0,False,False,1201181,3998778,2.0474,54,-133,-0.011,0.004,1200991,0,0,0,0.0,-190,-0.016,57,18800,64,,0,0,0,False,32.0,42.0,46.0,32.32,7.0,55.0,32.0,0,0,53.0,51.0,47.0,3499,0,0,True,False,False
template,64,3,4000000,2.048,250,1,0.3003,0.422,1195399,1030742,164657,1030742,0,3980290,3432036,2037908830,2.0379,2.8021,1.7572,164657,0,13.774,13.774,False,99.89,0.0,0.0,0.01,1.55,2233,252.0,0.0,0,False,False,1030328,3430657,1.7565,165071,414,0.035,13.809,1030786,0,0,0,0.0,458,0.038,-44,16128,64,,0,0,0,False,86.0,94.0,99.0,85.86,30.0,119.0,86.0,0,0,53.0,52.0,84.9,3496,0,0,True,False,False
modular,64,3,4000000,2.048,250,1,0.3003,0.422,1180816,672246,508570,672246,0,3932637,2238875,2013510173,2.0135,2.7686,1.1463,508570,0,43.069,43.069,False,99.91,0.0,0.0,0.01,1.94,7477,465.4,0.0,0,False,False,672345,2239204,1.1465,508471,-99,-0.008,43.061,672226,0,0,0,0.0,-119,-0.01,20,10521,64,,0,0,0,False,132.0,137.0,144.0,129.44,104.0,177.0,132.0,0,0,54.0,52.0,84.7,3497,0,0,True,False,False
rxonly,64,3,5000000,2.56,200,1,0.3005,0.424,1501485,1501485,0,1501576,1501528,4997411,4997714,2558674498,2.5587,3.5182,2.5588,-91,-91,-0.006,0.0,True,63.84,0.01,42.053,0.0,1.2,85,109.7,0.0,0,False,False,,,,,,,,,,,,,,,,0,128,,0,0,0,False,,,,,,,,0,0,53.0,51.0,61.3,3495,0,0,True,False,False
baseline,64,3,5000000,2.56,200,1,0.3003,0.421,1501408,1501408,0,1501519,0,4999513,4999882,2559750828,2.5598,3.5197,2.5599,-111,-111,-0.007,0.0,False,39.71,0.01,37.421,0.0,0.92,15,107.1,0.0,0,False,False,1501312,4999193,2.5596,96,207,0.014,0.006,1501411,0,0,0,0.0,99,0.007,108,11747,128,,0,0,0,False,22.0,28.0,33.0,22.16,6.0,42.0,22.0,0,0,53.0,51.0,40.3,3499,0,0,True,False,False
p1_static,64,3,5000000,2.56,200,1,0.3003,0.426,1501160,1501160,0,1501418,0,4998392,4999251,2559177025,2.5592,3.5189,2.5596,-258,-258,-0.017,0.0,False,59.69,0.01,22.798,0.003,0.91,18,106.6,0.0,0,False,False,1501193,4998502,2.5592,-33,225,0.015,-0.002,1501539,0,0,0,0.0,346,0.023,-121,11747,128,,0,0,0,False,25.0,36.0,42.0,25.43,5.0,58.0,25.0,0,0,53.0,52.0,54.1,3501,0,0,True,False,False
hardcoded,64,3,5000000,2.56,200,1,0.3004,0.423,1501299,1501266,33,1501266,0,4998296,4998186,2559127606,2.5591,3.5188,2.5591,33,0,0.002,0.002,False,63.87,0.01,23.322,0.0,0.94,17,105.0,0.0,0,False,False,1501287,4998256,2.5591,12,-21,-0.001,0.001,1501382,0,0,0,0.0,95,0.006,-116,11749,128,,0,0,0,False,23.0,36.0,42.0,24.15,5.0,54.0,23.0,0,0,53.0,52.0,58.1,3496,0,0,True,False,False
template,64,3,5000000,2.56,200,1,0.3003,0.419,1448281,1027847,420434,1027847,0,4822209,3422328,2468971333,2.469,3.3948,1.7522,420434,0,29.03,29.03,False,99.88,0.01,0.0,0.02,1.18,8712,358.1,0.0,0,False,False,1027824,3422252,1.7522,420457,23,0.002,29.031,1027853,0,0,0,0.0,29,0.002,-6,8044,128,,0,0,0,False,84.0,94.0,101.0,85.76,72.0,124.0,84.0,0,0,53.0,52.0,85.6,3495,0,0,True,False,False
modular,64,3,5000000,2.56,200,1,0.3003,0.42,1439448,702218,737230,702218,0,4793785,2338592,2454417977,2.4544,3.3748,1.1974,737230,0,51.216,51.216,False,99.89,0.02,0.0,0.02,1.36,9982,401.2,0.0,0,False,False,702208,2338559,1.1973,737240,10,0.001,51.217,702221,0,0,0,0.0,13,0.001,-3,5494,128,,0,0,0,False,127.0,132.0,139.0,123.72,104.0,178.0,127.0,0,0,54.0,52.0,85.1,3499,0,0,True,False,False
rxonly,64,3,6000000,3.072,167,1,0.3003,0.422,1797410,1797410,0,1797516,1797481,5986167,5986520,3064917597,3.0649,4.2143,3.0651,-106,-106,-0.006,0.0,True,61.34,0.02,39.712,0.01,0.92,91,105.5,0.0,0,False,False,,,,,,,,,,,,,,,,0,128,,0,0,0,False,,,,,,,,0,0,53.0,52.0,59.2,3496,0,0,True,False,False
baseline,64,3,6000000,3.072,167,1,0.3003,0.421,1796878,1796878,0,1796974,0,5984602,5984922,3064116512,3.0641,4.2132,3.0643,-96,-96,-0.005,0.0,False,46.14,0.03,36.39,0.007,0.57,103,114.2,0.0,0,False,False,1796901,5984679,3.0642,-23,73,0.004,-0.001,1796957,0,0,0,0.0,56,0.003,17,14054,128,,0,0,0,False,20.0,26.0,32.0,20.09,5.0,43.0,20.0,0,0,53.0,52.0,45.5,3504,0,0,True,False,False
p1_static,64,3,6000000,3.072,167,1,0.3003,0.427,1798057,1797569,488,1797569,0,5987799,5986174,3065753479,3.0658,4.2154,3.0649,488,0,0.027,0.027,False,71.33,0.01,18.529,0.007,0.65,66,106.6,0.0,0,False,False,1797971,5987513,3.0656,86,-402,-0.022,0.005,1797351,0,0,0,0.0,-620,-0.034,218,14066,128,,0,0,0,False,19.0,31.0,39.0,19.92,4.0,46.0,19.0,0,0,54.0,53.0,62.7,3499,0,0,True,False,False
hardcoded,64,3,6000000,3.072,167,1,0.3003,0.418,1797864,1797244,620,1797244,0,5987560,5985496,3065631175,3.0656,4.2152,3.0646,620,0,0.034,0.034,False,76.64,0.01,15.163,0.007,0.66,28,106.8,0.0,0,False,False,1797781,5987284,3.0655,83,-537,-0.03,0.005,1797265,0,0,0,0.0,-516,-0.029,-21,14063,128,,0,0,0,False,19.0,31.0,38.0,19.74,4.0,42.0,19.0,0,0,53.0,53.0,68.0,3498,0,0,True,False,False
template,64,3,6000000,3.072,167,1,0.3003,0.419,1682121,1031466,650655,1031466,0,5601303,3434684,2867867547,2.8679,3.9433,1.7586,650655,0,38.681,38.681,False,99.9,0.0,0.0,0.01,0.78,11983,382.5,0.0,0,True,False,1031471,3434700,1.7586,650650,-5,-0.0,38.68,1031505,0,0,0,0.0,34,0.002,-39,8072,128,,0,0,0,False,82.0,91.0,98.0,83.1,67.0,129.0,82.0,0,0,54.0,53.0,85.1,3500,0,0,True,False,False
modular,64,3,6000000,3.072,167,1,0.3003,0.421,1685614,687087,998527,687087,0,5612382,2287709,2873539907,2.8735,3.9511,1.1713,998527,0,59.238,59.238,False,100.22,0.0,0.0,0.01,0.97,10886,360.0,0.0,0,True,False,687040,2287553,1.1712,998574,47,0.003,59.241,687081,0,0,0,0.0,41,0.002,6,5377,128,,0,0,0,False,123.0,130.0,139.0,124.04,102.0,177.0,123.0,0,0,54.0,53.0,84.8,3500,0,0,True,False,False
rxonly,64,3,7000000,3.584,143,1,0.3003,0.417,2098836,2098811,25,2098811,2098830,6989944,6989861,3578851560,3.5789,4.9209,3.5788,25,0,0.001,0.001,True,61.39,0.01,40.098,0.007,0.72,80,106.6,0.0,0,False,False,,,,,,,,,,,,,,,,0,128,,0,0,0,False,,,,,,,,0,0,53.0,52.0,59.2,3501,0,0,True,False,False
baseline,64,3,7000000,3.584,143,1,0.3003,0.421,2097285,2097277,8,2097277,0,6983125,6983099,3575360494,3.5754,4.9161,3.5753,8,0,0.0,0.0,False,50.42,0.01,34.421,0.007,0.35,355,128.0,0.0,0,False,False,2097145,6982659,3.5751,140,132,0.006,0.007,2097166,0,0,0,0.0,21,0.001,111,16410,128,,0,0,0,False,18.0,26.0,36.0,18.95,4.0,49.0,18.0,0,0,54.0,52.0,48.8,3496,0,0,True,False,False
p1_static,64,3,7000000,3.584,143,1,0.3005,0.422,2083414,2083414,0,2083669,0,6934288,6935137,3550355692,3.5504,4.8817,3.5508,-255,-255,-0.012,0.0,False,84.09,0.01,10.524,0.01,0.35,1045,149.4,0.0,0,False,False,2083140,6933376,3.5499,274,529,0.025,0.013,2083809,0,0,0,0.0,669,0.032,-140,16312,128,,0,0,0,False,17.0,30.0,37.0,18.18,3.0,66.0,17.0,0,0,54.0,52.0,72.9,3501,0,0,True,False,False
hardcoded,64,3,7000000,3.584,143,1,0.3004,0.423,2084344,2084344,0,2084352,0,6937671,6937698,3552087747,3.5521,4.8841,3.5521,-8,-8,-0.0,0.0,False,89.56,0.0,7.063,0.007,0.38,1179,135.3,0.0,0,False,False,2084190,6937158,3.5518,154,162,0.008,0.007,2084403,0,0,0,0.0,213,0.01,-51,16316,128,,0,0,0,False,17.0,31.0,39.0,18.63,4.0,61.0,17.0,0,0,54.0,52.0,77.3,3497,0,0,True,False,False
template,64,3,7000000,3.584,143,1,0.3003,0.418,1910895,1035106,875789,1035106,0,6364217,3447410,3258479291,3.2585,4.4804,1.7651,875789,0,45.831,45.831,False,99.91,0.01,0.0,0.013,0.54,13881,380.1,0.0,0,True,False,1035108,3447417,1.7651,875787,-2,-0.0,45.831,1035110,0,0,0,0.0,2,0.0,-4,8098,128,,0,0,0,False,85.0,90.0,94.0,84.55,66.0,110.0,85.0,0,0,54.0,53.0,85.3,3501,0,0,True,False,False
modular,64,3,7000000,3.584,143,1,0.3003,0.421,1902198,694835,1207363,694835,0,6334213,2313761,3243117172,3.2431,4.4593,1.1846,1207363,0,63.472,63.472,False,99.9,0.0,0.0,0.01,0.75,15827,401.0,0.0,0,True,False,694832,2313751,1.1846,1207366,3,0.0,63.472,694836,0,0,0,0.0,4,0.0,-1,5437,128,,0,0,0,False,120.0,129.0,135.0,120.31,108.0,182.0,120.0,0,0,54.0,53.0,84.8,3498,0,0,True,False,False
rxonly,64,3,8000000,4.096,125,1,0.3002,0.426,2400286,2400273,13,2400273,2400243,7994621,7994577,4093246064,4.0932,5.6282,4.0932,13,0,0.001,0.001,True,57.69,0.01,45.7,0.003,0.52,1670,118.7,0.0,0,False,False,,,,,,,,,,,,,,,,0,128,,0,0,0,False,,,,,,,,0,0,54.0,52.0,56.2,3496,0,0,True,False,False
baseline,64,3,8000000,4.096,125,1,0.3004,0.428,2377176,2376936,240,2376936,0,7913852,7913053,4051892276,4.0519,5.5714,4.0515,240,0,0.01,0.01,False,55.77,0.02,34.33,0.007,0.2,2523,157.0,0.0,0,False,False,2376776,7912520,4.0512,400,160,0.007,0.017,2376857,0,0,0,0.0,81,0.003,79,18601,128,,0,0,0,False,16.0,25.0,35.0,17.07,4.0,62.0,16.0,0,0,54.0,52.0,52.6,3497,0,0,True,False,False
p1_static,64,3,8000000,4.096,125,1,0.3004,0.428,2367274,2366793,481,2366793,0,7881273,7879672,4035212151,4.0352,5.5484,4.0344,481,0,0.02,0.02,False,95.94,0.01,2.65,0.01,0.18,9144,197.2,0.0,0,False,False,2366175,7877614,4.0333,1099,618,0.026,0.046,2366895,0,0,0,0.0,720,0.03,-102,18519,128,,0,0,0,False,15.0,28.0,38.0,16.73,3.0,60.0,15.0,0,0,54.0,52.0,80.2,3499,0,0,True,False,False
hardcoded,64,3,8000000,4.096,125,1,0.3003,0.425,2381808,2343723,38085,2343723,0,7931004,7804188,4060674480,4.0607,5.5834,3.9957,38085,0,1.599,1.599,False,99.66,0.0,0.103,0.01,0.18,3818,181.1,0.0,0,False,False,2343531,7803549,3.9954,38277,192,0.008,1.607,2343747,0,0,0,0.0,216,0.009,-24,18339,128,,0,0,0,False,35.0,42.0,45.0,31.06,5.0,120.0,35.0,0,0,54.0,52.0,84.3,3498,0,0,True,False,False
template,64,3,8000000,4.096,125,1,0.3003,0.432,2143579,979341,1164238,979341,0,7139231,3261714,3655286548,3.6553,5.026,1.67,1164238,0,54.313,54.313,False,99.92,0.0,0.0,0.01,0.29,25937,518.7,0.0,0,True,False,979358,3261770,1.67,1164221,-17,-0.001,54.312,979343,0,0,0,0.0,-15,-0.001,-2,7664,128,,0,0,0,False,82.0,95.0,99.0,84.73,68.0,113.0,82.0,0,0,54.0,53.0,83.0,3498,0,0,True,False,False
modular,64,3,8000000,4.096,125,1,0.3004,0.425,2159613,708238,1451375,708238,0,7190083,2357964,3681322846,3.6813,5.0618,1.2073,1451375,0,67.205,67.205,False,100.21,0.01,0.0,0.013,0.47,16850,377.9,0.0,0,True,False,707968,2357065,1.2068,1451645,270,0.013,67.218,708269,0,0,0,0.0,301,0.014,-31,5541,128,,0,0,0,False,127.0,134.0,140.0,127.39,103.0,156.0,127.0,0,0,54.0,53.0,84.3,3497,0,0,True,False,False
rxonly,64,3,9000000,4.608,111,1,0.3003,0.425,2701681,2700482,1199,2700482,2700422,8998001,8994008,4606976863,4.607,6.3346,4.6049,1199,0,0.044,0.044,True,58.31,0.01,39.93,0.003,0.38,3698,137.8,0.0,0,False,False,,,,,,,,,,,,,,,,0,256,,0,0,0,False,,,,,,,,0,0,54.0,52.0,56.0,3495,0,0,True,False,False
baseline,64,3,9000000,4.608,111,1,0.3004,0.436,2580326,2570170,10156,2570170,0,8588525,8554721,4397325124,4.3973,6.0463,4.38,10156,0,0.394,0.394,False,59.27,0.01,29.014,0.007,0.06,7614,280.1,0.0,0,False,False,2567462,8545708,4.3754,12864,2708,0.105,0.499,2570157,0,0,0,0.0,2695,0.104,13,10048,256,,0,0,0,False,16.0,28.0,37.0,17.03,3.0,70.0,16.0,0,0,54.0,52.0,53.5,3498,0,0,True,False,False
p1_static,64,3,9000000,4.608,111,1,0.3005,0.43,2674122,2600834,73288,2600834,0,8899061,8655170,4556319466,4.5563,6.2649,4.4314,73288,0,2.741,2.741,False,99.61,0.01,0.08,0.017,0.04,13598,341.7,0.0,0,False,False,2599621,8651133,4.4294,74501,1213,0.045,2.786,2601040,0,0,0,0.0,1419,0.053,-206,10179,256,,0,0,0,False,33.0,38.0,40.0,33.82,10.0,69.0,33.0,0,0,54.0,52.0,83.4,3494,0,0,True,False,False
hardcoded,64,3,9000000,4.608,111,1,0.3004,0.427,2629685,2422075,207610,2422075,0,8753514,8062436,4481799249,4.4818,6.1625,4.128,207610,0,7.895,7.895,False,99.85,0.01,0.003,0.013,0.06,16116,423.6,0.0,0,False,False,2421451,8060359,4.1269,208234,624,0.024,7.919,2422219,0,0,0,0.0,768,0.029,-144,9478,256,,0,0,0,False,37.0,41.0,44.0,36.91,15.0,63.0,37.0,0,0,54.0,52.0,83.8,3497,0,0,True,False,False
template,64,3,9000000,4.608,111,1,0.3003,0.419,2329361,1039809,1289552,1039809,0,7755785,3462123,3970962098,3.971,5.4601,1.7726,1289552,0,55.361,55.361,False,99.88,0.02,0.0,0.02,0.18,30366,483.1,0.0,0,True,False,1039634,3461540,1.7723,1289727,175,0.008,55.368,1039867,0,0,0,0.0,233,0.01,-58,4069,256,,0,0,0,False,75.0,88.0,98.0,77.74,67.0,110.0,75.0,0,0,54.0,53.0,85.4,3497,0,0,True,False,False
modular,64,3,9000000,4.608,111,1,0.3003,0.418,2383292,705021,1678271,705021,0,7935739,2347535,4063098519,4.0631,5.5868,1.2019,1678271,0,70.418,70.418,False,99.89,0.0,0.0,0.01,0.28,24249,432.3,0.0,0,True,False,704954,2347312,1.2018,1678338,67,0.003,70.421,705035,0,0,0,0.0,81,0.003,-14,2758,256,,0,0,0,False,128.0,135.0,141.0,128.17,104.0,155.0,128.0,0,0,54.0,53.0,85.5,3498,0,0,True,False,False
rxonly,64,3,10000000,5.12,100,1,0.3002,0.42,2995109,2995109,0,2995442,2995445,9975422,9976531,5107416083,5.1074,7.0227,5.108,-333,-333,-0.011,0.0,True,56.41,0.01,39.637,0.003,0.26,7076,160.3,0.0,0,False,False,,,,,,,,,,,,,,,,0,256,,0,0,0,False,,,,,,,,0,0,54.0,53.0,54.9,3498,0,0,True,False,False
baseline,64,3,10000000,5.12,100,1,0.3004,0.421,2654899,2622033,32866,2622033,0,8837857,8728450,4524983086,4.525,6.2219,4.469,32866,0,1.238,1.238,False,61.52,0.01,25.782,0.003,0.0,231603,1236.5,0.0,0,True,False,2618233,8715800,4.4625,36666,3800,0.143,1.381,2621980,0,0,0,0.0,3747,0.141,53,10245,256,,0,0,0,False,15.0,30.0,37.0,17.01,2.0,60.0,15.0,0,0,54.0,53.0,57.0,3498,0,0,True,False,False
p1_static,64,3,10000000,5.12,100,1,0.3003,0.43,2813067,2594654,218413,2594654,0,9366193,8638980,4795491157,4.7955,6.5938,4.4232,218413,0,7.764,7.764,False,99.88,0.01,0.0,0.017,0.0,97388,1063.6,0.0,0,True,False,2595182,8640738,4.4241,217885,-528,-0.019,7.745,2594622,0,0,0,0.0,-560,-0.02,32,10155,256,,0,0,0,False,34.0,38.0,41.0,34.02,20.0,56.0,34.0,0,0,54.0,52.0,83.1,3495,0,0,True,False,False
hardcoded,64,3,10000000,5.12,100,1,0.3004,0.427,2668735,2416624,252111,2416624,0,8884781,8045450,4549007939,4.549,6.2549,4.1193,252111,0,9.447,9.447,False,99.97,0.01,0.107,0.013,0.0,341544,1239.8,0.0,0,True,False,2415809,8042737,4.1179,252926,815,0.031,9.477,2416769,0,0,0,0.0,960,0.036,-145,9455,256,,0,0,0,False,36.0,41.0,45.0,36.67,10.0,64.0,36.0,0,0,54.0,52.0,83.7,3501,0,0,True,False,False
template,64,3,10000000,5.12,100,1,0.3003,0.432,2534686,995649,1539037,995649,0,8441213,3315789,4321901297,4.3219,5.9426,1.6977,1539037,0,60.719,60.719,False,100.24,0.0,0.0,0.01,0.05,99823,767.1,0.0,0,True,False,995680,3315892,1.6977,1539006,-31,-0.001,60.718,995645,0,0,0,0.0,-35,-0.001,4,3895,256,,0,0,0,False,89.0,93.0,96.0,88.11,73.0,108.0,89.0,0,0,54.0,53.0,83.3,3497,0,0,True,False,False
modular,64,3,10000000,5.12,100,1,0.3003,0.423,2589157,681839,1907318,681839,0,8622770,2270755,4414858547,4.4149,6.0704,1.1626,1907318,0,73.666,73.666,False,99.91,0.0,0.0,0.013,0.15,65363,574.5,0.0,0,True,False,681807,2270648,1.1626,1907350,32,0.001,73.667,681843,0,0,0,0.0,36,0.001,-4,2669,256,,0,0,0,False,134.0,141.0,145.0,131.94,103.0,167.0,134.0,0,0,54.0,53.0,84.8,3499,0,0,True,False,False
rxonly,64,3,11000000,5.632,91,1,0.3002,0.426,3286122,3285121,1001,3285121,3285159,10946552,10943218,5604634886,5.6046,7.7064,5.6029,1001,0,0.03,0.03,True,56.48,0.01,35.457,0.003,0.19,8246,170.5,0.0,0,False,False,,,,,,,,,,,,,,,,0,256,,0,0,0,False,,,,,,,,0,0,54.0,53.0,53.1,3493,0,0,True,False,False
baseline,64,3,11000000,5.632,91,1,0.3003,0.434,2684519,2657851,26668,2657851,0,8939910,8851101,4577233978,4.5772,6.2937,4.5318,26668,0,0.993,0.993,False,59.92,0.01,27.404,0.007,0.0,1247062,1328.2,0.0,0,True,False,2653104,8835292,4.5237,31415,4747,0.177,1.17,2657686,0,0,0,0.0,4582,0.171,165,10377,256,,0,0,0,False,15.0,29.0,37.0,16.51,3.0,69.0,15.0,0,0,54.0,53.0,54.1,3496,0,0,True,False,False
p1_static,64,3,11000000,5.632,91,1,0.3004,0.431,2739316,2577735,161581,2577735,0,9119181,8581278,4669020731,4.669,6.4199,4.3936,161581,0,5.899,5.899,False,99.62,0.01,0.11,0.013,0.0,1694930,1426.7,0.0,0,True,False,2578092,8582466,4.3942,161224,-357,-0.013,5.886,2577746,0,0,0,0.0,-346,-0.013,-11,10091,256,,0,0,0,False,34.0,38.0,41.0,33.88,10.0,75.0,34.0,0,0,54.0,53.0,82.8,3495,0,0,True,False,False
hardcoded,64,3,11000000,5.632,91,1,0.3004,0.421,2644307,2420268,224039,2420268,0,8803447,8057574,4507364936,4.5074,6.1976,4.1255,224039,0,8.473,8.473,False,99.97,0.0,0.1,0.013,0.0,1455658,1416.0,0.0,0,True,False,2419941,8056486,4.1249,224366,327,0.012,8.485,2420343,0,0,0,0.0,402,0.015,-75,9468,256,,0,0,0,False,36.0,42.0,44.0,36.48,9.0,71.0,36.0,0,0,54.0,53.0,84.6,3499,0,0,True,False,False
template,64,3,11000000,5.632,91,1,0.3003,0.432,2726921,1043413,1683508,1043413,0,9080349,3474451,4649139148,4.6491,6.3926,1.7789,1683508,0,61.737,61.737,False,100.23,0.0,0.0,0.01,0.01,167312,875.6,0.0,0,True,False,1043328,3474168,1.7788,1683593,85,0.003,61.74,1043429,0,0,0,0.0,101,0.004,-16,4081,256,,0,0,0,False,82.0,85.0,92.0,82.24,73.0,109.0,82.0,0,0,54.0,52.0,83.2,3497,0,0,True,False,False
modular,64,3,11000000,5.632,91,1,0.3003,0.426,2747364,696863,2050501,696863,0,9149626,2320783,4684608730,4.6846,6.4413,1.1882,2050501,0,74.635,74.635,False,99.91,0.0,0.0,0.013,0.02,130726,881.4,0.0,0,True,False,696741,2320376,1.188,2050623,122,0.004,74.64,696869,0,0,0,0.0,128,0.005,-6,2727,256,,0,0,0,False,122.0,127.0,135.0,121.71,64.0,155.0,122.0,0,0,54.0,52.0,84.3,3499,0,0,True,False,False
rxonly,64,3,12000000,6.144,83,1,0.3003,0.431,3521362,3503468,17894,3503468,3503539,11727516,11667922,6004488672,6.0045,8.2562,5.974,17894,0,0.508,0.508,True,54.79,0.01,37.707,0.0,0.09,34491,269.5,0.0,0,False,False,,,,,,,,,,,,,,,,0,256,,0,0,0,False,,,,,,,,0,0,54.0,52.0,51.7,3501,0,0,True,False,False
baseline,64,3,12000000,6.144,83,1,0.3004,0.422,2699864,2675247,24617,2675247,0,8986859,8904918,4601272147,4.6013,6.3267,4.5593,24617,0,0.912,0.912,False,59.47,0.01,25.521,0.013,0.0,1881067,1257.8,0.0,0,True,False,2671372,8892020,4.5527,28492,3875,0.144,1.055,2675132,0,0,0,0.0,3760,0.139,115,10455,256,,0,0,0,False,16.0,29.0,38.0,16.91,3.0,95.0,16.0,0,0,54.0,52.0,55.2,3495,0,0,True,False,False
p1_static,64,3,12000000,6.144,83,1,0.3004,0.425,2756357,2592429,163928,2592429,0,9174800,8629149,4697497659,4.6975,6.4591,4.4181,163928,0,5.947,5.947,False,99.53,0.0,0.13,0.01,0.0,2471940,1314.3,0.0,0,True,False,2590911,8624097,4.4155,165446,1518,0.055,6.002,2592628,0,0,0,0.0,1717,0.062,-199,10144,256,,0,0,0,False,34.0,38.0,41.0,33.66,10.0,102.0,34.0,0,0,54.0,53.0,83.8,3499,0,0,True,False,False
hardcoded,64,3,12000000,6.144,83,1,0.3004,0.427,2658236,2414020,244216,2414020,0,8849892,8036839,4531144730,4.5311,6.2303,4.1149,244216,0,9.187,9.187,False,99.61,0.0,0.097,0.013,0.0,2245616,1307.6,0.0,0,True,False,2413404,8034788,4.1138,244832,616,0.023,9.21,2414174,0,0,0,0.0,770,0.029,-154,9446,256,,0,0,0,False,34.0,39.0,43.0,34.62,16.0,87.0,34.0,0,0,54.0,53.0,83.6,3499,0,0,True,False,False
template,64,3,12000000,6.144,83,1,0.3003,0.424,2555321,1008121,1547200,1008121,0,8509444,3357132,4356835698,4.3568,5.9906,1.7189,1547200,0,60.548,60.548,False,99.9,0.0,0.0,0.01,0.0,816591,1170.0,0.0,0,True,False,1008063,3356938,1.7188,1547258,58,0.002,60.55,1008119,0,0,0,0.0,56,0.002,2,3944,256,,0,0,0,False,79.0,92.0,96.0,82.11,70.0,114.0,79.0,0,0,54.0,53.0,84.4,3495,0,0,True,False,False
modular,64,3,12000000,6.144,83,1,0.3003,0.425,2871939,697142,2174797,697142,0,9563889,2321563,4896711602,4.8967,6.733,1.1886,2174797,0,75.726,75.726,False,99.9,0.0,0.0,0.013,0.0,390408,996.2,0.0,0,True,False,697088,2321383,1.1885,2174851,54,0.002,75.728,697154,0,0,0,0.0,66,0.002,-12,2728,256,,0,0,0,False,130.0,136.0,140.0,129.18,104.0,171.0,130.0,0,0,54.0,53.0,84.4,3501,0,0,True,False,False
modular,64,4,500000,0.256,2000,1,0.3003,0.425,150120,150112,8,150112,0,499955,499929,255977396,0.256,0.352,0.256,8,0,0.005,0.005,False,32.43,0.01,68.026,0.0,33.85,1,78.4,0.0,0,False,False,150118,499949,0.256,2,-6,-0.004,0.001,150113,0,0,0,0.0,-5,-0.003,-1,18787,8,,0,0,0,False,20.0,25.0,28.0,19.78,10.0,66.0,20.0,0,0,54.0,52.0,38.8,3498,0,0,True,False,False
template,64,4,500000,0.256,2000,1,0.3004,0.417,150174,150174,0,150233,0,499937,500133,255967957,0.256,0.352,0.2561,-59,-59,-0.039,0.0,False,24.88,0.02,68.951,0.0,34.3,0,81.7,0.0,0,False,False,150174,499937,0.256,0,59,0.039,0.0,150247,0,0,0,0.0,73,0.049,-14,18806,8,,0,0,0,False,18.0,24.0,25.0,18.48,7.0,42.0,18.0,0,0,54.0,52.0,33.0,3493,0,0,True,False,False
hardcoded,64,4,500000,0.256,2000,1,0.3003,0.424,150151,150151,0,150181,0,499932,500032,255965355,0.256,0.352,0.256,-30,-30,-0.02,0.0,False,16.54,0.03,69.574,0.0,34.62,0,79.6,0.0,0,False,False,150145,499912,0.256,6,36,0.024,0.004,150190,0,0,0,0.0,45,0.03,-9,18801,8,,0,0,0,False,17.0,22.0,24.0,16.74,4.0,30.0,17.0,0,0,54.0,51.0,25.1,3498,0,0,True,False,False
p1_static,64,4,500000,0.256,2000,1,0.3004,0.419,150195,150169,26,150169,0,500058,499971,256029958,0.256,0.352,0.256,26,0,0.017,0.017,False,16.21,0.03,70.307,0.0,35.0,0,75.5,0.0,0,False,False,150187,500031,0.256,8,-18,-0.012,0.005,150170,0,0,0,0.0,-17,-0.011,-1,18804,8,,0,0,0,False,17.0,22.0,23.0,16.89,8.0,50.0,17.0,0,0,53.0,51.0,25.3,3495,0,0,True,False,False
baseline,64,4,500000,0.256,2000,1,0.3003,0.424,150137,150137,0,150139,0,499996,500002,255998015,0.256,0.352,0.256,-2,-2,-0.001,0.0,False,13.33,0.01,69.29,0.0,34.48,0,78.3,0.0,0,False,False,150132,499979,0.256,5,7,0.005,0.003,150139,0,0,0,0.0,7,0.005,0,18788,8,,0,0,0,False,17.0,22.0,23.0,16.75,5.0,38.0,17.0,0,0,53.0,52.0,22.6,3501,0,0,True,False,False
rxonly,64,4,500000,0.256,2000,1,0.3003,0.423,150123,150123,0,150149,150153,499963,500049,255981108,0.256,0.352,0.256,-26,-26,-0.017,0.0,True,18.11,0.01,71.942,0.0,35.83,0,67.2,0.0,0,False,False,,,,,,,,,,,,,,,,0,8,,0,0,0,False,,,,,,,,0,0,53.0,52.0,25.8,3499,0,0,True,False,False
modular,64,4,1000000,0.512,1000,1,0.3005,0.433,300487,300478,9,300478,0,999929,999899,511963995,0.512,0.704,0.5119,9,0,0.003,0.003,False,49.33,0.01,42.478,0.0,14.36,1,84.6,0.0,0,False,False,300443,999783,0.5119,44,35,0.012,0.015,300488,0,0,0,0.0,45,0.015,-10,18819,16,,0,0,0,False,28.0,39.0,45.0,28.31,11.0,68.0,28.0,0,0,53.0,51.0,47.7,3498,0,0,True,False,False
template,64,4,1000000,0.512,1000,1,0.3003,0.425,300260,300260,0,300265,0,999953,999969,511976081,0.512,0.704,0.512,-5,-5,-0.002,0.0,False,35.83,0.01,58.743,0.0,14.06,1,91.0,0.0,0,False,False,300252,999926,0.512,8,13,0.004,0.003,300271,0,0,0,0.0,19,0.006,-6,18791,16,,0,0,0,False,24.0,34.0,37.0,24.25,9.0,65.0,24.0,0,0,53.0,51.0,38.5,3501,0,0,True,False,False
hardcoded,64,4,1000000,0.512,1000,1,0.3003,0.423,300367,300262,105,300262,0,1000212,999863,512108961,0.5121,0.7041,0.5119,105,0,0.035,0.035,False,21.38,0.02,58.624,0.0,14.01,1,91.8,0.0,0,False,False,300347,1000146,0.5121,20,-85,-0.028,0.007,300255,0,0,0,0.0,-92,-0.031,7,18799,16,,0,0,0,False,21.0,26.0,28.0,21.34,11.0,54.0,21.0,0,0,53.0,51.0,28.1,3497,0,0,True,False,False
p1_static,64,4,1000000,0.512,1000,1,0.3003,0.423,300305,300285,20,300285,0,999969,999902,511984197,0.512,0.704,0.512,20,0,0.007,0.007,False,20.27,0.01,59.548,0.0,14.25,2,93.3,0.0,0,False,False,300294,999932,0.512,11,-9,-0.003,0.004,300290,0,0,0,0.0,-4,-0.001,-5,18798,16,,0,0,0,False,20.0,25.0,27.0,20.21,8.0,42.0,20.0,0,0,53.0,51.0,26.9,3497,0,0,True,False,False
baseline,64,4,1000000,0.512,1000,1,0.3002,0.425,300222,300222,0,300233,0,999931,999968,511965030,0.512,0.704,0.512,-11,-11,-0.004,0.0,False,15.71,0.01,58.416,0.0,13.95,1,95.2,0.0,0,False,False,300218,999918,0.512,4,15,0.005,0.001,300232,0,0,0,0.0,14,0.005,1,18786,16,,0,0,0,False,20.0,25.0,27.0,19.87,10.0,47.0,20.0,0,0,53.0,51.0,23.2,3501,0,0,True,False,False
rxonly,64,4,1000000,0.512,1000,1,0.3002,0.42,300242,300229,13,300229,300232,1000027,999983,512013952,0.512,0.704,0.512,13,0,0.004,0.004,True,32.88,0.01,61.885,0.0,14.84,3,91.1,0.0,0,False,False,,,,,,,,,,,,,,,,0,16,,0,0,0,False,,,,,,,,0,0,53.0,51.0,37.4,3498,0,0,True,False,False
modular,64,4,1500000,0.768,667,1,0.3002,0.423,450034,449996,38,449996,0,1499146,1499020,767563257,0.7676,1.0554,0.7675,38,0,0.008,0.008,False,67.64,0.01,20.727,0.0,8.17,3,90.9,0.0,0,False,False,450044,1499180,0.7676,-10,-48,-0.011,-0.002,450024,0,0,0,0.0,-20,-0.004,-28,14076,32,,0,0,0,False,39.0,58.0,66.0,39.45,12.0,85.0,39.0,0,0,53.0,51.0,60.9,3499,0,0,True,False,False
template,64,4,1500000,0.768,667,1,0.3002,0.423,450151,450120,31,450120,0,1499256,1499153,767619235,0.7676,1.0555,0.7676,31,0,0.007,0.007,False,48.2,0.01,27.75,0.003,8.04,1,97.6,0.0,0,False,False,450129,1499183,0.7676,22,-9,-0.002,0.005,450133,0,0,0,0.0,4,0.001,-13,14085,32,,0,0,0,False,40.0,56.0,61.0,40.59,13.0,73.0,40.0,0,0,53.0,51.0,45.1,3497,0,0,True,False,False
hardcoded,64,4,1500000,0.768,667,1,0.3003,0.423,450367,450091,276,450091,0,1499710,1498791,767851703,0.7679,1.0558,0.7674,276,0,0.061,0.061,False,25.83,0.01,49.517,0.0,7.46,1,109.7,0.0,0,False,False,450351,1499657,0.7678,16,-260,-0.058,0.004,450074,0,0,0,0.0,-277,-0.062,17,14095,32,,0,0,0,False,26.0,32.0,36.0,26.2,11.0,55.0,26.0,0,0,53.0,52.0,30.7,3500,0,0,True,False,False
p1_static,64,4,1500000,0.768,667,1,0.3003,0.424,450267,450226,41,450226,0,1499239,1499102,767610375,0.7676,1.0555,0.7675,41,0,0.009,0.009,False,24.4,0.02,50.028,0.0,7.55,4,103.0,0.0,0,False,False,450250,1499182,0.7676,17,-24,-0.005,0.004,450221,0,0,0,0.0,-29,-0.006,5,14092,32,,0,0,0,False,26.0,31.0,33.0,25.67,12.0,56.0,26.0,0,0,53.0,52.0,29.4,3498,0,0,True,False,False
baseline,64,4,1500000,0.768,667,1,0.3002,0.422,450137,450061,76,450061,0,1499311,1499058,767647388,0.7676,1.0555,0.7675,76,0,0.017,0.017,False,17.4,0.01,47.244,0.0,7.07,3,115.0,0.0,0,False,False,450117,1499244,0.7676,20,-56,-0.012,0.004,450029,0,0,0,0.0,-88,-0.02,32,14080,32,,0,0,0,False,25.0,30.0,33.0,25.16,15.0,51.0,25.0,0,0,53.0,51.0,23.2,3495,0,0,True,False,False
rxonly,64,4,1500000,0.768,667,1,0.3003,0.418,450175,450141,34,450141,450138,1499200,1499086,767590439,0.7676,1.0554,0.7675,34,0,0.008,0.008,True,44.49,0.01,52.179,0.0,7.91,1,102.3,0.0,0,False,False,,,,,,,,,,,,,,,,0,32,,0,0,0,False,,,,,,,,0,0,53.0,51.0,47.0,3496,0,0,True,False,False
modular,64,4,2000000,1.024,500,1,0.3003,0.419,600573,600495,78,600495,0,2000163,1999903,1024083669,1.0241,1.4081,1.024,78,0,0.013,0.013,False,87.1,0.01,8.063,0.01,5.03,3,100.8,0.0,0,False,False,600593,2000230,1.0241,-20,-98,-0.016,-0.003,600494,0,0,0,0.0,-99,-0.016,1,18790,32,,0,0,0,False,36.0,52.0,63.0,36.16,10.0,88.0,36.0,0,0,53.0,53.0,75.7,3498,0,0,True,False,False
template,64,4,2000000,1.024,500,1,0.3003,0.423,600558,600558,0,600692,0,1999798,2000244,1023896750,1.0239,1.4079,1.0241,-134,-134,-0.022,0.0,False,63.31,0.0,17.209,0.0,4.86,5,109.6,0.0,0,False,False,600543,1999748,1.0239,15,149,0.025,0.002,600685,0,0,0,0.0,142,0.024,7,18795,32,,0,0,0,False,37.0,51.0,59.0,36.82,9.0,68.0,37.0,0,0,53.0,53.0,55.9,3494,0,0,True,False,False
hardcoded,64,4,2000000,1.024,500,1,0.3004,0.426,600788,600788,0,600882,0,1999851,2000164,1023924216,1.0239,1.4079,1.0241,-94,-94,-0.016,0.0,False,28.62,0.01,27.945,0.0,5.06,2,107.4,0.0,0,False,False,600780,1999825,1.0239,8,102,0.017,0.001,600915,0,0,0,0.0,135,0.022,-33,18814,32,,0,0,0,False,33.0,43.0,46.0,33.01,11.0,57.0,33.0,0,0,53.0,52.0,28.9,3499,0,0,True,False,False
p1_static,64,4,2000000,1.024,500,1,0.3004,0.431,600504,600504,0,600620,0,1999343,1999729,1023663666,1.0237,1.4075,1.0239,-116,-116,-0.019,0.0,False,28.07,0.01,29.089,0.0,4.84,4,107.4,0.0,0,False,False,600497,1999319,1.0237,7,123,0.02,0.001,600625,0,0,0,0.0,128,0.021,-5,18799,32,,0,0,0,False,34.0,44.0,47.0,34.1,9.0,62.0,34.0,0,0,53.0,52.0,28.6,3500,0,0,True,False,False
baseline,64,4,2000000,1.024,500,1,0.3004,0.418,600769,600741,28,600741,0,2000134,2000040,1024068705,1.0241,1.4081,1.024,28,0,0.005,0.005,False,20.21,0.01,42.202,0.0,4.4,1,124.0,0.0,0,False,False,600725,1999987,1.024,44,16,0.003,0.007,600673,0,0,0,0.0,-52,-0.009,68,18798,32,,0,0,0,False,29.0,34.0,37.0,28.59,10.0,53.0,29.0,0,0,53.0,51.0,24.8,3501,0,0,True,False,False
rxonly,64,4,2000000,1.024,500,1,0.3003,0.429,600535,600461,74,600461,600442,1999949,1999702,1023974031,1.024,1.408,1.0238,74,0,0.012,0.012,True,54.64,0.01,46.124,0.0,4.91,3,115.0,0.0,0,False,False,,,,,,,,,,,,,,,,0,32,,0,0,0,False,,,,,,,,0,0,53.0,51.0,53.3,3496,0,0,True,False,False
modular,64,4,2500000,1.28,400,1,0.3003,0.424,750704,684256,66448,684256,0,2499545,2278299,1279767053,1.2798,1.7597,1.1665,66448,0,8.851,8.851,False,99.89,0.0,0.0,0.01,3.58,6,145.9,0.0,0,False,False,684192,2278086,1.1664,66512,64,0.009,8.86,684250,0,0,0,0.0,58,0.008,6,10711,64,,0,0,0,False,126.0,140.0,147.0,127.63,102.0,187.0,126.0,0,0,53.0,52.0,84.4,3503,0,0,True,False,False
template,64,4,2500000,1.28,400,1,0.3003,0.43,750544,750544,0,750656,0,2499577,2499950,1279783579,1.2798,1.7597,1.28,-112,-112,-0.015,0.0,False,75.95,0.01,13.854,0.007,3.36,4,113.6,0.0,0,False,False,750532,2499537,1.2798,12,124,0.017,0.002,750729,0,0,0,0.0,197,0.026,-73,11743,64,,0,0,0,False,32.0,46.0,55.0,31.84,9.0,75.0,32.0,0,0,53.0,52.0,65.3,3494,0,0,True,False,False
hardcoded,64,4,2500000,1.28,400,1,0.3003,0.42,750725,750553,172,750553,0,2499654,2499081,1279823141,1.2798,1.7598,1.2795,172,0,0.023,0.023,False,33.41,0.0,21.05,0.0,3.23,4,118.5,0.0,0,False,False,750719,2499634,1.2798,6,-166,-0.022,0.001,750649,0,0,0,0.0,-70,-0.009,-96,11749,64,,0,0,0,False,40.0,49.0,51.0,40.08,16.0,68.0,40.0,0,0,53.0,51.0,32.5,3499,0,0,True,False,False
p1_static,64,4,2500000,1.28,400,1,0.3003,0.419,750870,750685,185,750685,0,2500249,2499633,1280127834,1.2801,1.7602,1.2798,185,0,0.025,0.025,False,31.35,0.0,21.87,0.0,3.23,3,117.3,0.0,0,False,False,750870,2500249,1.2801,0,-185,-0.025,0.0,750703,0,0,0,0.0,-167,-0.022,-18,11751,64,,0,0,0,False,40.0,48.0,51.0,39.79,15.0,63.0,40.0,0,0,53.0,51.0,30.8,3498,0,0,True,False,False
baseline,64,4,2500000,1.28,400,1,0.3003,0.423,750600,750600,0,750689,0,2499812,2500108,1279903951,1.2799,1.7599,1.2801,-89,-89,-0.012,0.0,False,23.21,0.01,42.969,0.0,3.4,3,112.3,0.0,0,False,False,750621,2499882,1.2799,-21,68,0.009,-0.003,750684,0,0,0,0.0,63,0.008,5,11743,64,,0,0,0,False,27.0,37.0,41.0,27.75,9.0,59.0,27.0,0,0,53.0,51.0,27.0,3500,0,0,True,False,False
rxonly,64,4,2500000,1.28,400,1,0.3002,0.427,750490,750378,112,750378,750363,2499711,2499338,1279852299,1.2799,1.7598,1.2797,112,0,0.015,0.015,True,58.69,0.01,43.147,0.0,3.42,7,120.8,0.0,0,False,False,,,,,,,,,,,,,,,,0,64,,0,0,0,False,,,,,,,,0,0,53.0,51.0,56.7,3495,0,0,True,False,False
modular,64,4,3000000,1.536,333,1,0.3003,0.419,901532,671398,230134,671398,0,3002218,2235842,1537135855,1.5371,2.1136,1.1448,230134,0,25.527,25.527,False,100.23,0.01,0.0,0.01,2.72,165,329.1,0.0,0,False,False,671411,2235885,1.1448,230121,-13,-0.001,25.526,671368,0,0,0,0.0,-43,-0.005,30,10507,64,,0,0,0,False,119.0,129.0,144.0,120.04,103.0,168.0,119.0,0,0,53.0,52.0,85.2,3499,0,0,True,False,False
template,64,4,3000000,1.536,333,1,0.3002,0.424,901655,901327,328,901327,0,3003291,3002199,1537685408,1.5377,2.1143,1.5371,328,0,0.036,0.036,False,88.57,0.01,6.868,0.01,2.29,4,109.3,0.0,0,False,False,901596,3003095,1.5376,59,-269,-0.03,0.007,901301,0,0,0,0.0,-295,-0.033,26,14103,64,,0,0,0,False,29.0,42.0,51.0,29.09,8.0,69.0,29.0,0,0,53.0,52.0,76.0,3500,0,0,True,False,False
hardcoded,64,4,3000000,1.536,333,1,0.3003,0.423,901595,901460,135,901460,0,3002089,3001639,1537069826,1.5371,2.1135,1.5368,135,0,0.015,0.015,False,39.5,0.01,20.545,0.0,2.37,7,112.5,0.0,0,False,False,901563,3001982,1.537,32,-103,-0.011,0.004,901402,0,0,0,0.0,-161,-0.018,58,14110,64,,0,0,0,False,37.0,46.0,50.0,36.45,11.0,66.0,37.0,0,0,53.0,51.0,37.3,3495,0,0,True,False,False
p1_static,64,4,3000000,1.536,333,1,0.3003,0.419,901819,901629,190,901629,0,3003044,3002411,1537558698,1.5376,2.1141,1.5372,190,0,0.021,0.021,False,37.13,0.01,20.27,0.003,2.26,3,114.4,0.0,0,False,False,901756,3002834,1.5375,63,-127,-0.014,0.007,901699,0,0,0,0.0,-57,-0.006,-70,14112,64,,0,0,0,False,38.0,47.0,50.0,38.02,13.0,63.0,38.0,0,0,53.0,51.0,35.6,3498,0,0,True,False,False
baseline,64,4,3000000,1.536,333,1,0.3002,0.427,901596,901477,119,901477,0,3002828,3002431,1537448101,1.5374,2.114,1.5372,119,0,0.013,0.013,False,26.88,0.01,39.827,0.0,2.4,5,121.8,0.0,0,False,False,901568,3002735,1.5374,28,-91,-0.01,0.003,901460,0,0,0,0.0,-108,-0.012,17,14105,64,,0,0,0,False,27.0,35.0,40.0,26.67,7.0,51.0,27.0,0,0,53.0,51.0,29.4,3499,0,0,True,False,False
rxonly,64,4,3000000,1.536,333,1,0.3002,0.425,901430,901293,137,901293,901274,3002557,3002101,1537309473,1.5373,2.1138,1.5371,137,0,0.015,0.015,True,58.47,0.01,43.208,0.003,2.69,10,119.7,0.0,0,False,False,,,,,,,,,,,,,,,,0,64,,0,0,0,False,,,,,,,,0,0,53.0,51.0,57.2,3495,0,0,True,False,False
modular,64,4,3500000,1.792,286,1,0.3003,0.429,1047710,714533,333177,714533,0,3489221,2379631,1786481354,1.7865,2.4564,1.2184,333177,0,31.8,31.8,False,99.91,0.01,0.0,0.017,2.27,1705,312.3,0.0,0,False,False,714508,2379548,1.2183,333202,25,0.002,31.803,714532,0,0,0,0.0,24,0.002,1,11182,64,,0,0,0,False,118.0,129.0,138.0,117.75,72.0,174.0,118.0,0,0,53.0,52.0,83.5,3499,0,0,True,False,False
template,64,4,3500000,1.792,286,1,0.3003,0.422,1049531,1030030,19501,1030030,0,3495176,3430233,1789530248,1.7895,2.4606,1.7563,19501,0,1.858,1.858,False,100.23,0.0,0.003,0.01,1.68,117,130.9,0.0,0,False,False,1029954,3429980,1.7561,19577,76,0.007,1.865,1030049,0,0,0,0.0,95,0.009,-19,16115,64,,0,0,0,False,51.0,89.0,99.0,52.62,9.0,119.0,51.0,0,0,53.0,52.0,84.7,3498,0,0,True,False,False
hardcoded,64,4,3500000,1.792,286,1,0.3004,0.418,1049794,1049794,0,1050105,0,3494610,3495645,1789240329,1.7892,2.4602,1.7898,-311,-311,-0.03,0.0,False,45.27,0.0,22.14,0.003,1.99,12,106.0,0.0,0,False,False,1049770,3494530,1.7892,24,335,0.032,0.002,1050180,0,0,0,0.0,410,0.039,-75,16435,64,,0,0,0,False,32.0,41.0,45.0,32.29,8.0,53.0,32.0,0,0,53.0,51.0,42.6,3500,0,0,True,False,False
p1_static,64,4,3500000,1.792,286,1,0.3003,0.425,1050070,1049939,131,1049939,0,3496611,3496175,1790265107,1.7903,2.4616,1.79,131,0,0.012,0.012,False,42.38,0.0,19.47,0.0,1.73,9,113.9,0.0,0,False,False,1050084,3496658,1.7903,-14,-145,-0.014,-0.001,1049934,0,0,0,0.0,-150,-0.014,5,16433,64,,0,0,0,False,37.0,45.0,48.0,36.51,6.0,67.0,37.0,0,0,53.0,51.0,39.2,3501,0,0,True,False,False
baseline,64,4,3500000,1.792,286,1,0.3002,0.42,1049756,1049487,269,1049487,0,3496859,3495963,1790392130,1.7904,2.4618,1.7899,269,0,0.026,0.026,False,29.93,0.02,36.975,0.007,1.71,9,121.5,0.0,0,False,False,1049721,3496743,1.7903,35,-234,-0.022,0.003,1049419,0,0,0,0.0,-302,-0.029,68,16419,64,,0,0,0,False,26.0,35.0,40.0,26.59,8.0,56.0,26.0,0,0,53.0,51.0,32.1,3495,0,0,True,False,False
rxonly,64,4,3500000,1.792,286,1,0.3003,0.419,1049512,1049512,0,1049753,1049783,3495030,3495833,1789455645,1.7895,2.4605,1.7899,-241,-241,-0.023,0.0,True,68.57,0.01,39.366,0.007,1.97,9,120.9,0.0,0,False,False,,,,,,,,,,,,,,,,0,64,,0,0,0,False,,,,,,,,0,0,53.0,51.0,65.0,3497,0,0,True,False,False
modular,64,4,4000000,2.048,250,1,0.3003,0.428,1189371,692003,497368,692003,0,3960456,2304283,2027753770,2.0278,2.7882,1.1798,497368,0,41.818,41.818,False,99.9,0.0,0.0,0.007,1.99,5573,435.9,0.0,0,False,False,691920,2304007,1.1797,497451,83,0.007,41.825,692027,0,0,0,0.0,107,0.009,-24,10831,64,,0,0,0,False,126.0,138.0,143.0,124.1,102.0,169.0,126.0,0,0,53.0,51.0,83.6,3498,0,0,True,False,False
template,64,4,4000000,2.048,250,1,0.3003,0.429,1194662,1049685,144977,1049685,0,3978059,3495306,2036766667,2.0368,2.8006,1.7896,144977,0,12.135,12.135,False,99.89,0.0,0.0,0.01,1.51,2482,263.3,0.0,0,False,False,1049691,3495326,1.7896,144971,-6,-0.001,12.135,1049720,0,0,0,0.0,29,0.002,-35,16428,64,,0,0,0,False,81.0,87.0,95.0,80.89,67.0,118.0,81.0,0,0,53.0,51.0,83.4,3500,0,0,True,False,False
hardcoded,64,4,4000000,2.048,250,1,0.3004,0.428,1200861,1200861,0,1201058,0,3997981,3998637,2046966682,2.047,2.8146,2.0473,-197,-197,-0.016,0.0,False,51.39,0.01,19.763,0.003,1.37,11,108.7,0.0,0,False,False,1200829,3997875,2.0469,32,229,0.019,0.003,1201266,0,0,0,0.0,437,0.036,-208,18798,64,,0,0,0,False,32.0,42.0,46.0,31.9,6.0,57.0,32.0,0,0,53.0,52.0,46.7,3495,0,0,True,False,False
p1_static,64,4,4000000,2.048,250,1,0.3004,0.427,1201164,1201164,0,1201308,0,3998202,3998681,2047079696,2.0471,2.8147,2.0473,-144,-144,-0.012,0.0,False,48.78,0.01,20.641,0.007,1.4,16,106.4,0.0,0,False,False,1201093,3997966,2.047,71,215,0.018,0.006,1201336,0,0,0,0.0,243,0.02,-28,18806,64,,0,0,0,False,33.0,42.0,46.0,32.21,6.0,54.0,33.0,0,0,53.0,52.0,44.9,3494,0,0,True,False,False
baseline,64,4,4000000,2.048,250,1,0.3003,0.421,1200819,1200819,0,1200900,0,3998790,3999060,2047380953,2.0474,2.8151,2.0475,-81,-81,-0.007,0.0,False,32.69,0.01,36.491,0.003,1.34,11,111.5,0.0,0,False,False,1200742,3998534,2.0472,77,158,0.013,0.006,1200801,0,0,0,0.0,59,0.005,99,18788,64,,0,0,0,False,25.0,33.0,36.0,24.9,5.0,48.0,25.0,0,0,53.0,51.0,34.1,3498,0,0,True,False,False
rxonly,64,4,4000000,2.048,250,1,0.3003,0.428,1200904,1200904,0,1201234,1201228,3998851,3999950,2047412190,2.0474,2.8152,2.048,-330,-330,-0.027,0.0,True,63.57,0.01,41.886,0.003,1.72,19,112.6,0.0,0,False,False,,,,,,,,,,,,,,,,0,64,,0,0,0,False,,,,,,,,0,0,53.0,51.0,60.8,3496,0,0,True,False,False
modular,64,4,5000000,2.56,200,1,0.3003,0.423,1445924,709669,736255,709669,0,4814936,2363202,2465247293,2.4652,3.3897,1.21,736255,0,50.919,50.919,False,99.9,0.01,0.0,0.01,1.49,10919,400.7,0.0,0,False,False,709552,2362812,1.2098,736372,117,0.008,50.927,709688,0,0,0,0.0,136,0.009,-19,5553,128,,0,0,0,False,120.0,124.0,132.0,119.76,111.0,153.0,120.0,0,0,53.0,52.0,84.4,3497,0,0,True,False,False
template,64,4,5000000,2.56,200,1,0.3003,0.421,1443980,1056736,387244,1056736,0,4807922,3518542,2461656369,2.4617,3.3848,1.8015,387244,0,26.818,26.818,False,99.89,0.01,0.0,0.013,1.17,8916,356.9,0.0,0,False,False,1056640,3518222,1.8013,387340,96,0.007,26.824,1056737,0,0,0,0.0,97,0.007,-1,8269,128,,0,0,0,False,82.0,92.0,95.0,83.98,67.0,113.0,82.0,0,0,53.0,52.0,84.9,3497,0,0,True,False,False
hardcoded,64,4,5000000,2.56,200,1,0.3003,0.424,1501317,1500543,774,1500543,0,4998794,4996217,2559382702,2.5594,3.5192,2.5581,774,0,0.052,0.052,False,63.58,0.01,23.48,0.0,0.96,20,105.8,0.0,0,False,False,1501275,4998654,2.5593,42,-732,-0.049,0.003,1500464,0,0,0,0.0,-811,-0.054,79,11750,128,,0,0,0,False,23.0,36.0,42.0,24.28,5.0,53.0,23.0,0,0,53.0,51.0,58.4,3495,0,0,True,False,False
p1_static,64,4,5000000,2.56,200,1,0.3004,0.419,1501377,1501334,43,1501334,0,4998271,4998128,2559115153,2.5591,3.5188,2.559,43,0,0.003,0.003,False,59.99,0.01,23.627,0.003,0.94,20,103.4,0.0,0,False,False,1501316,4998068,2.559,61,18,0.001,0.004,1501417,0,0,0,0.0,101,0.007,-83,11750,128,,0,0,0,False,24.0,35.0,41.0,24.53,4.0,50.0,24.0,0,0,53.0,51.0,55.6,3498,0,0,True,False,False
baseline,64,4,5000000,2.56,200,1,0.3003,0.424,1501364,1500692,672,1500692,0,4999596,4997358,2559793190,2.5598,3.5197,2.5586,672,0,0.045,0.045,False,40.78,0.01,36.331,0.007,0.86,19,113.1,0.0,0,False,False,1501234,4999163,2.5596,130,-542,-0.036,0.009,1500646,0,0,0,0.0,-588,-0.039,46,11745,128,,0,0,0,False,22.0,28.0,32.0,22.27,5.0,42.0,22.0,0,0,53.0,52.0,40.0,3499,0,0,True,False,False
rxonly,64,4,5000000,2.56,200,1,0.3002,0.428,1500986,1500537,449,1500537,1500561,4999713,4998218,2559853565,2.5599,3.5198,2.5591,449,0,0.03,0.03,True,64.48,0.01,41.231,0.01,1.22,25,113.8,0.0,0,False,False,,,,,,,,,,,,,,,,0,128,,0,0,0,False,,,,,,,,0,0,53.0,52.0,60.9,3498,0,0,True,False,False
modular,64,4,6000000,3.072,167,1,0.3003,0.431,1672081,685960,986121,685960,0,5568390,2284394,2851016089,2.851,3.9201,1.1696,986121,0,58.976,58.976,False,100.23,0.01,0.0,0.013,1.03,11517,355.8,0.0,0,True,False,685943,2284338,1.1696,986138,17,0.001,58.977,685958,0,0,0,0.0,15,0.001,2,5368,128,,0,0,0,False,129.0,135.0,140.0,129.99,100.0,185.0,129.0,0,0,53.0,52.0,83.3,3494,0,0,True,False,False
template,64,4,6000000,3.072,167,1,0.3003,0.424,1665235,1036231,629004,1036231,0,5544831,3450399,2838953620,2.839,3.9036,1.7666,629004,0,37.773,37.773,False,99.89,0.01,0.0,0.017,0.83,13196,386.2,0.0,0,True,False,1036166,3450183,1.7665,629069,65,0.004,37.777,1036232,0,0,0,0.0,66,0.004,-1,8108,128,,0,0,0,False,84.0,89.0,94.0,83.57,68.0,112.0,84.0,0,0,53.0,52.0,84.4,3497,0,0,True,False,False
hardcoded,64,4,6000000,3.072,167,1,0.3004,0.428,1797188,1797188,0,1797328,0,5983524,5983990,3063564693,3.0636,4.2124,3.0638,-140,-140,-0.008,0.0,False,75.86,0.01,15.711,0.007,0.64,34,104.5,0.0,0,False,False,1797187,5983521,3.0636,1,141,0.008,0.0,1797365,0,0,0,0.0,178,0.01,-37,14065,128,,0,0,0,False,19.0,31.0,39.0,19.59,4.0,56.0,19.0,0,0,53.0,52.0,66.6,3498,0,0,True,False,False
p1_static,64,4,6000000,3.072,167,1,0.3004,0.425,1796619,1796619,0,1796689,0,5981481,5981714,3062518416,3.0625,4.211,3.0626,-70,-70,-0.004,0.0,False,70.98,0.01,18.308,0.003,0.64,42,107.6,0.0,0,False,False,1796616,5981471,3.0625,3,73,0.004,0.0,1796912,0,0,0,0.0,296,0.016,-223,14061,128,,0,0,0,False,19.0,32.0,39.0,20.01,3.0,54.0,19.0,0,0,53.0,52.0,63.5,3501,0,0,True,False,False
baseline,64,4,6000000,3.072,167,1,0.3003,0.428,1796931,1796931,0,1797100,0,5983657,5984220,3063632841,3.0636,4.2125,3.0639,-169,-169,-0.009,0.0,False,45.8,0.01,35.87,0.003,0.55,36,119.3,0.0,0,False,False,1796985,5983837,3.0637,-54,115,0.006,-0.003,1797098,0,0,0,0.0,113,0.006,2,14057,128,,0,0,0,False,20.0,26.0,30.0,20.21,6.0,47.0,20.0,0,0,53.0,51.0,44.3,3499,0,0,True,False,False
rxonly,64,4,6000000,3.072,167,1,0.3002,0.427,1797394,1797394,0,1797513,1797499,5986507,5986903,3065091735,3.0651,4.2145,3.0653,-119,-119,-0.007,0.0,True,61.25,0.01,40.514,0.0,0.91,21,104.2,0.0,0,False,False,,,,,,,,,,,,,,,,0,128,,0,0,0,False,,,,,,,,0,0,53.0,51.0,58.3,3496,0,0,True,False,False
modular,64,4,7000000,3.584,143,1,0.3003,0.427,1909778,715235,1194543,715235,0,6359603,2381748,3256116863,3.2561,4.4772,1.2195,1194543,0,62.549,62.549,False,100.23,0.01,0.0,0.017,0.71,13367,337.5,0.0,0,True,False,715200,2381631,1.2194,1194578,35,0.002,62.551,715228,0,0,0,0.0,28,0.001,7,5596,128,,0,0,0,False,115.0,124.0,128.0,116.47,96.0,141.0,115.0,0,0,53.0,52.0,83.9,3502,0,0,True,False,False
template,64,4,7000000,3.584,143,1,0.3003,0.419,1919038,993594,925444,993594,0,6390218,3308575,3271791736,3.2718,4.4987,1.694,925444,0,48.224,48.224,False,99.89,0.01,0.0,0.01,0.48,14806,442.8,0.0,0,True,False,993569,3308492,1.6939,925469,25,0.001,48.226,993592,0,0,0,0.0,23,0.001,2,7775,128,,0,0,0,False,87.0,91.0,93.0,86.62,68.0,106.0,87.0,0,0,53.0,52.0,85.3,3498,0,0,True,False,False
hardcoded,64,4,7000000,3.584,143,1,0.3004,0.416,2083878,2083878,0,2084352,0,6938043,6939621,3552278086,3.5523,4.8844,3.5531,-474,-474,-0.023,0.0,False,88.54,0.02,7.744,0.013,0.39,824,123.8,0.0,0,False,False,2083323,6936195,3.5513,555,1029,0.049,0.027,2084531,0,0,0,0.0,1208,0.058,-179,16305,128,,0,0,0,False,17.0,29.0,37.0,17.84,3.0,106.0,17.0,0,0,53.0,52.0,77.4,3500,0,0,True,False,False
p1_static,64,4,7000000,3.584,143,1,0.3004,0.424,2084679,2084625,54,2084625,0,6938703,6938523,3552616166,3.5526,4.8848,3.5525,54,0,0.003,0.003,False,85.74,0.01,9.566,0.01,0.37,1154,147.9,0.0,0,False,False,2084438,6937901,3.5522,241,187,0.009,0.012,2084738,0,0,0,0.0,300,0.014,-113,16319,128,,0,0,0,False,18.0,30.0,38.0,18.62,4.0,86.0,18.0,0,0,53.0,52.0,73.8,3395,0,0,True,False,False
baseline,64,4,7000000,3.584,143,1,0.3003,0.421,2097578,2097541,37,2097541,0,6984765,6984642,3576199865,3.5762,4.9173,3.5761,37,0,0.002,0.002,False,51.21,0.02,35.94,0.007,0.35,471,129.9,0.0,0,False,False,2097403,6984182,3.5759,175,138,0.007,0.008,2097455,0,0,0,0.0,52,0.002,86,16409,128,,0,0,0,False,18.0,24.0,33.0,18.24,5.0,57.0,18.0,0,0,54.0,51.0,49.6,3498,0,0,True,False,False
rxonly,64,4,7000000,3.584,143,1,0.3002,0.426,2098914,2098676,238,2098676,2098508,6991133,6990340,3579460157,3.5795,4.9218,3.5791,238,0,0.011,0.011,True,62.2,0.01,33.758,0.003,0.75,477,103.8,0.0,0,False,False,,,,,,,,,,,,,,,,0,128,,0,0,0,False,,,,,,,,0,0,53.0,51.0,58.4,3399,0,0,True,False,False
modular,64,4,8000000,4.096,125,1,0.3003,0.421,2151959,679941,1472018,679941,0,7165454,2264023,3668712490,3.6687,5.0445,1.1592,1472018,0,68.404,68.404,False,99.89,0.0,0.0,0.01,0.42,22947,452.4,0.0,0,True,False,679744,2263367,1.1588,1472215,197,0.009,68.413,679960,0,0,0,0.0,216,0.01,-19,5321,128,,0,0,0,False,132.0,137.0,142.0,131.79,106.0,179.0,132.0,0,0,53.0,53.0,85.1,3498,0,0,True,False,False
template,64,4,8000000,4.096,125,1,0.3003,0.429,2146470,1028393,1118077,1028393,0,7148742,3425026,3660156240,3.6602,5.0327,1.7536,1118077,0,52.089,52.089,False,99.91,0.0,0.0,0.01,0.34,17854,391.2,0.0,0,True,False,1028466,3425269,1.7537,1118004,-73,-0.003,52.086,1028384,0,0,0,0.0,-82,-0.004,9,8046,128,,0,0,0,False,78.0,83.0,94.0,78.51,70.0,114.0,78.0,0,0,53.0,53.0,83.4,3398,0,0,True,False,False
hardcoded,64,4,8000000,4.096,125,1,0.3004,0.419,2389083,2369573,19510,2369573,0,7952923,7887977,4071896810,4.0719,5.5989,4.0386,19510,0,0.817,0.817,False,99.66,0.01,0.087,0.017,0.19,1864,146.7,0.0,0,False,False,2369261,7886938,4.0381,19822,312,0.013,0.83,2369680,0,0,0,0.0,419,0.018,-107,18545,128,,0,0,0,False,32.0,38.0,42.0,25.82,5.0,122.0,32.0,0,0,53.0,53.0,85.2,3396,0,0,True,False,False
p1_static,64,4,8000000,4.096,125,1,0.3004,0.428,2372597,2371965,632,2371965,0,7896901,7894797,4043213371,4.0432,5.5594,4.0421,632,0,0.027,0.027,False,96.48,0.01,2.433,0.01,0.2,3523,154.0,0.0,0,False,False,2371752,7894088,4.0418,845,213,0.009,0.036,2372009,0,0,0,0.0,257,0.011,-44,18568,128,,0,0,0,False,12.0,25.0,36.0,14.25,3.0,66.0,12.0,0,0,53.0,53.0,81.3,3400,0,0,True,False,False
baseline,64,4,8000000,4.096,125,1,0.3004,0.435,2377369,2377369,0,2378108,0,7915189,7917649,4052576905,4.0526,5.5723,4.0538,-739,-739,-0.031,0.0,False,56.23,0.01,34.273,0.003,0.19,3107,173.0,0.0,0,False,False,2376790,7913261,4.0516,579,1318,0.055,0.024,2378087,0,0,0,0.0,1297,0.055,21,18601,128,,0,0,0,False,16.0,24.0,34.0,16.83,3.0,74.0,16.0,0,0,53.0,52.0,52.0,3498,0,0,True,False,False
rxonly,64,4,8000000,4.096,125,1,0.3003,0.422,2401156,2401104,52,2401104,2401124,7996173,7996000,4094040976,4.094,5.6293,4.094,52,0,0.002,0.002,True,61.66,0.01,39.519,0.007,0.55,932,115.3,0.0,0,False,False,,,,,,,,,,,,,,,,0,128,,0,0,0,False,,,,,,,,0,0,59.0,52.0,57.5,3503,0,0,True,False,False
modular,64,4,9000000,4.608,111,1,0.3004,0.419,2384287,718891,1665396,718891,0,7937123,2393137,4063807142,4.0638,5.5877,1.2253,1665396,0,69.849,69.849,False,100.2,0.0,0.0,0.007,0.23,22400,439.7,0.0,0,True,False,718800,2392834,1.2251,1665487,91,0.004,69.853,718900,0,0,0,0.0,100,0.004,-9,2813,256,,0,0,0,False,117.0,122.0,132.0,118.07,110.0,164.0,117.0,0,0,54.0,53.0,85.5,3494,0,0,True,False,False
template,64,4,9000000,4.608,111,1,0.3003,0.425,2308726,1032959,1275767,1032959,0,7687281,3439406,3935887931,3.9359,5.4118,1.761,1275767,0,55.258,55.258,False,99.88,0.0,0.0,0.007,0.19,30041,498.3,0.0,0,True,False,1032710,3438576,1.7606,1276016,249,0.011,55.269,1033003,0,0,0,0.0,293,0.013,-44,4040,256,,0,0,0,False,82.0,88.0,100.0,82.95,72.0,114.0,82.0,0,0,54.0,53.0,84.2,3497,0,0,True,False,False
hardcoded,64,4,9000000,4.608,111,1,0.3003,0.421,2633205,2430510,202695,2430510,0,8767174,8092307,4488793438,4.4888,6.1721,4.1433,202695,0,7.698,7.698,False,99.66,0.01,0.093,0.01,0.05,10683,370.9,0.0,0,False,False,2431041,8094075,4.1442,202164,-531,-0.02,7.677,2430508,0,0,0,0.0,-533,-0.02,2,9513,256,,0,0,0,False,36.0,41.0,44.0,36.68,9.0,60.0,36.0,0,0,54.0,53.0,84.9,3496,0,0,True,False,False
p1_static,64,4,9000000,4.608,111,1,0.3004,0.422,2675601,2585369,90232,2585369,0,8906737,8606366,4560249514,4.5602,6.2703,4.4065,90232,0,3.372,3.372,False,100.0,0.0,0.11,0.007,0.07,6896,266.4,0.0,0,False,False,2585213,8605847,4.4062,90388,156,0.006,3.378,2585474,0,0,0,0.0,261,0.01,-105,10118,256,,0,0,0,False,34.0,38.0,41.0,33.84,10.0,56.0,34.0,0,0,54.0,53.0,84.5,3501,0,0,True,False,False
baseline,64,4,9000000,4.608,111,1,0.3004,0.418,2583327,2571365,11962,2571365,0,8600669,8560844,4403542776,4.4035,6.0549,4.3832,11962,0,0.463,0.463,False,59.1,0.01,29.158,0.003,0.06,6593,259.4,0.0,0,False,False,2568297,8550630,4.3779,15030,3068,0.119,0.582,2571674,0,0,0,0.0,3377,0.131,-309,10049,256,,0,0,0,False,16.0,28.0,37.0,17.17,3.0,61.0,16.0,0,0,54.0,53.0,55.7,3495,0,0,True,False,False
rxonly,64,4,9000000,4.608,111,1,0.3003,0.426,2700133,2699758,375,2699758,2699833,8992874,8991625,4604351902,4.6044,6.331,4.6037,375,0,0.014,0.014,True,58.39,0.02,38.021,0.0,0.4,3664,130.2,0.0,0,False,False,,,,,,,,,,,,,,,,0,256,,0,0,0,False,,,,,,,,0,0,54.0,53.0,55.6,3498,0,0,True,False,False
modular,64,4,10000000,5.12,100,1,0.3003,0.418,2577447,677273,1900174,677273,0,8583227,2255405,4394612435,4.3946,6.0426,1.1548,1900174,0,73.723,73.723,False,99.9,0.0,0.0,0.01,0.16,71673,595.9,0.0,0,True,False,677264,2255375,1.1548,1900183,9,0.0,73.723,677262,0,0,0,0.0,-2,-0.0,11,2650,256,,0,0,0,False,129.0,132.0,140.0,128.57,115.0,170.0,129.0,0,0,54.0,52.0,85.6,3497,0,0,True,False,False
template,64,4,10000000,5.12,100,1,0.3004,0.419,2566403,1034733,1531670,1034733,0,8543593,3444641,4374320121,4.3743,6.0147,1.7637,1531670,0,59.682,59.682,False,100.19,0.01,0.0,0.017,0.06,58908,652.5,0.0,0,True,False,1034284,3443146,1.7629,1532119,449,0.017,59.699,1034762,0,0,0,0.0,478,0.019,-29,4048,256,,0,0,0,False,84.0,90.0,97.0,84.92,73.0,127.0,84.0,0,0,54.0,52.0,85.4,3496,0,0,True,False,False
hardcoded,64,4,10000000,5.12,100,1,0.3004,0.421,2667277,2416258,251019,2416258,0,8879455,8043804,4546281247,4.5463,6.2511,4.1184,251019,0,9.411,9.411,False,99.62,0.0,0.107,0.007,0.0,272931,1297.9,0.0,0,True,False,2416495,8044593,4.1188,250782,-237,-0.009,9.402,2416215,0,0,0,0.0,-280,-0.01,43,9455,256,,0,0,0,False,37.0,42.0,44.0,36.81,19.0,61.0,37.0,0,0,54.0,53.0,84.6,3500,0,0,True,False,False
p1_static,64,4,10000000,5.12,100,1,0.3005,0.42,2779289,2576810,202479,2576810,0,9248299,8574535,4735129579,4.7351,6.5108,4.3902,202479,0,7.285,7.285,False,99.45,0.0,0.136,0.01,0.0,216813,1276.8,0.0,0,True,False,2575318,8569570,4.3876,203971,1492,0.054,7.339,2576893,0,0,0,0.0,1575,0.057,-83,10086,256,,0,0,0,False,34.0,38.0,41.0,34.11,5.0,90.0,34.0,0,0,54.0,53.0,85.0,3500,0,0,True,False,False
baseline,64,4,10000000,5.12,100,1,0.3004,0.43,2699410,2671199,28211,2671199,0,8986600,8892683,4601139604,4.6011,6.3266,4.5531,28211,0,1.045,1.045,False,60.78,0.01,27.082,0.007,0.0,271489,1269.9,0.0,0,True,False,2668858,8884890,4.5491,30552,2341,0.087,1.132,2671103,0,0,0,0.0,2245,0.083,96,10443,256,,0,0,0,False,15.0,28.0,37.0,16.35,3.0,56.0,15.0,0,0,54.0,53.0,55.7,3494,0,0,True,False,False
rxonly,64,4,10000000,5.12,100,1,0.3003,0.419,2989190,2989190,0,2989508,2989563,9953070,9954129,5095972049,5.096,7.007,5.0965,-318,-318,-0.011,0.0,True,58.39,0.01,33.656,0.01,0.3,8837,148.5,0.0,0,False,False,,,,,,,,,,,,,,,,0,256,,0,0,0,False,,,,,,,,0,0,54.0,53.0,55.8,3500,0,0,True,False,False
modular,64,4,11000000,5.632,91,1,0.3003,0.419,2748242,685278,2062964,685278,0,9150924,2281795,4685273316,4.6853,6.4423,1.1683,2062964,0,75.065,75.065,False,100.22,0.0,0.0,0.01,0.03,124605,843.2,0.0,0,True,False,685120,2281269,1.168,2063122,158,0.006,75.071,685290,0,0,0,0.0,170,0.006,-12,2681,256,,0,0,0,False,124.0,129.0,136.0,123.39,109.0,160.0,124.0,0,0,54.0,52.0,85.2,3500,0,0,True,False,False
template,64,4,11000000,5.632,91,1,0.3003,0.424,2716973,1042432,1674541,1042432,0,9046906,3471063,4632015952,4.632,6.369,1.7772,1674541,0,61.633,61.633,False,99.89,0.01,0.0,0.013,0.01,171802,851.2,0.0,0,True,False,1042208,3470317,1.7768,1674765,224,0.008,61.641,1042445,0,0,0,0.0,237,0.009,-13,4077,256,,0,0,0,False,76.0,89.0,97.0,79.53,69.0,105.0,76.0,0,0,54.0,52.0,84.5,3503,0,0,True,False,False
hardcoded,64,4,11000000,5.632,91,1,0.3004,0.422,2612824,2387858,224966,2387858,0,8697843,7948953,4453296067,4.4533,6.1233,4.0699,224966,0,8.61,8.61,False,99.59,0.01,0.1,0.013,0.0,1649570,1418.9,0.0,0,True,False,2387715,7948477,4.0696,225109,143,0.005,8.616,2387894,0,0,0,0.0,179,0.007,-36,9344,256,,0,0,0,False,37.0,42.0,46.0,36.9,17.0,122.0,37.0,0,0,54.0,52.0,84.6,3496,0,0,True,False,False
p1_static,64,4,11000000,5.632,91,1,0.3004,0.42,2732094,2572851,159243,2572851,0,9094923,8564816,4656601039,4.6566,6.4028,4.3852,159243,0,5.829,5.829,False,99.54,0.01,0.15,0.02,0.0,1766293,1425.8,0.0,0,True,False,2572551,8563817,4.3847,159543,300,0.011,5.84,2572821,0,0,0,0.0,270,0.01,30,10068,256,,0,0,0,False,34.0,39.0,42.0,34.63,8.0,66.0,34.0,0,0,54.0,52.0,84.9,3500,0,0,True,False,False
baseline,64,4,11000000,5.632,91,1,0.3003,0.422,2616130,2587982,28148,2587982,0,8710530,8616810,4459791819,4.4598,6.1322,4.4118,28148,0,1.076,1.076,False,58.68,0.01,27.079,0.01,0.0,1551869,1367.7,0.0,0,True,False,2586002,8610218,4.4084,30128,1980,0.076,1.152,2588192,0,0,0,0.0,2190,0.084,-210,10118,256,,0,0,0,False,16.0,30.0,38.0,17.1,2.0,62.0,16.0,0,0,54.0,52.0,54.8,3496,0,0,True,False,False
rxonly,64,4,11000000,5.632,91,1,0.3004,0.423,3275988,3275717,271,3275717,3275702,10906393,10905490,5584073323,5.5841,7.6781,5.5836,271,0,0.008,0.008,True,56.05,0.01,36.901,0.0,0.19,7893,169.1,0.0,0,False,False,,,,,,,,,,,,,,,,0,256,,0,0,0,False,,,,,,,,0,0,54.0,52.0,53.6,3500,0,0,True,False,False
modular,64,4,12000000,6.144,83,1,0.3003,0.419,2816110,682146,2133964,682146,0,9378494,2271751,4801789325,4.8018,6.6025,1.1631,2133964,0,75.777,75.777,False,99.9,0.01,0.0,0.013,0.0,436501,1032.7,0.0,0,True,False,682190,2271898,1.1632,2133920,-44,-0.002,75.775,682133,0,0,0,0.0,-57,-0.002,13,2669,256,,0,0,0,False,130.0,137.0,142.0,130.56,107.0,154.0,130.0,0,0,54.0,53.0,85.3,3499,0,0,True,False,False
template,64,4,12000000,6.144,83,1,0.3003,0.423,2625727,992608,1633119,992608,0,8743095,3305167,4476465007,4.4765,6.1551,1.6922,1633119,0,62.197,62.197,False,99.88,0.02,0.0,0.02,0.0,642476,1094.9,0.0,0,True,False,992509,3304837,1.6921,1633218,99,0.004,62.201,992619,0,0,0,0.0,110,0.004,-11,3883,256,,0,0,0,False,80.0,87.0,100.0,80.39,63.0,137.0,80.0,0,0,54.0,53.0,84.9,3496,0,0,True,False,False
hardcoded,64,4,12000000,6.144,83,1,0.3003,0.422,2588114,2367484,220630,2367484,0,8617148,7882558,4411979785,4.412,6.0665,4.0359,220630,0,8.525,8.525,False,99.91,0.01,0.113,0.017,0.0,2244537,1312.8,0.0,0,True,False,2367697,7883267,4.0362,220417,-213,-0.008,8.517,2367389,0,0,0,0.0,-308,-0.012,95,9265,256,,0,0,0,False,36.0,42.0,45.0,36.2,13.0,63.0,36.0,0,0,54.0,53.0,84.7,3499,0,0,True,False,False
p1_static,64,4,12000000,6.144,83,1,0.3004,0.422,2795811,2618402,177409,2618402,0,9307170,8716580,4765271090,4.7653,6.5522,4.4629,177409,0,6.346,6.346,False,99.62,0.0,0.1,0.01,0.0,2479835,1312.7,0.0,0,True,False,2618698,8717566,4.4634,177113,-296,-0.011,6.335,2618489,0,0,0,0.0,-209,-0.007,-87,10250,256,,0,0,0,False,33.0,37.0,40.0,33.32,7.0,64.0,33.0,0,0,54.0,53.0,84.6,3495,0,0,True,False,False
baseline,64,4,12000000,6.144,83,1,0.3004,0.432,2674485,2641057,33428,2641057,0,8903387,8792105,4558534489,4.5585,6.268,4.5016,33428,0,1.25,1.25,False,59.4,0.01,24.648,0.007,0.0,2167835,1267.0,0.0,0,True,False,2639048,8785417,4.4981,35437,2009,0.075,1.325,2640865,0,0,0,0.0,1817,0.068,192,10325,256,,0,0,0,False,17.0,30.0,37.0,17.4,3.0,65.0,17.0,0,0,54.0,52.0,53.7,3500,0,0,True,False,False
rxonly,64,4,12000000,6.144,83,1,0.3003,0.42,3507199,3487391,19808,3487391,3487363,11677969,11612014,5979120611,5.9791,8.2213,5.9454,19808,0,0.565,0.565,True,55.32,0.01,34.239,0.003,0.09,42448,285.0,0.0,0,False,False,,,,,,,,,,,,,,,,0,256,,0,0,0,False,,,,,,,,0,0,54.0,52.0,52.9,3498,0,0,True,False,False
rxonly,64,5,500000,0.256,2000,1,0.3003,0.42,150150,150150,0,150198,150198,499975,500134,255987281,0.256,0.352,0.2561,-48,-48,-0.032,0.0,True,18.26,0.02,71.978,0.0,35.85,0,69.1,0.0,0,False,False,,,,,,,,,,,,,,,,0,8,,0,0,0,False,,,,,,,,0,0,55.0,53.0,26.1,3497,0,0,True,False,False
baseline,64,5,500000,0.256,2000,1,0.3003,0.421,150135,150131,4,150131,0,499990,499976,255995007,0.256,0.352,0.256,4,0,0.003,0.003,False,13.81,0.02,69.763,0.0,34.74,0,81.7,0.0,0,False,False,150126,499960,0.256,9,5,0.003,0.006,150133,0,0,0,0.0,7,0.005,-2,18791,8,,0,0,0,False,17.0,22.0,25.0,16.97,7.0,44.0,17.0,0,0,54.0,53.0,23.2,3496,0,0,True,False,False
p1_static,64,5,500000,0.256,2000,1,0.3003,0.423,150171,150141,30,150141,0,500046,499947,256024053,0.256,0.352,0.256,30,0,0.02,0.02,False,16.24,0.03,68.718,0.003,34.21,0,80.2,0.0,0,False,False,150162,500017,0.256,9,-21,-0.014,0.006,150135,0,0,0,0.0,-27,-0.018,6,18798,8,,0,0,0,False,17.0,22.0,25.0,17.55,8.0,50.0,17.0,0,0,54.0,52.0,25.4,3495,0,0,True,False,False
hardcoded,64,5,500000,0.256,2000,1,0.3003,0.421,150149,150149,0,150171,0,499968,500041,255983742,0.256,0.352,0.256,-22,-22,-0.015,0.0,False,16.79,0.02,69.47,0.0,34.59,0,80.7,0.0,0,False,False,150149,499968,0.256,0,22,0.015,0.0,150170,0,0,0,0.0,21,0.014,1,18799,8,,0,0,0,False,17.0,22.0,25.0,17.17,7.0,40.0,17.0,0,0,53.0,52.0,26.3,3499,0,0,True,False,False
template,64,5,500000,0.256,2000,1,0.3003,0.42,150137,150137,0,150151,0,499999,500046,255999847,0.256,0.352,0.256,-14,-14,-0.009,0.0,False,25.48,0.02,70.579,0.0,35.15,0,75.2,0.0,0,False,False,150141,500013,0.256,-4,10,0.007,-0.003,150150,0,0,0,0.0,9,0.006,1,18790,8,,0,0,0,False,18.0,23.0,25.0,17.98,8.0,49.0,18.0,0,0,53.0,52.0,34.0,3499,0,0,True,False,False
modular,64,5,500000,0.256,2000,1,0.3004,0.421,150232,150178,54,150178,0,500098,499918,256050180,0.2561,0.3521,0.256,54,0,0.036,0.036,False,31.99,0.03,69.356,0.0,34.65,0,83.2,0.0,0,False,False,150216,500044,0.256,16,-38,-0.025,0.011,150171,0,0,0,0.0,-45,-0.03,7,18808,8,,0,0,0,False,19.0,24.0,28.0,19.17,7.0,50.0,19.0,0,0,54.0,52.0,38.5,3499,0,0,True,False,False
rxonly,64,5,1000000,0.512,1000,1,0.3003,0.425,300307,300307,0,300362,300366,999936,1000119,511967630,0.512,0.704,0.5121,-55,-55,-0.018,0.0,True,32.03,0.03,60.861,0.0,14.58,2,90.0,0.0,0,False,False,,,,,,,,,,,,,,,,0,16,,0,0,0,False,,,,,,,,0,0,53.0,52.0,36.4,3499,0,0,True,False,False
baseline,64,5,1000000,0.512,1000,1,0.3003,0.417,300273,300237,36,300237,0,1000046,999926,512023661,0.512,0.704,0.512,36,0,0.012,0.012,False,15.8,0.02,56.538,0.0,13.49,1,93.2,0.0,0,False,False,300263,1000012,0.512,10,-26,-0.009,0.003,300239,0,0,0,0.0,-24,-0.008,-2,18789,16,,0,0,0,False,21.0,26.0,30.0,20.54,10.0,55.0,21.0,0,0,53.0,52.0,23.5,3500,0,0,True,False,False
p1_static,64,5,1000000,0.512,1000,1,0.3004,0.419,300353,300353,0,300391,0,999909,1000035,511953432,0.512,0.7039,0.512,-38,-38,-0.013,0.0,False,19.95,0.02,54.84,0.0,13.04,2,95.1,0.0,0,False,False,300344,999879,0.5119,9,47,0.016,0.003,300375,0,0,0,0.0,31,0.01,16,18806,16,,0,0,0,False,22.0,27.0,29.0,22.01,12.0,59.0,22.0,0,0,53.0,52.0,26.9,3496,0,0,True,False,False
hardcoded,64,5,1000000,0.512,1000,1,0.3004,0.427,300309,300309,0,300456,0,999810,1000299,511902783,0.5119,0.7039,0.5122,-147,-147,-0.049,0.0,False,21.58,0.02,57.876,0.0,13.84,0,96.1,0.0,0,False,False,300295,999763,0.5119,14,161,0.054,0.005,300437,0,0,0,0.0,142,0.047,19,18805,16,,0,0,0,False,21.0,26.0,30.0,21.01,11.0,56.0,21.0,0,0,53.0,52.0,28.2,3498,0,0,True,False,False
template,64,5,1000000,0.512,1000,1,0.3002,0.425,300214,300214,0,300233,0,999950,1000013,511974418,0.512,0.704,0.512,-19,-19,-0.006,0.0,False,36.37,0.02,61.113,0.0,14.68,1,94.6,0.0,0,False,False,300208,999930,0.512,6,25,0.008,0.002,300247,0,0,0,0.0,39,0.013,-14,18785,16,,0,0,0,False,23.0,32.0,36.0,23.49,10.0,55.0,23.0,0,0,54.0,52.0,39.2,3498,0,0,True,False,False
modular,64,5,1000000,0.512,1000,1,0.3003,0.419,300289,300262,27,300262,0,999957,999867,511978157,0.512,0.704,0.5119,27,0,0.009,0.009,False,49.25,0.02,42.554,0.0,14.46,1,88.4,0.0,0,False,False,300270,999894,0.5119,19,-8,-0.003,0.006,300268,0,0,0,0.0,-2,-0.001,-6,18795,16,,0,0,0,False,28.0,40.0,45.0,28.6,12.0,79.0,28.0,0,0,53.0,52.0,49.0,3495,0,0,True,False,False
rxonly,64,5,1500000,0.768,667,1,0.3003,0.425,450217,450166,51,450166,450205,1499276,1499106,767629538,0.7676,1.0555,0.7675,51,0,0.011,0.011,True,45.82,0.02,50.611,0.0,7.65,3,105.6,0.0,0,False,False,,,,,,,,,,,,,,,,0,32,,0,0,0,False,,,,,,,,0,0,53.0,52.0,46.8,3497,0,0,True,False,False
baseline,64,5,1500000,0.768,667,1,0.3003,0.418,450115,450115,0,450207,0,1498931,1499237,767452755,0.7675,1.0552,0.7676,-92,-92,-0.02,0.0,False,17.82,0.03,49.432,0.0,7.46,2,110.8,0.0,0,False,False,450109,1498911,0.7674,6,98,0.022,0.001,450210,0,0,0,0.0,101,0.022,-3,14085,32,,0,0,0,False,24.0,30.0,34.0,24.41,12.0,52.0,24.0,0,0,53.0,52.0,24.1,3500,0,0,True,False,False
p1_static,64,5,1500000,0.768,667,1,0.3003,0.421,450189,450145,44,450145,0,1499183,1499037,767582193,0.7676,1.0554,0.7675,44,0,0.01,0.01,False,24.36,0.01,47.184,0.0,7.08,3,114.2,0.0,0,False,False,450177,1499144,0.7676,12,-32,-0.007,0.003,450142,0,0,0,0.0,-35,-0.008,3,14088,32,,0,0,0,False,27.0,32.0,36.0,26.9,11.0,61.0,27.0,0,0,53.0,51.0,29.2,3494,0,0,True,False,False
hardcoded,64,5,1500000,0.768,667,1,0.3003,0.419,450227,450201,26,450201,0,1499237,1499151,767609685,0.7676,1.0555,0.7676,26,0,0.006,0.006,False,25.8,0.02,48.361,0.0,7.3,2,112.1,0.0,0,False,False,450212,1499187,0.7676,15,-11,-0.002,0.003,450201,0,0,0,0.0,-11,-0.002,0,14091,32,,0,0,0,False,26.0,32.0,37.0,26.56,11.0,59.0,26.0,0,0,53.0,51.0,30.9,3494,0,0,True,False,False
template,64,5,1500000,0.768,667,1,0.3003,0.422,450245,450109,136,450109,0,1499394,1498941,767689957,0.7677,1.0556,0.7675,136,0,0.03,0.03,False,46.3,0.01,29.902,0.003,8.1,3,96.5,0.0,0,False,False,450220,1499311,0.7676,25,-111,-0.025,0.006,450125,0,0,0,0.0,-95,-0.021,-16,14089,32,,0,0,0,False,39.0,54.0,58.0,39.85,12.0,78.0,39.0,0,0,53.0,52.0,44.1,3499,0,0,True,False,False
modular,64,5,1500000,0.768,667,1,0.3002,0.418,450006,449959,47,449959,0,1499158,1499002,767569406,0.7676,1.0554,0.7675,47,0,0.01,0.01,False,68.27,0.01,19.086,0.007,7.67,3,102.9,0.0,0,False,False,449979,1499069,0.7675,27,-20,-0.004,0.006,449973,0,0,0,0.0,-6,-0.001,-14,14074,32,,0,0,0,False,40.0,60.0,69.0,41.26,12.0,94.0,40.0,0,0,53.0,52.0,62.5,3502,0,0,True,False,False
rxonly,64,5,2000000,1.024,500,1,0.3003,0.421,600446,600446,0,600452,600456,1999810,1999830,1023902925,1.0239,1.4079,1.0239,-6,-6,-0.001,0.0,True,53.45,0.01,45.782,0.0,4.86,3,110.6,0.0,0,False,False,,,,,,,,,,,,,,,,0,32,,0,0,0,False,,,,,,,,0,0,53.0,51.0,53.7,3495,0,0,True,False,False
baseline,64,5,2000000,1.024,500,1,0.3003,0.418,600456,600456,0,600517,0,1999844,2000047,1023920508,1.0239,1.4079,1.024,-61,-61,-0.01,0.0,False,20.13,0.01,42.451,0.0,4.44,2,120.6,0.0,0,False,False,600441,1999794,1.0239,15,76,0.013,0.002,600519,0,0,0,0.0,78,0.013,-2,18788,32,,0,0,0,False,29.0,34.0,37.0,28.5,10.0,50.0,29.0,0,0,53.0,51.0,24.5,3495,0,0,True,False,False
p1_static,64,5,2000000,1.024,500,1,0.3003,0.418,600637,600599,38,600599,0,1999837,1999710,1023916710,1.0239,1.4079,1.0239,38,0,0.006,0.006,False,27.64,0.01,27.672,0.003,4.91,2,112.3,0.0,0,False,False,600550,1999547,1.0238,87,49,0.008,0.014,600642,0,0,0,0.0,92,0.015,-43,18801,32,,0,0,0,False,35.0,44.0,47.0,34.53,10.0,61.0,35.0,0,0,53.0,51.0,28.9,3496,0,0,True,False,False
hardcoded,64,5,2000000,1.024,500,1,0.3003,0.422,600604,600486,118,600486,0,1999795,1999402,1023895449,1.0239,1.4079,1.0237,118,0,0.02,0.02,False,29.4,0.01,25.615,0.0,5.01,2,105.0,0.0,0,False,False,600570,1999682,1.0238,34,-84,-0.014,0.006,600542,0,0,0,0.0,-28,-0.005,-56,18800,32,,0,0,0,False,34.0,43.0,47.0,34.03,9.0,71.0,34.0,0,0,53.0,51.0,29.8,3498,0,0,True,False,False
template,64,5,2000000,1.024,500,1,0.3003,0.425,600441,600324,117,600324,0,1999676,1999287,1023834499,1.0238,1.4078,1.0236,117,0,0.019,0.019,False,58.85,0.0,15.869,0.007,4.99,5,104.4,0.0,0,False,False,600452,1999713,1.0239,-11,-128,-0.021,-0.002,600426,0,0,0,0.0,-26,-0.004,-102,18787,32,,0,0,0,False,41.0,53.0,58.0,40.43,10.0,66.0,41.0,0,0,53.0,52.0,53.1,3499,0,0,True,False,False
modular,64,5,2000000,1.024,500,1,0.3003,0.421,600567,600484,83,600484,0,2000015,1999739,1024008179,1.024,1.408,1.0239,83,0,0.014,0.014,False,86.66,0.0,8.279,0.0,4.58,4,110.4,0.0,0,False,False,600470,1999692,1.0238,97,14,0.002,0.016,600458,0,0,0,0.0,-12,-0.002,26,18792,32,,0,0,0,False,35.0,52.0,63.0,35.59,10.0,152.0,35.0,0,0,53.0,52.0,75.4,3497,0,0,True,False,False
rxonly,64,5,2500000,1.28,400,1,0.3003,0.426,750534,750534,0,750538,750570,2499671,2499684,1279831651,1.2798,1.7598,1.2798,-4,-4,-0.001,0.0,True,60.37,0.01,42.761,0.0,3.38,5,121.1,0.0,0,False,False,,,,,,,,,,,,,,,,0,64,,0,0,0,False,,,,,,,,0,0,53.0,51.0,58.2,3498,0,0,True,False,False
baseline,64,5,2500000,1.28,400,1,0.3003,0.419,750762,750762,0,750958,0,2499725,2500377,1279859375,1.2799,1.7598,1.2802,-196,-196,-0.026,0.0,False,22.95,0.01,43.444,0.003,3.45,4,112.4,0.0,0,False,False,750871,2500088,1.28,-109,87,0.012,-0.015,750959,0,0,0,0.0,88,0.012,-1,11748,64,,0,0,0,False,29.0,39.0,43.0,29.49,8.0,54.0,29.0,0,0,53.0,51.0,27.4,3502,0,0,True,False,False
p1_static,64,5,2500000,1.28,400,1,0.3004,0.423,750883,750738,145,750738,0,2499991,2499508,1279995616,1.28,1.76,1.2797,145,0,0.019,0.019,False,31.68,0.0,22.523,0.0,3.37,4,109.6,0.0,0,False,False,750855,2499898,1.2799,28,-117,-0.016,0.004,750812,0,0,0,0.0,-43,-0.006,-74,11751,64,,0,0,0,False,38.0,47.0,49.0,38.07,12.0,61.0,38.0,0,0,53.0,51.0,31.2,3498,0,0,True,False,False
hardcoded,64,5,2500000,1.28,400,1,0.3003,0.419,750760,750760,0,750840,0,2499733,2500000,1279863687,1.2799,1.7598,1.28,-80,-80,-0.011,0.0,False,33.39,0.01,21.982,0.0,3.36,5,110.3,0.0,0,False,False,750759,2499730,1.2799,1,81,0.011,0.0,750938,0,0,0,0.0,179,0.024,-98,11751,64,,0,0,0,False,39.0,47.0,50.0,38.84,10.0,66.0,39.0,0,0,53.0,51.0,32.7,3498,0,0,True,False,False
template,64,5,2500000,1.28,400,1,0.3003,0.421,750581,750581,0,750683,0,2499634,2499973,1279812761,1.2798,1.7597,1.28,-102,-102,-0.014,0.0,False,76.37,0.01,13.98,0.007,3.44,6,109.5,0.0,0,False,False,750582,2499637,1.2798,-1,101,0.013,-0.0,750741,0,0,0,0.0,159,0.021,-58,11743,64,,0,0,0,False,31.0,45.0,54.0,31.05,8.0,61.0,31.0,0,0,53.0,51.0,67.0,3497,0,0,True,False,False
modular,64,5,2500000,1.28,400,1,0.3003,0.421,750561,689599,60962,689599,0,2499663,2296636,1279827768,1.2798,1.7598,1.1759,60962,0,8.122,8.122,False,99.9,0.02,0.0,0.023,3.67,6,126.3,0.0,0,False,False,689600,2296639,1.1759,60961,-1,-0.0,8.122,689601,0,0,0,0.0,1,0.0,-2,10793,64,,0,0,0,False,123.0,138.0,145.0,126.34,102.0,182.0,123.0,0,0,53.0,51.0,84.9,3499,0,0,True,False,False
rxonly,64,5,3000000,1.536,333,1,0.3003,0.43,901497,901497,0,901593,901606,3002369,3002689,1537213438,1.5372,2.1137,1.5374,-96,-96,-0.011,0.0,True,59.52,0.01,42.573,0.0,2.63,8,114.5,0.0,0,False,False,,,,,,,,,,,,,,,,0,64,,0,0,0,False,,,,,,,,0,0,53.0,51.0,57.6,3499,0,0,True,False,False
baseline,64,5,3000000,1.536,333,1,0.3003,0.421,901578,901532,46,901532,0,3002377,3002224,1537217240,1.5372,2.1137,1.5371,46,0,0.005,0.005,False,26.28,0.01,41.43,0.0,2.53,6,115.2,0.0,0,False,False,901586,3002404,1.5372,-8,-54,-0.006,-0.001,901549,0,0,0,0.0,-37,-0.004,-17,14106,64,,0,0,0,False,28.0,37.0,42.0,27.71,8.0,51.0,28.0,0,0,53.0,51.0,29.6,3501,0,0,True,False,False
p1_static,64,5,3000000,1.536,333,1,0.3004,0.428,902120,902026,94,902026,0,3002960,3002647,1537515734,1.5375,2.1141,1.5374,94,0,0.01,0.01,False,37.76,0.0,20.439,0.0,2.27,3,119.0,0.0,0,False,False,902076,3002813,1.5374,44,-50,-0.006,0.005,902028,0,0,0,0.0,-48,-0.005,-2,14122,64,,0,0,0,False,38.0,47.0,50.0,37.61,8.0,59.0,38.0,0,0,53.0,51.0,35.2,3499,0,0,True,False,False
hardcoded,64,5,3000000,1.536,333,1,0.3003,0.421,901756,901548,208,901548,0,3002708,3002015,1537386565,1.5374,2.1139,1.537,208,0,0.023,0.023,False,39.73,0.01,21.115,0.0,2.48,4,113.5,0.0,0,False,False,901736,3002641,1.5374,20,-188,-0.021,0.002,901598,0,0,0,0.0,-138,-0.015,-50,14112,64,,0,0,0,False,36.0,45.0,48.0,35.39,11.0,60.0,36.0,0,0,53.0,51.0,37.7,3494,0,0,True,False,False
template,64,5,3000000,1.536,333,1,0.3003,0.419,901658,901526,132,901526,0,3002977,3002537,1537524254,1.5375,2.1141,1.5373,132,0,0.015,0.015,False,88.35,0.0,7.184,0.007,2.46,6,105.9,0.0,0,False,False,901565,3002667,1.5374,93,-39,-0.004,0.01,901542,0,0,0,0.0,-23,-0.003,-16,14104,64,,0,0,0,False,28.0,41.0,50.0,28.59,7.0,62.0,28.0,0,0,53.0,52.0,76.6,3496,0,0,True,False,False
modular,64,5,3000000,1.536,333,1,0.3003,0.422,901592,710572,191020,710572,0,3002453,2366324,1537256035,1.5373,2.1137,1.2116,191020,0,21.187,21.187,False,99.9,0.0,0.0,0.01,2.76,149,300.4,0.0,0,False,False,710631,2366520,1.2117,190961,-59,-0.007,21.18,710556,0,0,0,0.0,-75,-0.008,16,11122,64,,0,0,0,False,118.0,134.0,139.0,120.58,98.0,151.0,118.0,0,0,53.0,52.0,84.5,3500,0,0,True,False,False
rxonly,64,5,3500000,1.792,286,1,0.3002,0.424,1049523,1049480,43,1049480,1049514,3495897,3495754,1789899560,1.7899,2.4611,1.7898,43,0,0.004,0.004,True,62.06,0.01,43.252,0.003,2.17,16,117.0,0.0,0,False,False,,,,,,,,,,,,,,,,0,64,,0,0,0,False,,,,,,,,0,0,53.0,51.0,60.1,3497,0,0,True,False,False
baseline,64,5,3500000,1.792,286,1,0.3003,0.421,1049569,1049439,130,1049439,0,3495246,3494813,1789566274,1.7896,2.4607,1.7893,130,0,0.012,0.012,False,29.69,0.01,38.47,0.0,1.82,15,117.9,0.0,0,False,False,1049545,3495166,1.7895,24,-106,-0.01,0.002,1049404,0,0,0,0.0,-141,-0.013,35,16420,64,,0,0,0,False,25.0,32.0,38.0,25.85,7.0,47.0,25.0,0,0,53.0,51.0,32.1,3499,0,0,True,False,False
p1_static,64,5,3500000,1.792,286,1,0.3003,0.422,1050015,1049721,294,1049721,0,3496529,3495550,1790223179,1.7902,2.4616,1.7897,294,0,0.028,0.028,False,42.16,0.0,20.223,0.0,1.86,10,113.7,0.0,0,False,False,1049958,3496339,1.7901,57,-237,-0.023,0.005,1049576,0,0,0,0.0,-382,-0.036,145,16431,64,,0,0,0,False,36.0,44.0,48.0,35.72,8.0,58.0,36.0,0,0,53.0,52.0,39.6,3495,0,0,True,False,False
hardcoded,64,5,3500000,1.792,286,1,0.3003,0.423,1050039,1049678,361,1049678,0,3496769,3495567,1790345974,1.7903,2.4617,1.7897,361,0,0.034,0.034,False,45.03,0.01,19.724,0.003,1.71,5,114.0,0.0,0,False,False,1049934,3496419,1.7902,105,-256,-0.024,0.01,1049740,0,0,0,0.0,-194,-0.018,-62,16432,64,,0,0,0,False,36.0,44.0,48.0,35.61,7.0,57.0,36.0,0,0,53.0,52.0,41.7,3497,0,0,True,False,False
template,64,5,3500000,1.792,286,1,0.3004,0.419,1049739,1044577,5162,1044577,0,3494291,3477108,1789077037,1.7891,2.46,1.7803,5162,0,0.492,0.492,False,99.84,0.01,0.003,0.013,1.7,53,116.0,0.0,0,False,False,1044070,3475420,1.7794,5669,507,0.048,0.54,1044626,0,0,0,0.0,556,0.053,-49,16345,64,,0,0,0,False,29.0,81.0,90.0,43.47,9.0,114.0,29.0,0,0,53.0,53.0,85.3,3496,0,0,True,False,False
modular,64,5,3500000,1.792,286,1,0.3003,0.425,1046369,692589,353780,692589,0,3484606,2306452,1784118617,1.7841,2.4532,1.1809,353780,0,33.81,33.81,False,99.9,0.0,0.0,0.01,2.3,3133,456.4,0.0,0,False,False,692672,2306728,1.181,353697,-83,-0.008,33.802,692581,0,0,0,0.0,-91,-0.009,8,10839,64,,0,0,0,False,126.0,135.0,142.0,123.29,105.0,179.0,126.0,0,0,53.0,53.0,84.4,3495,0,0,True,False,False
rxonly,64,5,4000000,2.048,250,1,0.3003,0.43,1200988,1200894,94,1200894,1200890,3999115,3998802,2047547076,2.0475,2.8154,2.0474,94,0,0.008,0.008,True,65.02,0.01,39.848,0.0,1.68,18,113.1,0.0,0,False,False,,,,,,,,,,,,,,,,0,64,,0,0,0,False,,,,,,,,0,0,53.0,51.0,61.1,3494,0,0,True,False,False
baseline,64,5,4000000,2.048,250,1,0.3003,0.423,1200911,1200619,292,1200619,0,3999246,3998273,2047614099,2.0476,2.8155,2.0471,292,0,0.024,0.024,False,32.99,0.01,36.352,0.003,1.33,9,113.3,0.0,0,False,False,1200814,3998923,2.0474,97,-195,-0.016,0.008,1200597,0,0,0,0.0,-217,-0.018,22,18789,64,,0,0,0,False,26.0,33.0,38.0,25.45,5.0,52.0,26.0,0,0,53.0,51.0,34.3,3499,0,0,True,False,False
p1_static,64,5,4000000,2.048,250,1,0.3004,0.422,1201615,1201590,25,1201590,0,3999651,3999568,2047821721,2.0478,2.8158,2.0478,25,0,0.002,0.002,False,48.19,0.0,21.446,0.0,1.4,13,109.5,0.0,0,False,False,1201555,3999452,2.0477,60,35,0.003,0.005,1201534,0,0,0,0.0,-21,-0.002,56,18815,64,,0,0,0,False,33.0,42.0,46.0,32.33,6.0,64.0,33.0,0,0,53.0,52.0,44.6,3500,0,0,True,False,False
hardcoded,64,5,4000000,2.048,250,1,0.3003,0.419,1201145,1200859,286,1200859,0,3999582,3998630,2047786217,2.0478,2.8157,2.0473,286,0,0.024,0.024,False,51.46,0.0,19.852,0.003,1.39,11,110.1,0.0,0,False,False,1201125,3999515,2.0478,20,-266,-0.022,0.002,1200959,0,0,0,0.0,-166,-0.014,-100,18799,64,,0,0,0,False,32.0,41.0,46.0,32.16,7.0,61.0,32.0,0,0,53.0,52.0,47.9,3496,0,0,True,False,False
template,64,5,4000000,2.048,250,1,0.3003,0.422,1195734,1031395,164339,1031395,0,3981619,3434394,2038589343,2.0386,2.8031,1.7584,164339,0,13.744,13.744,False,99.89,0.0,0.0,0.01,1.55,2269,252.5,0.0,0,False,False,1031280,3434011,1.7582,164454,115,0.01,13.753,1031424,0,0,0,0.0,144,0.012,-29,16141,64,,0,0,0,False,83.0,93.0,100.0,84.24,68.0,114.0,83.0,0,0,53.0,52.0,84.9,3500,0,0,True,False,False
modular,64,5,4000000,2.048,250,1,0.3003,0.423,1181004,705469,475535,705469,0,3932822,2349259,2013605085,2.0136,2.7687,1.2028,475535,0,40.265,40.265,False,99.9,0.01,0.0,0.013,1.92,8325,489.5,0.0,0,False,False,705408,2349055,1.2027,475596,61,0.005,40.27,705473,0,0,0,0.0,65,0.006,-4,11040,64,,0,0,0,False,120.0,125.0,132.0,120.57,88.0,169.0,120.0,0,0,53.0,52.0,84.7,3495,0,0,True,False,False
rxonly,64,5,5000000,2.56,200,1,0.3003,0.421,1500848,1500728,120,1500728,1500712,4998366,4997966,2559163460,2.5592,3.5188,2.559,120,0,0.008,0.008,True,63.18,0.01,41.859,0.0,1.22,58,111.5,0.0,0,False,False,,,,,,,,,,,,,,,,0,128,,0,0,0,False,,,,,,,,0,0,53.0,51.0,61.0,3500,0,0,True,False,False
baseline,64,5,5000000,2.56,200,1,0.3004,0.423,1501180,1501180,0,1501935,0,4996801,4999314,2558362341,2.5584,3.5177,2.5596,-755,-755,-0.05,0.0,False,40.05,0.01,35.885,0.0,0.84,34,115.9,0.0,0,False,False,1501187,4996824,2.5584,-7,748,0.05,-0.0,1502051,0,0,0,0.0,864,0.058,-116,11753,128,,0,0,0,False,22.0,28.0,32.0,22.21,5.0,41.0,22.0,0,0,53.0,51.0,40.0,3496,0,0,True,False,False
p1_static,64,5,5000000,2.56,200,1,0.3004,0.427,1501472,1501472,0,1502106,0,4997703,4999813,2558824005,2.5588,3.5184,2.5599,-634,-634,-0.042,0.0,False,59.87,0.01,23.413,0.01,0.94,24,106.6,0.0,0,False,False,1501448,4997623,2.5588,24,658,0.044,0.002,1502151,0,0,0,0.0,703,0.047,-45,11754,128,,0,0,0,False,24.0,36.0,41.0,24.73,5.0,44.0,24.0,0,0,53.0,52.0,54.5,3501,0,0,True,False,False
hardcoded,64,5,5000000,2.56,200,1,0.3002,0.433,1500705,1500222,483,1500222,0,4998838,4997229,2559405175,2.5594,3.5192,2.5586,483,0,0.032,0.032,False,63.96,0.01,23.377,0.007,0.95,18,105.6,0.0,0,False,False,1500549,4998318,2.5591,156,-327,-0.022,0.01,1500265,0,0,0,0.0,-284,-0.019,-43,11736,128,,0,0,0,False,23.0,36.0,42.0,23.71,4.0,54.0,23.0,0,0,53.0,52.0,57.4,3495,0,0,True,False,False
template,64,5,5000000,2.56,200,1,0.3003,0.423,1441038,1044556,396482,1044556,0,4799075,3478674,2457126521,2.4571,3.3785,1.7811,396482,0,27.514,27.514,False,99.9,0.01,0.0,0.02,1.22,8961,352.8,0.0,0,False,False,1044643,3478964,1.7812,396395,-87,-0.006,27.508,1044554,0,0,0,0.0,-89,-0.006,2,8174,128,,0,0,0,False,84.0,92.0,98.0,84.67,60.0,116.0,84.0,0,0,53.0,52.0,84.7,3495,0,0,True,False,False
modular,64,5,5000000,2.56,200,1,0.3003,0.421,1447432,681469,765963,681469,0,4819701,2269175,2467687006,2.4677,3.3931,1.1618,765963,0,52.919,52.919,False,99.89,0.0,0.0,0.01,1.48,10572,432.8,0.0,0,False,False,681472,2269185,1.1618,765960,-3,-0.0,52.919,681451,0,0,0,0.0,-21,-0.001,18,5333,128,,0,0,0,False,125.0,130.0,134.0,124.92,111.0,191.0,125.0,0,0,53.0,52.0,84.8,3500,0,0,True,False,False
rxonly,64,5,6000000,3.072,167,1,0.3002,0.432,1797197,1797030,167,1797030,1797061,5985898,5985342,3064780121,3.0648,4.2141,3.0645,167,0,0.009,0.009,True,62.99,0.01,37.22,0.0,0.95,84,103.5,0.0,0,False,False,,,,,,,,,,,,,,,,0,128,,0,0,0,False,,,,,,,,0,0,53.0,52.0,58.4,3500,0,0,True,False,False
baseline,64,5,6000000,3.072,167,1,0.3002,0.42,1796797,1796797,0,1796871,0,5984847,5985093,3064241820,3.0642,4.2133,3.0644,-74,-74,-0.004,0.0,False,45.72,0.02,36.373,0.007,0.56,31,117.1,0.0,0,False,False,1796680,5984457,3.064,117,191,0.011,0.007,1796880,0,0,0,0.0,200,0.011,-9,14052,128,,0,0,0,False,20.0,26.0,30.0,20.18,4.0,45.0,20.0,0,0,53.0,52.0,45.2,3497,0,0,True,False,False
p1_static,64,5,6000000,3.072,167,1,0.3002,0.423,1796577,1796523,54,1796523,0,5983927,5983747,3063771044,3.0638,4.2127,3.0637,54,0,0.003,0.003,False,70.29,0.01,18.892,0.003,0.65,35,103.4,0.0,0,False,False,1796425,5983421,3.0635,152,98,0.005,0.008,1796455,0,0,0,0.0,30,0.002,68,14050,128,,0,0,0,False,19.0,32.0,39.0,20.05,4.0,119.0,19.0,0,0,53.0,52.0,63.0,3502,0,0,True,False,False
hardcoded,64,5,6000000,3.072,167,1,0.3003,0.43,1797572,1797427,145,1797427,0,5986194,5985711,3064931757,3.0649,4.2143,3.0647,145,0,0.008,0.008,False,78.16,0.01,13.823,0.0,0.58,43,114.4,0.0,0,False,False,1797530,5986054,3.0649,42,-103,-0.006,0.002,1797360,0,0,0,0.0,-170,-0.009,67,14063,128,,0,0,0,False,19.0,31.0,39.0,19.89,4.0,45.0,19.0,0,0,53.0,52.0,67.4,3499,0,0,True,False,False
template,64,5,6000000,3.072,167,1,0.3002,0.426,1663940,1005555,658385,1005555,0,5542169,3349252,2837590613,2.8376,3.9017,1.7148,658385,0,39.568,39.568,False,99.92,0.01,0.0,0.013,0.78,13444,419.6,0.0,0,True,False,1005666,3349622,1.715,658274,-111,-0.007,39.561,1005544,0,0,0,0.0,-122,-0.007,11,7867,128,,0,0,0,False,82.0,91.0,99.0,83.09,69.0,116.0,82.0,0,0,53.0,52.0,83.9,3498,0,0,True,False,False
modular,64,5,6000000,3.072,167,1,0.3003,0.429,1683136,685301,997835,685301,0,5604616,2281959,2869563413,2.8696,3.9456,1.1684,997835,0,59.284,59.284,False,100.22,0.02,0.0,0.017,1.01,12297,406.2,0.0,0,True,False,685248,2281783,1.1683,997888,53,0.003,59.287,685297,0,0,0,0.0,49,0.003,4,5364,128,,0,0,0,False,131.0,136.0,143.0,130.89,105.0,177.0,131.0,0,0,53.0,52.0,83.4,3502,0,0,True,False,False
rxonly,64,5,7000000,3.584,143,1,0.3002,0.427,2098211,2098211,0,2098307,2098414,6989217,6989536,3578479113,3.5785,4.9204,3.5786,-96,-96,-0.005,0.0,True,60.7,0.01,42.771,0.003,0.71,305,110.4,0.0,0,False,False,,,,,,,,,,,,,,,,0,128,,0,0,0,False,,,,,,,,0,0,53.0,51.0,58.1,3501,0,0,True,False,False
baseline,64,5,7000000,3.584,143,1,0.3002,0.418,2097417,2097165,252,2097165,0,6985933,6985094,3576798033,3.5768,4.9181,3.5764,252,0,0.012,0.012,False,51.17,0.01,35.446,0.0,0.35,1269,136.0,0.0,0,False,False,2097482,6986150,3.5769,-65,-317,-0.015,-0.003,2097160,0,0,0,0.0,-322,-0.015,5,16404,128,,0,0,0,False,18.0,25.0,34.0,18.48,4.0,45.0,18.0,0,0,53.0,51.0,49.8,3503,0,0,True,False,False
p1_static,64,5,7000000,3.584,143,1,0.3004,0.435,2084832,2084443,389,2084443,0,6939906,6938611,3553232187,3.5532,4.8857,3.5526,389,0,0.019,0.019,False,82.77,0.01,11.527,0.007,0.38,846,130.3,0.0,0,False,False,2084625,6939217,3.5529,207,-182,-0.009,0.01,2084446,0,0,0,0.0,-179,-0.009,-3,16318,128,,0,0,0,False,17.0,29.0,37.0,17.91,4.0,64.0,17.0,0,0,53.0,52.0,70.5,3495,0,0,True,False,False
hardcoded,64,5,7000000,3.584,143,1,0.3004,0.425,2080289,2080289,0,2080291,0,6924300,6924306,3545241692,3.5452,4.8747,3.5452,-2,-2,-0.0,0.0,False,89.29,0.01,7.126,0.01,0.38,1255,134.1,0.0,0,False,False,2079988,6923298,3.5447,301,303,0.015,0.014,2080191,0,0,0,0.0,203,0.01,100,16284,128,,0,0,0,False,17.0,30.0,38.0,18.36,3.0,65.0,17.0,0,0,54.0,52.0,76.6,3500,0,0,True,False,False
template,64,5,7000000,3.584,143,1,0.3003,0.428,1899826,1043254,856572,1043254,0,6326127,3473874,3238977218,3.239,4.4536,1.7786,856572,0,45.087,45.087,False,99.89,0.0,0.0,0.01,0.6,16637,390.6,0.0,0,True,False,1043328,3474121,1.7788,856498,-74,-0.004,45.083,1043253,0,0,0,0.0,-75,-0.004,1,8164,128,,0,0,0,False,84.0,87.0,91.0,83.67,68.0,111.0,84.0,0,0,53.0,53.0,83.6,3495,0,0,True,False,False
modular,64,5,7000000,3.584,143,1,0.3003,0.418,1905266,692859,1212407,692859,0,6344352,2307153,3248308643,3.2483,4.4664,1.1813,1212407,0,63.635,63.635,False,99.9,0.0,0.0,0.01,0.73,15529,421.6,0.0,0,True,False,692768,2306850,1.1811,1212498,91,0.005,63.639,692870,0,0,0,0.0,102,0.005,-11,5421,128,,0,0,0,False,123.0,126.0,129.0,122.86,110.0,146.0,123.0,0,0,54.0,53.0,85.5,3497,0,0,True,False,False
rxonly,64,5,8000000,4.096,125,1,0.3002,0.426,2400200,2399405,795,2399405,2399469,7994218,7991570,4093039737,4.093,5.6279,4.0917,795,0,0.033,0.033,True,60.27,0.01,37.703,0.0,0.54,1703,126.4,0.0,0,False,False,,,,,,,,,,,,,,,,0,128,,0,0,0,False,,,,,,,,0,0,53.0,51.0,56.7,3499,0,0,True,False,False
baseline,64,5,8000000,4.096,125,1,0.3004,0.422,2379022,2378939,83,2378939,0,7920112,7919836,4055097855,4.0551,5.5758,4.055,83,0,0.003,0.003,False,55.76,0.01,34.606,0.0,0.19,1238,156.1,0.0,0,False,False,2378695,7919024,4.0545,327,244,0.01,0.014,2378887,0,0,0,0.0,192,0.008,52,18615,128,,0,0,0,False,16.0,24.0,34.0,16.77,3.0,85.0,16.0,0,0,53.0,51.0,53.3,3498,0,0,True,False,False
p1_static,64,5,8000000,4.096,125,1,0.3005,0.42,2368357,2368286,71,2368286,0,7882623,7882387,4035903172,4.0359,5.5494,4.0358,71,0,0.003,0.003,False,94.29,0.01,3.768,0.01,0.23,3294,146.8,0.0,0,False,False,2367261,7878975,4.034,1096,1025,0.043,0.046,2368385,0,0,0,0.0,1124,0.047,-99,18534,128,,0,0,0,False,14.0,28.0,37.0,16.04,3.0,60.0,14.0,0,0,54.0,52.0,81.4,3497,0,0,True,False,False
hardcoded,64,5,8000000,4.096,125,1,0.3004,0.427,2391670,2374847,16823,2374847,0,7962150,7906144,4076620983,4.0766,5.6054,4.0479,16823,0,0.703,0.703,False,99.75,0.0,0.06,0.01,0.2,2709,151.1,0.0,0,False,False,2374589,7905285,4.0475,17081,258,0.011,0.714,2374559,0,0,0,0.0,-30,-0.001,288,18581,128,,0,0,0,False,14.0,40.0,44.0,20.85,4.0,61.0,14.0,0,0,54.0,52.0,83.5,3501,0,0,True,False,False
template,64,5,8000000,4.096,125,1,0.3003,0.423,2155056,1017772,1137284,1017772,0,7176407,3389214,3674320761,3.6743,5.0522,1.7353,1137284,0,52.773,52.773,False,100.23,0.0,0.0,0.013,0.31,18858,419.3,0.0,0,True,False,1017664,3388854,1.7351,1137392,108,0.005,52.778,1017777,0,0,0,0.0,113,0.005,-5,7962,128,,0,0,0,False,79.0,92.0,97.0,80.58,40.0,117.0,79.0,0,0,54.0,53.0,84.5,3499,0,0,True,False,False
modular,64,5,8000000,4.096,125,1,0.3003,0.428,2166127,698626,1467501,698626,0,7213868,2326639,3693500868,3.6935,5.0786,1.1912,1467501,0,67.748,67.748,False,100.24,0.0,0.0,0.007,0.47,15293,371.6,0.0,0,True,False,698576,2326472,1.1912,1467551,50,0.002,67.75,698623,0,0,0,0.0,47,0.002,3,5467,128,,0,0,0,False,111.0,115.0,135.0,111.78,102.0,167.0,111.0,0,0,54.0,53.0,83.7,3500,0,0,True,False,False
rxonly,64,5,9000000,4.608,111,1,0.3002,0.437,2700126,2699887,239,2699887,2699744,8993151,8992355,4604493580,4.6045,6.3312,4.6041,239,0,0.009,0.009,True,58.58,0.01,36.63,0.0,0.4,4974,131.4,0.0,0,False,False,,,,,,,,,,,,,,,,0,256,,0,0,0,False,,,,,,,,0,0,54.0,52.0,54.3,3497,0,0,True,False,False
baseline,64,5,9000000,4.608,111,1,0.3004,0.419,2554051,2542890,11161,2542890,0,8502262,8465108,4353158569,4.3532,5.9856,4.3341,11161,0,0.437,0.437,False,58.78,0.02,27.63,0.0,0.04,14658,385.8,0.0,0,True,False,2540576,8457405,4.3302,13475,2314,0.091,0.528,2543037,0,0,0,0.0,2461,0.096,-147,9941,256,,0,0,0,False,16.0,28.0,37.0,16.95,2.0,79.0,16.0,0,0,54.0,52.0,54.7,3500,0,0,True,False,False
p1_static,64,5,9000000,4.608,111,1,0.3003,0.434,2678769,2570452,108317,2570452,0,8920400,8559701,4567245230,4.5672,6.28,4.3826,108317,0,4.044,4.044,False,99.76,0.01,0.067,0.02,0.06,5516,271.9,0.0,0,False,False,2571187,8562148,4.3838,107582,-735,-0.027,4.016,2570371,0,0,0,0.0,-816,-0.03,81,10058,256,,0,0,0,False,34.0,38.0,41.0,33.97,9.0,57.0,34.0,0,0,54.0,52.0,82.5,3495,0,0,True,False,False
hardcoded,64,5,9000000,4.608,111,1,0.3004,0.431,2633190,2433166,200024,2433166,0,8764561,8098782,4487455472,4.4875,6.1703,4.1466,200024,0,7.596,7.596,False,99.92,0.0,0.113,0.01,0.06,9249,328.4,0.0,0,False,False,2432316,8095953,4.1451,200874,850,0.032,7.629,2433297,0,0,0,0.0,981,0.037,-131,9522,256,,0,0,0,False,36.0,40.0,43.0,36.28,17.0,64.0,36.0,0,0,54.0,52.0,83.2,3498,0,0,True,False,False
template,64,5,9000000,4.608,111,1,0.3004,0.419,2292356,1045891,1246465,1045891,0,7632041,3482130,3907605038,3.9076,5.373,1.7829,1246465,0,54.375,54.375,False,99.88,0.0,0.0,0.01,0.14,28780,519.9,0.0,0,True,False,1045630,3481261,1.7824,1246726,261,0.011,54.386,1045921,0,0,0,0.0,291,0.013,-30,4092,256,,0,0,0,False,80.0,84.0,95.0,80.75,70.0,106.0,80.0,0,0,54.0,52.0,85.3,3498,0,0,True,False,False
modular,64,5,9000000,4.608,111,1,0.3003,0.422,2358723,692839,1665884,692839,0,7853898,2306963,4021195942,4.0212,5.5291,1.1812,1665884,0,70.627,70.627,False,99.89,0.01,0.0,0.013,0.26,32922,490.9,0.0,0,True,False,692800,2306833,1.1811,1665923,39,0.002,70.628,692851,0,0,0,0.0,51,0.002,-12,2711,256,,0,0,0,False,113.0,118.0,133.0,113.51,104.0,175.0,113.0,0,0,54.0,52.0,84.8,3496,0,0,True,False,False
rxonly,64,5,10000000,5.12,100,1,0.3002,0.421,2993608,2993270,338,2993270,2993301,9972428,9971302,5105883377,5.1059,7.0206,5.1053,338,0,0.011,0.011,True,54.68,0.01,43.11,0.007,0.24,7835,153.0,0.0,0,False,False,,,,,,,,,,,,,,,,0,256,,0,0,0,False,,,,,,,,0,0,53.0,52.0,54.5,3496,0,0,True,False,False
baseline,64,5,10000000,5.12,100,1,0.3004,0.426,2745887,2714243,31644,2714243,0,9140528,9035192,4679950788,4.68,6.4349,4.626,31644,0,1.152,1.152,False,61.45,0.01,26.913,0.007,0.01,96983,976.4,0.0,0,True,False,2710412,9022439,4.6195,35475,3831,0.14,1.292,2714429,0,0,0,0.0,4017,0.146,-186,10607,256,,0,0,0,False,15.0,29.0,37.0,16.52,3.0,59.0,15.0,0,0,54.0,52.0,56.4,3500,0,0,True,False,False
p1_static,64,5,10000000,5.12,100,1,0.3004,0.425,2805177,2575813,229364,2575813,0,9337545,8574065,4780823317,4.7808,6.5736,4.3899,229364,0,8.176,8.176,False,99.68,0.01,0.087,0.013,0.0,73010,985.6,0.0,0,True,False,2575833,8574132,4.39,229344,-20,-0.001,8.176,2575798,0,0,0,0.0,-35,-0.001,15,10083,256,,0,0,0,False,33.0,38.0,41.0,33.66,9.0,53.0,33.0,0,0,54.0,52.0,83.9,3496,0,0,True,False,False
hardcoded,64,5,10000000,5.12,100,1,0.3004,0.425,2675724,2416297,259427,2416297,0,8908241,8044535,4561019795,4.561,6.2714,4.1188,259427,0,9.696,9.696,False,99.74,0.01,0.07,0.017,0.0,217474,1259.2,0.0,0,True,False,2416443,8045022,4.1191,259281,-146,-0.005,9.69,2416267,0,0,0,0.0,-176,-0.007,30,9457,256,,0,0,0,False,36.0,42.0,44.0,36.47,10.0,89.0,36.0,0,0,54.0,52.0,84.0,3496,0,0,True,False,False
template,64,5,10000000,5.12,100,1,0.3002,0.419,2562856,1045766,1517090,1045766,0,8537193,3483577,4371043029,4.371,6.0102,1.7836,1517090,0,59.195,59.195,False,99.92,0.02,0.0,0.023,0.09,48767,552.8,0.0,0,True,False,1046416,3485742,1.7847,1516440,-650,-0.025,59.17,1045761,0,0,0,0.0,-655,-0.026,5,4092,256,,0,0,0,False,75.0,87.0,97.0,77.73,68.0,119.0,75.0,0,0,54.0,53.0,85.3,3495,0,0,True,False,False
modular,64,5,10000000,5.12,100,1,0.3003,0.425,2566934,670515,1896419,670515,0,8548002,2232844,4376577357,4.3766,6.0178,1.1432,1896419,0,73.879,73.879,False,100.23,0.0,0.0,0.013,0.13,69557,631.3,0.0,0,True,False,670383,2232404,1.143,1896551,132,0.005,73.884,670527,0,0,0,0.0,144,0.006,-12,2624,256,,0,0,0,False,135.0,138.0,141.0,133.93,110.0,166.0,135.0,0,0,54.0,53.0,84.2,3496,0,0,True,False,False
rxonly,64,5,11000000,5.632,91,1,0.3003,0.424,3279315,3279315,0,3280397,3280306,10919119,10922721,5590588949,5.5906,7.6871,5.5924,-1082,-1082,-0.033,0.0,True,57.09,0.01,32.458,0.003,0.19,14383,189.1,0.0,0,False,False,,,,,,,,,,,,,,,,0,256,,0,0,0,False,,,,,,,,0,0,54.0,52.0,53.5,3495,0,0,True,False,False
baseline,64,5,11000000,5.632,91,1,0.3004,0.419,2658536,2634823,23713,2634823,0,8850034,8771095,4531217550,4.5312,6.2304,4.4908,23713,0,0.892,0.892,False,59.07,0.01,28.183,0.003,0.0,1412563,1343.2,0.0,0,True,False,2629355,8752893,4.4815,29181,5468,0.206,1.098,2634697,0,0,0,0.0,5342,0.201,126,10289,256,,0,0,0,False,16.0,29.0,38.0,16.74,3.0,72.0,16.0,0,0,54.0,52.0,55.5,3499,0,0,True,False,False
p1_static,64,5,11000000,5.632,91,1,0.3006,0.424,2781555,2611759,169796,2611759,0,9253468,8688604,4737776073,4.7378,6.5144,4.4486,169796,0,6.104,6.104,False,99.71,0.01,0.04,0.013,0.0,1570671,1420.8,0.0,0,True,False,2612017,8689462,4.449,169538,-258,-0.009,6.095,2611830,0,0,0,0.0,-187,-0.007,-71,10229,256,,0,0,0,False,34.0,38.0,41.0,34.01,12.0,61.0,34.0,0,0,54.0,52.0,84.6,3494,0,0,True,False,False
hardcoded,64,5,11000000,5.632,91,1,0.3004,0.428,2659842,2436289,223553,2436289,0,8854765,8110545,4533640090,4.5336,6.2338,4.1526,223553,0,8.405,8.405,False,99.66,0.0,0.09,0.013,0.0,1383150,1405.3,0.0,0,True,False,2435828,8109010,4.1518,224014,461,0.017,8.422,2436072,0,0,0,0.0,244,0.009,217,9533,256,,0,0,0,False,36.0,42.0,45.0,36.48,19.0,82.0,36.0,0,0,54.0,52.0,83.4,3501,0,0,True,False,False
template,64,5,11000000,5.632,91,1,0.3003,0.422,2579868,1005255,1574613,1005255,0,8590137,3347178,4398150374,4.3982,6.0475,1.7138,1574613,0,61.035,61.035,False,99.89,0.01,0.0,0.017,0.01,283638,994.6,0.0,0,True,False,1004928,3346089,1.7132,1574940,327,0.013,61.047,1005318,0,0,0,0.0,390,0.015,-63,3932,256,,0,0,0,False,86.0,89.0,93.0,85.35,73.0,113.0,86.0,0,0,54.0,53.0,84.9,3497,0,0,True,False,False
modular,64,5,11000000,5.632,91,1,0.3003,0.423,2751440,678778,2072662,678778,0,9162270,2260324,4691082595,4.6911,6.4502,1.1573,2072662,0,75.33,75.33,False,99.88,0.02,0.0,0.017,0.03,134362,866.0,0.0,0,True,False,678718,2260124,1.1572,2072722,60,0.002,75.332,678779,0,0,0,0.0,61,0.002,-1,2656,256,,0,0,0,False,132.0,139.0,146.0,132.89,107.0,179.0,132.0,0,0,54.0,53.0,84.5,3497,0,0,True,False,False
rxonly,64,5,12000000,6.144,83,1,0.3003,0.423,3543917,3533280,10637,3533280,3533215,11802279,11766855,6042767060,6.0428,8.3088,6.0246,10637,0,0.3,0.3,True,56.13,0.01,34.195,0.003,0.11,31187,247.0,0.0,0,False,False,,,,,,,,,,,,,,,,0,256,,0,0,0,False,,,,,,,,0,0,54.0,52.0,53.0,3493,0,0,True,False,False
baseline,64,5,12000000,6.144,83,1,0.3004,0.423,2658178,2626919,31259,2626919,0,8849462,8745397,4530925045,4.5309,6.23,4.4776,31259,0,1.176,1.176,False,58.93,0.01,24.356,0.003,0.0,2055262,1258.4,0.0,0,True,False,2623827,8735103,4.4724,34351,3092,0.116,1.292,2626767,0,0,0,0.0,2940,0.111,152,10266,256,,0,0,0,False,17.0,30.0,38.0,17.35,3.0,69.0,17.0,0,0,54.0,52.0,54.6,3501,0,0,True,False,False
p1_static,64,5,12000000,6.144,83,1,0.3004,0.424,2770209,2560737,209472,2560737,0,9223034,8525626,4722193773,4.7222,6.493,4.3651,209472,0,7.562,7.562,False,99.68,0.01,0.09,0.013,0.0,2406080,1309.1,0.0,0,True,False,2560660,8525369,4.365,209549,77,0.003,7.564,2560800,0,0,0,0.0,140,0.005,-63,10021,256,,0,0,0,False,34.0,40.0,42.0,34.43,13.0,79.0,34.0,0,0,54.0,52.0,83.9,3499,0,0,True,False,False
hardcoded,64,5,12000000,6.144,83,1,0.3003,0.42,2653975,2391436,262539,2391436,0,8838251,7963945,4525184759,4.5252,6.2221,4.0775,262539,0,9.892,9.892,False,99.75,0.01,0.063,0.013,0.0,2215844,1304.8,0.0,0,True,False,2391593,7964468,4.0778,262382,-157,-0.006,9.886,2391476,0,0,0,0.0,-117,-0.004,-40,9357,256,,0,0,0,False,37.0,42.0,46.0,37.27,10.0,60.0,37.0,0,0,54.0,52.0,84.9,3500,0,0,True,False,False
template,64,5,12000000,6.144,83,1,0.3003,0.428,2725327,1043668,1681659,1043668,0,9075150,3475342,4646476868,4.6465,6.3889,1.7794,1681659,0,61.705,61.705,False,99.9,0.0,0.0,0.01,0.0,578517,1070.2,0.0,0,True,False,1043773,3475691,1.7796,1681554,-105,-0.004,61.701,1043644,0,0,0,0.0,-129,-0.005,24,4084,256,,0,0,0,False,75.0,81.0,91.0,76.14,67.0,106.0,75.0,0,0,54.0,53.0,83.9,3496,0,0,True,False,False
modular,64,5,12000000,6.144,83,1,0.3002,0.419,2803709,676451,2127258,676451,0,9338351,2253064,4781235836,4.7812,6.5742,1.1536,2127258,0,75.873,75.873,False,100.25,0.01,0.0,0.013,0.0,470876,1038.9,0.0,0,True,False,676415,2252944,1.1535,2127294,36,0.001,75.874,676441,0,0,0,0.0,26,0.001,10,2647,256,,0,0,0,False,129.0,135.0,140.0,129.09,115.0,169.0,129.0,0,0,54.0,53.0,85.2,3501,0,0,True,False,False
